[17Jun2025 23:51:38.682] [main/INFO] [cpw.mods.modlauncher.Launcher/MODLAUNCHER]: ModLauncher running: args [--launchTarget, forgeclientuserdev, --version, MOD_DEV, --assetIndex, 5, --assetsDir, C:\Users\Daniil\.gradle\caches\forge_gradle\assets, --gameDir, ., --fml.forgeVersion, 47.2.0, --fml.mcVersion, 1.20.1, --fml.forgeGroup, net.minecraftforge, --fml.mcpVersion, 20230612.114412]
[17Jun2025 23:51:38.685] [main/INFO] [cpw.mods.modlauncher.Launcher/MODLAUNCHER]: ModLauncher 10.0.9+10.0.9+main.dcd20f30 starting: java version 17.0.12 by Amazon.com Inc.; OS Windows 11 arch amd64 version 10.0
[17Jun2025 23:51:38.786] [main/INFO] [net.minecraftforge.fml.loading.ImmediateWindowHandler/]: Loading ImmediateWindowProvider fmlearlywindow
[17Jun2025 23:51:38.856] [main/INFO] [EARLYDISPLAY/]: Trying GL version 4.6
[17Jun2025 23:51:39.042] [main/INFO] [EARLYDISPLAY/]: Requested GL version 4.6 got version 4.6
[17Jun2025 23:51:39.137] [main/INFO] [mixin/]: SpongePowered MIXIN Subsystem Version=0.8.5 Source=union:/C:/Users/Daniil/.gradle/caches/modules-2/files-2.1/org.spongepowered/mixin/0.8.5/9d1c0c3a304ae6697ecd477218fa61b850bf57fc/mixin-0.8.5.jar%23128!/ Service=ModLauncher Env=CLIENT
[17Jun2025 23:51:39.180] [pool-2-thread-1/INFO] [EARLYDISPLAY/]: GL info: NVIDIA GeForce RTX 4060/PCIe/SSE2 GL version 4.6.0 NVIDIA 576.40, NVIDIA Corporation
[17Jun2025 23:51:39.422] [main/WARN] [net.minecraftforge.fml.loading.moddiscovery.ModFileParser/LOADING]: Mod file C:\Users\Daniil\.gradle\caches\modules-2\files-2.1\net.minecraftforge\javafmllanguage\1.20.1-47.2.0\7f9181f85acc66547685a72020713fc8cbde98\javafmllanguage-1.20.1-47.2.0.jar is missing mods.toml file
[17Jun2025 23:51:39.426] [main/WARN] [net.minecraftforge.fml.loading.moddiscovery.ModFileParser/LOADING]: Mod file C:\Users\Daniil\.gradle\caches\modules-2\files-2.1\net.minecraftforge\lowcodelanguage\1.20.1-47.2.0\7872f5205685fdd26fae39b1be79b0e60ca5b7bd\lowcodelanguage-1.20.1-47.2.0.jar is missing mods.toml file
[17Jun2025 23:51:39.428] [main/WARN] [net.minecraftforge.fml.loading.moddiscovery.ModFileParser/LOADING]: Mod file C:\Users\Daniil\.gradle\caches\modules-2\files-2.1\net.minecraftforge\mclanguage\1.20.1-47.2.0\d501d161cabed08b3c139a2c6217b02a39f3c3e9\mclanguage-1.20.1-47.2.0.jar is missing mods.toml file
[17Jun2025 23:51:39.431] [main/WARN] [net.minecraftforge.fml.loading.moddiscovery.ModFileParser/LOADING]: Mod file C:\Users\Daniil\.gradle\caches\modules-2\files-2.1\net.minecraftforge\fmlcore\1.20.1-47.2.0\ffd3c6debac0a388c9e33ac43c9f5eafb91cb466\fmlcore-1.20.1-47.2.0.jar is missing mods.toml file
[17Jun2025 23:51:39.489] [main/INFO] [net.minecraftforge.fml.loading.moddiscovery.JarInJarDependencyLocator/]: No dependencies to load found. Skipping!
[17Jun2025 23:51:40.516] [main/INFO] [cpw.mods.modlauncher.LaunchServiceHandler/MODLAUNCHER]: Launching target 'forgeclientuserdev' with arguments [--version, MOD_DEV, --gameDir, ., --assetsDir, C:\Users\Daniil\.gradle\caches\forge_gradle\assets, --assetIndex, 5]
[17Jun2025 23:51:43.125] [Datafixer Bootstrap/INFO] [com.mojang.datafixers.DataFixerBuilder/]: 188 Datafixer optimizations took 110 milliseconds
[17Jun2025 23:51:44.301] [Render thread/WARN] [net.minecraft.server.packs.VanillaPackResourcesBuilder/]: Assets URL 'union:/C:/Users/Daniil/IdeaProjects/Simple-Missiles-Mod-Revamp/build/fg_cache/net/minecraftforge/forge/1.20.1-47.2.0_mapped_parchment_2023.09.03-1.20.1/forge-1.20.1-47.2.0_mapped_parchment_2023.09.03-1.20.1.jar%23191!/assets/.mcassetsroot' uses unexpected schema
[17Jun2025 23:51:44.301] [Render thread/WARN] [net.minecraft.server.packs.VanillaPackResourcesBuilder/]: Assets URL 'union:/C:/Users/Daniil/IdeaProjects/Simple-Missiles-Mod-Revamp/build/fg_cache/net/minecraftforge/forge/1.20.1-47.2.0_mapped_parchment_2023.09.03-1.20.1/forge-1.20.1-47.2.0_mapped_parchment_2023.09.03-1.20.1.jar%23191!/data/.mcassetsroot' uses unexpected schema
[17Jun2025 23:51:44.318] [Render thread/INFO] [com.mojang.authlib.yggdrasil.YggdrasilAuthenticationService/]: Environment: authHost='https://authserver.mojang.com', accountsHost='https://api.mojang.com', sessionHost='https://sessionserver.mojang.com', servicesHost='https://api.minecraftservices.com', name='PROD'
[17Jun2025 23:51:44.323] [Render thread/INFO] [net.minecraft.client.Minecraft/]: Setting user: Dev
[17Jun2025 23:51:44.393] [Render thread/INFO] [net.minecraft.client.Minecraft/]: Backend library: LWJGL version 3.3.1 build 7
[17Jun2025 23:51:44.600] [modloading-worker-0/INFO] [net.minecraftforge.common.ForgeMod/FORGEMOD]: Forge mod loading, version 47.2.0, for MC 1.20.1 with MCP 20230612.114412
[17Jun2025 23:51:44.600] [modloading-worker-0/INFO] [net.minecraftforge.common.MinecraftForge/FORGE]: MinecraftForge v47.2.0 Initialized
[17Jun2025 23:51:45.293] [Render thread/INFO] [net.minecraftforge.gametest.ForgeGameTestHooks/]: Enabled Gametest Namespaces: []
[17Jun2025 23:51:45.370] [Render thread/INFO] [net.minecraft.server.packs.resources.ReloadableResourceManager/]: Reloading ResourceManager: vanilla, mod_resources
[17Jun2025 23:51:45.463] [Worker-Main-5/INFO] [net.minecraft.client.gui.font.providers.UnihexProvider/]: Found unifont_all_no_pua-15.0.06.hex, loading
[17Jun2025 23:51:45.477] [Forge Version Check/INFO] [net.minecraftforge.fml.VersionChecker/]: [forge] Starting version check at https://files.minecraftforge.net/net/minecraftforge/forge/promotions_slim.json
[17Jun2025 23:51:45.729] [Worker-Main-6/WARN] [net.minecraft.client.renderer.texture.SpriteLoader/]: Texture simplemissiles:block/binocularsoverlay2 with size 427x240 limits mip level from 2 to 0
[17Jun2025 23:51:45.955] [Forge Version Check/INFO] [net.minecraftforge.fml.VersionChecker/]: [forge] Found status: OUTDATED Current: 47.2.0 Target: 47.4.0
[17Jun2025 23:51:47.334] [Render thread/WARN] [net.minecraft.client.sounds.SoundEngine/]: Missing sound for event: minecraft:item.goat_horn.play
[17Jun2025 23:51:47.335] [Render thread/WARN] [net.minecraft.client.sounds.SoundEngine/]: Missing sound for event: minecraft:entity.goat.screaming.horn_break
[17Jun2025 23:51:47.367] [Render thread/INFO] [com.mojang.blaze3d.audio.Library/]: OpenAL initialized on device OpenAL Soft on Динамики (High Definition Audio Device)
[17Jun2025 23:51:47.367] [Render thread/INFO] [net.minecraft.client.sounds.SoundEngine/SOUNDS]: Sound engine started
[17Jun2025 23:51:47.438] [Render thread/INFO] [net.minecraft.client.renderer.texture.TextureAtlas/]: Created: 1024x1024x2 minecraft:textures/atlas/blocks.png-atlas
[17Jun2025 23:51:47.444] [Render thread/INFO] [net.minecraft.client.renderer.texture.TextureAtlas/]: Created: 256x256x2 minecraft:textures/atlas/signs.png-atlas
[17Jun2025 23:51:47.444] [Render thread/INFO] [net.minecraft.client.renderer.texture.TextureAtlas/]: Created: 512x512x2 minecraft:textures/atlas/shield_patterns.png-atlas
[17Jun2025 23:51:47.445] [Render thread/INFO] [net.minecraft.client.renderer.texture.TextureAtlas/]: Created: 512x512x2 minecraft:textures/atlas/banner_patterns.png-atlas
[17Jun2025 23:51:47.445] [Render thread/INFO] [net.minecraft.client.renderer.texture.TextureAtlas/]: Created: 1024x1024x2 minecraft:textures/atlas/armor_trims.png-atlas
[17Jun2025 23:51:47.446] [Render thread/INFO] [net.minecraft.client.renderer.texture.TextureAtlas/]: Created: 256x256x2 minecraft:textures/atlas/chest.png-atlas
[17Jun2025 23:51:47.448] [Render thread/INFO] [net.minecraft.client.renderer.texture.TextureAtlas/]: Created: 128x64x2 minecraft:textures/atlas/decorated_pot.png-atlas
[17Jun2025 23:51:47.448] [Render thread/INFO] [net.minecraft.client.renderer.texture.TextureAtlas/]: Created: 512x256x2 minecraft:textures/atlas/shulker_boxes.png-atlas
[17Jun2025 23:51:47.448] [Render thread/INFO] [net.minecraft.client.renderer.texture.TextureAtlas/]: Created: 512x256x2 minecraft:textures/atlas/beds.png-atlas
[17Jun2025 23:51:47.632] [Render thread/WARN] [net.minecraft.client.renderer.ShaderInstance/]: Shader rendertype_entity_translucent_emissive could not find sampler named Sampler2 in the specified shader program.
[17Jun2025 23:51:47.667] [Render thread/INFO] [net.minecraft.client.renderer.texture.TextureAtlas/]: Created: 256x512x0 minecraft:textures/atlas/particles.png-atlas
[17Jun2025 23:51:47.668] [Render thread/INFO] [net.minecraft.client.renderer.texture.TextureAtlas/]: Created: 256x256x0 minecraft:textures/atlas/paintings.png-atlas
[17Jun2025 23:51:47.668] [Render thread/INFO] [net.minecraft.client.renderer.texture.TextureAtlas/]: Created: 256x128x0 minecraft:textures/atlas/mob_effects.png-atlas
[17Jun2025 23:51:48.247] [Realms Notification Availability checker #1/INFO] [com.mojang.realmsclient.client.RealmsClient/]: Could not authorize you against Realms server: java.lang.RuntimeException: Failed to parse into SignedJWT: 0
[17Jun2025 23:52:24.470] [Render thread/INFO] [net.minecraftforge.registries.GameData/REGISTRIES]: Injecting existing registry data into this CLIENT instance
[17Jun2025 23:52:25.524] [Worker-Main-6/ERROR] [net.minecraft.tags.TagLoader/]: Couldn't load tag [simplemissiles:omega_entity_missile_faliing_empty (from main), simplemissiles:omega_missle_falling (from main), simplemissiles:omega_missle (from main), simplemissiles:trapdooropen (from main), simplemissiles:trapdoorclosed (from main)] as it is missing following references: simplemissiles:omega_entity_missile_faliing_empty (from main), 
	simplemissiles:omega_missle_falling (from main), 
	simplemissiles:omega_missle (from main), 
	simplemissiles:trapdooropen (from main), 
	simplemissiles:trapdoorclosed (from main)
[17Jun2025 23:52:25.525] [Worker-Main-6/ERROR] [net.minecraft.tags.TagLoader/]: Couldn't load tag [simplemissiles:omega_entity_missile_faliing_empty (from main), simplemissiles:omega_missle_falling (from main), simplemissiles:omega_missle (from main), simplemissiles:trapdooropen (from main), simplemissiles:trapdoorclosed (from main)] as it is missing following references: simplemissiles:omega_entity_missile_faliing_empty (from main), 
	simplemissiles:omega_missle_falling (from main), 
	simplemissiles:omega_missle (from main), 
	simplemissiles:trapdooropen (from main), 
	simplemissiles:trapdoorclosed (from main)
[17Jun2025 23:52:25.801] [Worker-Main-9/ERROR] [net.minecraftforge.common.ForgeHooks/]: Couldn't parse element loot_tables:simplemissiles:blocks/orbitallasershoot
com.google.gson.JsonSyntaxException: Expected name to be an item, was unknown string 'simplemissiles:orbitallasershoot'
	at net.minecraft.util.GsonHelper.lambda$convertToItem$0(GsonHelper.java:145) ~[forge-1.20.1-47.2.0_mapped_parchment_2023.09.03-1.20.1.jar%23191!/:?]
	at java.util.Optional.orElseThrow(Optional.java:403) ~[?:?]
	at net.minecraft.util.GsonHelper.convertToItem(GsonHelper.java:145) ~[forge-1.20.1-47.2.0_mapped_parchment_2023.09.03-1.20.1.jar%23191!/:?]
	at net.minecraft.util.GsonHelper.getAsItem(GsonHelper.java:153) ~[forge-1.20.1-47.2.0_mapped_parchment_2023.09.03-1.20.1.jar%23191!/:?]
	at net.minecraft.world.level.storage.loot.entries.LootItem$Serializer.deserialize(LootItem.java:55) ~[forge-1.20.1-47.2.0_mapped_parchment_2023.09.03-1.20.1.jar%23191!/:?]
	at net.minecraft.world.level.storage.loot.entries.LootItem$Serializer.deserialize(LootItem.java:40) ~[forge-1.20.1-47.2.0_mapped_parchment_2023.09.03-1.20.1.jar%23191!/:?]
	at net.minecraft.world.level.storage.loot.entries.LootPoolSingletonContainer$Serializer.deserializeCustom(LootPoolSingletonContainer.java:151) ~[forge-1.20.1-47.2.0_mapped_parchment_2023.09.03-1.20.1.jar%23191!/:?]
	at net.minecraft.world.level.storage.loot.entries.LootPoolSingletonContainer$Serializer.deserializeCustom(LootPoolSingletonContainer.java:129) ~[forge-1.20.1-47.2.0_mapped_parchment_2023.09.03-1.20.1.jar%23191!/:?]
	at net.minecraft.world.level.storage.loot.entries.LootPoolEntryContainer$Serializer.deserialize(LootPoolEntryContainer.java:86) ~[forge-1.20.1-47.2.0_mapped_parchment_2023.09.03-1.20.1.jar%23191!/:?]
	at net.minecraft.world.level.storage.loot.entries.LootPoolEntryContainer$Serializer.deserialize(LootPoolEntryContainer.java:74) ~[forge-1.20.1-47.2.0_mapped_parchment_2023.09.03-1.20.1.jar%23191!/:?]
	at net.minecraft.world.level.storage.loot.GsonAdapterFactory$JsonAdapter.deserialize(GsonAdapterFactory.java:102) ~[forge-1.20.1-47.2.0_mapped_parchment_2023.09.03-1.20.1.jar%23191!/:?]
	at com.google.gson.internal.bind.TreeTypeAdapter.read(TreeTypeAdapter.java:76) ~[gson-2.10.jar%23130!/:?]
	at com.google.gson.internal.bind.TypeAdapterRuntimeTypeWrapper.read(TypeAdapterRuntimeTypeWrapper.java:40) ~[gson-2.10.jar%23130!/:?]
	at com.google.gson.internal.bind.ArrayTypeAdapter.read(ArrayTypeAdapter.java:72) ~[gson-2.10.jar%23130!/:?]
	at com.google.gson.Gson.fromJson(Gson.java:1214) ~[gson-2.10.jar%23130!/:?]
	at com.google.gson.Gson.fromJson(Gson.java:1319) ~[gson-2.10.jar%23130!/:?]
	at com.google.gson.Gson.fromJson(Gson.java:1290) ~[gson-2.10.jar%23130!/:?]
	at com.google.gson.internal.bind.TreeTypeAdapter$GsonContextImpl.deserialize(TreeTypeAdapter.java:179) ~[gson-2.10.jar%23130!/:?]
	at net.minecraft.util.GsonHelper.convertToObject(GsonHelper.java:463) ~[forge-1.20.1-47.2.0_mapped_parchment_2023.09.03-1.20.1.jar%23191!/:?]
	at net.minecraft.util.GsonHelper.getAsObject(GsonHelper.java:471) ~[forge-1.20.1-47.2.0_mapped_parchment_2023.09.03-1.20.1.jar%23191!/:?]
	at net.minecraft.world.level.storage.loot.LootPool$Serializer.deserialize(LootPool.java:192) ~[forge-1.20.1-47.2.0_mapped_parchment_2023.09.03-1.20.1.jar%23191!/:?]
	at net.minecraft.world.level.storage.loot.LootPool$Serializer.deserialize(LootPool.java:189) ~[forge-1.20.1-47.2.0_mapped_parchment_2023.09.03-1.20.1.jar%23191!/:?]
	at com.google.gson.internal.bind.TreeTypeAdapter.read(TreeTypeAdapter.java:76) ~[gson-2.10.jar%23130!/:?]
	at com.google.gson.internal.bind.TypeAdapterRuntimeTypeWrapper.read(TypeAdapterRuntimeTypeWrapper.java:40) ~[gson-2.10.jar%23130!/:?]
	at com.google.gson.internal.bind.ArrayTypeAdapter.read(ArrayTypeAdapter.java:72) ~[gson-2.10.jar%23130!/:?]
	at com.google.gson.Gson.fromJson(Gson.java:1214) ~[gson-2.10.jar%23130!/:?]
	at com.google.gson.Gson.fromJson(Gson.java:1319) ~[gson-2.10.jar%23130!/:?]
	at com.google.gson.Gson.fromJson(Gson.java:1290) ~[gson-2.10.jar%23130!/:?]
	at com.google.gson.internal.bind.TreeTypeAdapter$GsonContextImpl.deserialize(TreeTypeAdapter.java:179) ~[gson-2.10.jar%23130!/:?]
	at net.minecraft.util.GsonHelper.convertToObject(GsonHelper.java:463) ~[forge-1.20.1-47.2.0_mapped_parchment_2023.09.03-1.20.1.jar%23191!/:?]
	at net.minecraft.util.GsonHelper.getAsObject(GsonHelper.java:481) ~[forge-1.20.1-47.2.0_mapped_parchment_2023.09.03-1.20.1.jar%23191!/:?]
	at net.minecraft.world.level.storage.loot.LootTable$Serializer.deserialize(LootTable.java:294) ~[forge-1.20.1-47.2.0_mapped_parchment_2023.09.03-1.20.1.jar%23191!/:?]
	at net.minecraft.world.level.storage.loot.LootTable$Serializer.deserialize(LootTable.java:291) ~[forge-1.20.1-47.2.0_mapped_parchment_2023.09.03-1.20.1.jar%23191!/:?]
	at com.google.gson.internal.bind.TreeTypeAdapter.read(TreeTypeAdapter.java:76) ~[gson-2.10.jar%23130!/:?]
	at com.google.gson.Gson.fromJson(Gson.java:1214) ~[gson-2.10.jar%23130!/:?]
	at com.google.gson.Gson.fromJson(Gson.java:1319) ~[gson-2.10.jar%23130!/:?]
	at com.google.gson.Gson.fromJson(Gson.java:1261) ~[gson-2.10.jar%23130!/:?]
	at net.minecraftforge.common.ForgeHooks.loadLootTable(ForgeHooks.java:871) ~[forge-1.20.1-47.2.0_mapped_parchment_2023.09.03-1.20.1.jar%23190%23197!/:?]
	at net.minecraftforge.common.ForgeHooks.lambda$getLootTableDeserializer$3(ForgeHooks.java:848) ~[forge-1.20.1-47.2.0_mapped_parchment_2023.09.03-1.20.1.jar%23190%23197!/:?]
	at net.minecraft.world.level.storage.loot.LootDataType.deserialize(LootDataType.java:45) ~[forge-1.20.1-47.2.0_mapped_parchment_2023.09.03-1.20.1.jar%23191!/:?]
	at net.minecraft.world.level.storage.loot.LootDataManager.lambda$scheduleElementParse$4(LootDataManager.java:56) ~[forge-1.20.1-47.2.0_mapped_parchment_2023.09.03-1.20.1.jar%23191!/:?]
	at java.util.HashMap.forEach(HashMap.java:1421) ~[?:?]
	at net.minecraft.world.level.storage.loot.LootDataManager.lambda$scheduleElementParse$5(LootDataManager.java:55) ~[forge-1.20.1-47.2.0_mapped_parchment_2023.09.03-1.20.1.jar%23191!/:?]
	at java.util.concurrent.CompletableFuture$AsyncRun.run(CompletableFuture.java:1804) ~[?:?]
	at java.util.concurrent.CompletableFuture$AsyncRun.exec(CompletableFuture.java:1796) ~[?:?]
	at java.util.concurrent.ForkJoinTask.doExec(ForkJoinTask.java:373) ~[?:?]
	at java.util.concurrent.ForkJoinPool$WorkQueue.topLevelExec(ForkJoinPool.java:1182) ~[?:?]
	at java.util.concurrent.ForkJoinPool.scan(ForkJoinPool.java:1655) ~[?:?]
	at java.util.concurrent.ForkJoinPool.runWorker(ForkJoinPool.java:1622) ~[?:?]
	at java.util.concurrent.ForkJoinWorkerThread.run(ForkJoinWorkerThread.java:165) ~[?:?]
[17Jun2025 23:52:25.807] [Worker-Main-9/ERROR] [net.minecraftforge.common.ForgeHooks/]: Couldn't parse element loot_tables:simplemissiles:blocks/omegacore
com.google.gson.JsonSyntaxException: Expected name to be an item, was unknown string 'simplemissiles:omegacore'
	at net.minecraft.util.GsonHelper.lambda$convertToItem$0(GsonHelper.java:145) ~[forge-1.20.1-47.2.0_mapped_parchment_2023.09.03-1.20.1.jar%23191!/:?]
	at java.util.Optional.orElseThrow(Optional.java:403) ~[?:?]
	at net.minecraft.util.GsonHelper.convertToItem(GsonHelper.java:145) ~[forge-1.20.1-47.2.0_mapped_parchment_2023.09.03-1.20.1.jar%23191!/:?]
	at net.minecraft.util.GsonHelper.getAsItem(GsonHelper.java:153) ~[forge-1.20.1-47.2.0_mapped_parchment_2023.09.03-1.20.1.jar%23191!/:?]
	at net.minecraft.world.level.storage.loot.entries.LootItem$Serializer.deserialize(LootItem.java:55) ~[forge-1.20.1-47.2.0_mapped_parchment_2023.09.03-1.20.1.jar%23191!/:?]
	at net.minecraft.world.level.storage.loot.entries.LootItem$Serializer.deserialize(LootItem.java:40) ~[forge-1.20.1-47.2.0_mapped_parchment_2023.09.03-1.20.1.jar%23191!/:?]
	at net.minecraft.world.level.storage.loot.entries.LootPoolSingletonContainer$Serializer.deserializeCustom(LootPoolSingletonContainer.java:151) ~[forge-1.20.1-47.2.0_mapped_parchment_2023.09.03-1.20.1.jar%23191!/:?]
	at net.minecraft.world.level.storage.loot.entries.LootPoolSingletonContainer$Serializer.deserializeCustom(LootPoolSingletonContainer.java:129) ~[forge-1.20.1-47.2.0_mapped_parchment_2023.09.03-1.20.1.jar%23191!/:?]
	at net.minecraft.world.level.storage.loot.entries.LootPoolEntryContainer$Serializer.deserialize(LootPoolEntryContainer.java:86) ~[forge-1.20.1-47.2.0_mapped_parchment_2023.09.03-1.20.1.jar%23191!/:?]
	at net.minecraft.world.level.storage.loot.entries.LootPoolEntryContainer$Serializer.deserialize(LootPoolEntryContainer.java:74) ~[forge-1.20.1-47.2.0_mapped_parchment_2023.09.03-1.20.1.jar%23191!/:?]
	at net.minecraft.world.level.storage.loot.GsonAdapterFactory$JsonAdapter.deserialize(GsonAdapterFactory.java:102) ~[forge-1.20.1-47.2.0_mapped_parchment_2023.09.03-1.20.1.jar%23191!/:?]
	at com.google.gson.internal.bind.TreeTypeAdapter.read(TreeTypeAdapter.java:76) ~[gson-2.10.jar%23130!/:?]
	at com.google.gson.internal.bind.TypeAdapterRuntimeTypeWrapper.read(TypeAdapterRuntimeTypeWrapper.java:40) ~[gson-2.10.jar%23130!/:?]
	at com.google.gson.internal.bind.ArrayTypeAdapter.read(ArrayTypeAdapter.java:72) ~[gson-2.10.jar%23130!/:?]
	at com.google.gson.Gson.fromJson(Gson.java:1214) ~[gson-2.10.jar%23130!/:?]
	at com.google.gson.Gson.fromJson(Gson.java:1319) ~[gson-2.10.jar%23130!/:?]
	at com.google.gson.Gson.fromJson(Gson.java:1290) ~[gson-2.10.jar%23130!/:?]
	at com.google.gson.internal.bind.TreeTypeAdapter$GsonContextImpl.deserialize(TreeTypeAdapter.java:179) ~[gson-2.10.jar%23130!/:?]
	at net.minecraft.util.GsonHelper.convertToObject(GsonHelper.java:463) ~[forge-1.20.1-47.2.0_mapped_parchment_2023.09.03-1.20.1.jar%23191!/:?]
	at net.minecraft.util.GsonHelper.getAsObject(GsonHelper.java:471) ~[forge-1.20.1-47.2.0_mapped_parchment_2023.09.03-1.20.1.jar%23191!/:?]
	at net.minecraft.world.level.storage.loot.LootPool$Serializer.deserialize(LootPool.java:192) ~[forge-1.20.1-47.2.0_mapped_parchment_2023.09.03-1.20.1.jar%23191!/:?]
	at net.minecraft.world.level.storage.loot.LootPool$Serializer.deserialize(LootPool.java:189) ~[forge-1.20.1-47.2.0_mapped_parchment_2023.09.03-1.20.1.jar%23191!/:?]
	at com.google.gson.internal.bind.TreeTypeAdapter.read(TreeTypeAdapter.java:76) ~[gson-2.10.jar%23130!/:?]
	at com.google.gson.internal.bind.TypeAdapterRuntimeTypeWrapper.read(TypeAdapterRuntimeTypeWrapper.java:40) ~[gson-2.10.jar%23130!/:?]
	at com.google.gson.internal.bind.ArrayTypeAdapter.read(ArrayTypeAdapter.java:72) ~[gson-2.10.jar%23130!/:?]
	at com.google.gson.Gson.fromJson(Gson.java:1214) ~[gson-2.10.jar%23130!/:?]
	at com.google.gson.Gson.fromJson(Gson.java:1319) ~[gson-2.10.jar%23130!/:?]
	at com.google.gson.Gson.fromJson(Gson.java:1290) ~[gson-2.10.jar%23130!/:?]
	at com.google.gson.internal.bind.TreeTypeAdapter$GsonContextImpl.deserialize(TreeTypeAdapter.java:179) ~[gson-2.10.jar%23130!/:?]
	at net.minecraft.util.GsonHelper.convertToObject(GsonHelper.java:463) ~[forge-1.20.1-47.2.0_mapped_parchment_2023.09.03-1.20.1.jar%23191!/:?]
	at net.minecraft.util.GsonHelper.getAsObject(GsonHelper.java:481) ~[forge-1.20.1-47.2.0_mapped_parchment_2023.09.03-1.20.1.jar%23191!/:?]
	at net.minecraft.world.level.storage.loot.LootTable$Serializer.deserialize(LootTable.java:294) ~[forge-1.20.1-47.2.0_mapped_parchment_2023.09.03-1.20.1.jar%23191!/:?]
	at net.minecraft.world.level.storage.loot.LootTable$Serializer.deserialize(LootTable.java:291) ~[forge-1.20.1-47.2.0_mapped_parchment_2023.09.03-1.20.1.jar%23191!/:?]
	at com.google.gson.internal.bind.TreeTypeAdapter.read(TreeTypeAdapter.java:76) ~[gson-2.10.jar%23130!/:?]
	at com.google.gson.Gson.fromJson(Gson.java:1214) ~[gson-2.10.jar%23130!/:?]
	at com.google.gson.Gson.fromJson(Gson.java:1319) ~[gson-2.10.jar%23130!/:?]
	at com.google.gson.Gson.fromJson(Gson.java:1261) ~[gson-2.10.jar%23130!/:?]
	at net.minecraftforge.common.ForgeHooks.loadLootTable(ForgeHooks.java:871) ~[forge-1.20.1-47.2.0_mapped_parchment_2023.09.03-1.20.1.jar%23190%23197!/:?]
	at net.minecraftforge.common.ForgeHooks.lambda$getLootTableDeserializer$3(ForgeHooks.java:848) ~[forge-1.20.1-47.2.0_mapped_parchment_2023.09.03-1.20.1.jar%23190%23197!/:?]
	at net.minecraft.world.level.storage.loot.LootDataType.deserialize(LootDataType.java:45) ~[forge-1.20.1-47.2.0_mapped_parchment_2023.09.03-1.20.1.jar%23191!/:?]
	at net.minecraft.world.level.storage.loot.LootDataManager.lambda$scheduleElementParse$4(LootDataManager.java:56) ~[forge-1.20.1-47.2.0_mapped_parchment_2023.09.03-1.20.1.jar%23191!/:?]
	at java.util.HashMap.forEach(HashMap.java:1421) ~[?:?]
	at net.minecraft.world.level.storage.loot.LootDataManager.lambda$scheduleElementParse$5(LootDataManager.java:55) ~[forge-1.20.1-47.2.0_mapped_parchment_2023.09.03-1.20.1.jar%23191!/:?]
	at java.util.concurrent.CompletableFuture$AsyncRun.run(CompletableFuture.java:1804) ~[?:?]
	at java.util.concurrent.CompletableFuture$AsyncRun.exec(CompletableFuture.java:1796) ~[?:?]
	at java.util.concurrent.ForkJoinTask.doExec(ForkJoinTask.java:373) ~[?:?]
	at java.util.concurrent.ForkJoinPool$WorkQueue.topLevelExec(ForkJoinPool.java:1182) ~[?:?]
	at java.util.concurrent.ForkJoinPool.scan(ForkJoinPool.java:1655) ~[?:?]
	at java.util.concurrent.ForkJoinPool.runWorker(ForkJoinPool.java:1622) ~[?:?]
	at java.util.concurrent.ForkJoinWorkerThread.run(ForkJoinWorkerThread.java:165) ~[?:?]
[17Jun2025 23:52:25.819] [Worker-Main-9/ERROR] [net.minecraftforge.common.ForgeHooks/]: Couldn't parse element loot_tables:simplemissiles:blocks/player_locator_overloaded
com.google.gson.JsonSyntaxException: Expected name to be an item, was unknown string 'simplemissiles:player_locator_overloaded'
	at net.minecraft.util.GsonHelper.lambda$convertToItem$0(GsonHelper.java:145) ~[forge-1.20.1-47.2.0_mapped_parchment_2023.09.03-1.20.1.jar%23191!/:?]
	at java.util.Optional.orElseThrow(Optional.java:403) ~[?:?]
	at net.minecraft.util.GsonHelper.convertToItem(GsonHelper.java:145) ~[forge-1.20.1-47.2.0_mapped_parchment_2023.09.03-1.20.1.jar%23191!/:?]
	at net.minecraft.util.GsonHelper.getAsItem(GsonHelper.java:153) ~[forge-1.20.1-47.2.0_mapped_parchment_2023.09.03-1.20.1.jar%23191!/:?]
	at net.minecraft.world.level.storage.loot.entries.LootItem$Serializer.deserialize(LootItem.java:55) ~[forge-1.20.1-47.2.0_mapped_parchment_2023.09.03-1.20.1.jar%23191!/:?]
	at net.minecraft.world.level.storage.loot.entries.LootItem$Serializer.deserialize(LootItem.java:40) ~[forge-1.20.1-47.2.0_mapped_parchment_2023.09.03-1.20.1.jar%23191!/:?]
	at net.minecraft.world.level.storage.loot.entries.LootPoolSingletonContainer$Serializer.deserializeCustom(LootPoolSingletonContainer.java:151) ~[forge-1.20.1-47.2.0_mapped_parchment_2023.09.03-1.20.1.jar%23191!/:?]
	at net.minecraft.world.level.storage.loot.entries.LootPoolSingletonContainer$Serializer.deserializeCustom(LootPoolSingletonContainer.java:129) ~[forge-1.20.1-47.2.0_mapped_parchment_2023.09.03-1.20.1.jar%23191!/:?]
	at net.minecraft.world.level.storage.loot.entries.LootPoolEntryContainer$Serializer.deserialize(LootPoolEntryContainer.java:86) ~[forge-1.20.1-47.2.0_mapped_parchment_2023.09.03-1.20.1.jar%23191!/:?]
	at net.minecraft.world.level.storage.loot.entries.LootPoolEntryContainer$Serializer.deserialize(LootPoolEntryContainer.java:74) ~[forge-1.20.1-47.2.0_mapped_parchment_2023.09.03-1.20.1.jar%23191!/:?]
	at net.minecraft.world.level.storage.loot.GsonAdapterFactory$JsonAdapter.deserialize(GsonAdapterFactory.java:102) ~[forge-1.20.1-47.2.0_mapped_parchment_2023.09.03-1.20.1.jar%23191!/:?]
	at com.google.gson.internal.bind.TreeTypeAdapter.read(TreeTypeAdapter.java:76) ~[gson-2.10.jar%23130!/:?]
	at com.google.gson.internal.bind.TypeAdapterRuntimeTypeWrapper.read(TypeAdapterRuntimeTypeWrapper.java:40) ~[gson-2.10.jar%23130!/:?]
	at com.google.gson.internal.bind.ArrayTypeAdapter.read(ArrayTypeAdapter.java:72) ~[gson-2.10.jar%23130!/:?]
	at com.google.gson.Gson.fromJson(Gson.java:1214) ~[gson-2.10.jar%23130!/:?]
	at com.google.gson.Gson.fromJson(Gson.java:1319) ~[gson-2.10.jar%23130!/:?]
	at com.google.gson.Gson.fromJson(Gson.java:1290) ~[gson-2.10.jar%23130!/:?]
	at com.google.gson.internal.bind.TreeTypeAdapter$GsonContextImpl.deserialize(TreeTypeAdapter.java:179) ~[gson-2.10.jar%23130!/:?]
	at net.minecraft.util.GsonHelper.convertToObject(GsonHelper.java:463) ~[forge-1.20.1-47.2.0_mapped_parchment_2023.09.03-1.20.1.jar%23191!/:?]
	at net.minecraft.util.GsonHelper.getAsObject(GsonHelper.java:471) ~[forge-1.20.1-47.2.0_mapped_parchment_2023.09.03-1.20.1.jar%23191!/:?]
	at net.minecraft.world.level.storage.loot.LootPool$Serializer.deserialize(LootPool.java:192) ~[forge-1.20.1-47.2.0_mapped_parchment_2023.09.03-1.20.1.jar%23191!/:?]
	at net.minecraft.world.level.storage.loot.LootPool$Serializer.deserialize(LootPool.java:189) ~[forge-1.20.1-47.2.0_mapped_parchment_2023.09.03-1.20.1.jar%23191!/:?]
	at com.google.gson.internal.bind.TreeTypeAdapter.read(TreeTypeAdapter.java:76) ~[gson-2.10.jar%23130!/:?]
	at com.google.gson.internal.bind.TypeAdapterRuntimeTypeWrapper.read(TypeAdapterRuntimeTypeWrapper.java:40) ~[gson-2.10.jar%23130!/:?]
	at com.google.gson.internal.bind.ArrayTypeAdapter.read(ArrayTypeAdapter.java:72) ~[gson-2.10.jar%23130!/:?]
	at com.google.gson.Gson.fromJson(Gson.java:1214) ~[gson-2.10.jar%23130!/:?]
	at com.google.gson.Gson.fromJson(Gson.java:1319) ~[gson-2.10.jar%23130!/:?]
	at com.google.gson.Gson.fromJson(Gson.java:1290) ~[gson-2.10.jar%23130!/:?]
	at com.google.gson.internal.bind.TreeTypeAdapter$GsonContextImpl.deserialize(TreeTypeAdapter.java:179) ~[gson-2.10.jar%23130!/:?]
	at net.minecraft.util.GsonHelper.convertToObject(GsonHelper.java:463) ~[forge-1.20.1-47.2.0_mapped_parchment_2023.09.03-1.20.1.jar%23191!/:?]
	at net.minecraft.util.GsonHelper.getAsObject(GsonHelper.java:481) ~[forge-1.20.1-47.2.0_mapped_parchment_2023.09.03-1.20.1.jar%23191!/:?]
	at net.minecraft.world.level.storage.loot.LootTable$Serializer.deserialize(LootTable.java:294) ~[forge-1.20.1-47.2.0_mapped_parchment_2023.09.03-1.20.1.jar%23191!/:?]
	at net.minecraft.world.level.storage.loot.LootTable$Serializer.deserialize(LootTable.java:291) ~[forge-1.20.1-47.2.0_mapped_parchment_2023.09.03-1.20.1.jar%23191!/:?]
	at com.google.gson.internal.bind.TreeTypeAdapter.read(TreeTypeAdapter.java:76) ~[gson-2.10.jar%23130!/:?]
	at com.google.gson.Gson.fromJson(Gson.java:1214) ~[gson-2.10.jar%23130!/:?]
	at com.google.gson.Gson.fromJson(Gson.java:1319) ~[gson-2.10.jar%23130!/:?]
	at com.google.gson.Gson.fromJson(Gson.java:1261) ~[gson-2.10.jar%23130!/:?]
	at net.minecraftforge.common.ForgeHooks.loadLootTable(ForgeHooks.java:871) ~[forge-1.20.1-47.2.0_mapped_parchment_2023.09.03-1.20.1.jar%23190%23197!/:?]
	at net.minecraftforge.common.ForgeHooks.lambda$getLootTableDeserializer$3(ForgeHooks.java:848) ~[forge-1.20.1-47.2.0_mapped_parchment_2023.09.03-1.20.1.jar%23190%23197!/:?]
	at net.minecraft.world.level.storage.loot.LootDataType.deserialize(LootDataType.java:45) ~[forge-1.20.1-47.2.0_mapped_parchment_2023.09.03-1.20.1.jar%23191!/:?]
	at net.minecraft.world.level.storage.loot.LootDataManager.lambda$scheduleElementParse$4(LootDataManager.java:56) ~[forge-1.20.1-47.2.0_mapped_parchment_2023.09.03-1.20.1.jar%23191!/:?]
	at java.util.HashMap.forEach(HashMap.java:1421) ~[?:?]
	at net.minecraft.world.level.storage.loot.LootDataManager.lambda$scheduleElementParse$5(LootDataManager.java:55) ~[forge-1.20.1-47.2.0_mapped_parchment_2023.09.03-1.20.1.jar%23191!/:?]
	at java.util.concurrent.CompletableFuture$AsyncRun.run(CompletableFuture.java:1804) ~[?:?]
	at java.util.concurrent.CompletableFuture$AsyncRun.exec(CompletableFuture.java:1796) ~[?:?]
	at java.util.concurrent.ForkJoinTask.doExec(ForkJoinTask.java:373) ~[?:?]
	at java.util.concurrent.ForkJoinPool$WorkQueue.topLevelExec(ForkJoinPool.java:1182) ~[?:?]
	at java.util.concurrent.ForkJoinPool.scan(ForkJoinPool.java:1655) ~[?:?]
	at java.util.concurrent.ForkJoinPool.runWorker(ForkJoinPool.java:1622) ~[?:?]
	at java.util.concurrent.ForkJoinWorkerThread.run(ForkJoinWorkerThread.java:165) ~[?:?]
[17Jun2025 23:52:25.830] [Worker-Main-9/ERROR] [net.minecraftforge.common.ForgeHooks/]: Couldn't parse element loot_tables:simplemissiles:blocks/omega_missle_falling
com.google.gson.JsonSyntaxException: Expected name to be an item, was unknown string 'simplemissiles:omega_missle_falling'
	at net.minecraft.util.GsonHelper.lambda$convertToItem$0(GsonHelper.java:145) ~[forge-1.20.1-47.2.0_mapped_parchment_2023.09.03-1.20.1.jar%23191!/:?]
	at java.util.Optional.orElseThrow(Optional.java:403) ~[?:?]
	at net.minecraft.util.GsonHelper.convertToItem(GsonHelper.java:145) ~[forge-1.20.1-47.2.0_mapped_parchment_2023.09.03-1.20.1.jar%23191!/:?]
	at net.minecraft.util.GsonHelper.getAsItem(GsonHelper.java:153) ~[forge-1.20.1-47.2.0_mapped_parchment_2023.09.03-1.20.1.jar%23191!/:?]
	at net.minecraft.world.level.storage.loot.entries.LootItem$Serializer.deserialize(LootItem.java:55) ~[forge-1.20.1-47.2.0_mapped_parchment_2023.09.03-1.20.1.jar%23191!/:?]
	at net.minecraft.world.level.storage.loot.entries.LootItem$Serializer.deserialize(LootItem.java:40) ~[forge-1.20.1-47.2.0_mapped_parchment_2023.09.03-1.20.1.jar%23191!/:?]
	at net.minecraft.world.level.storage.loot.entries.LootPoolSingletonContainer$Serializer.deserializeCustom(LootPoolSingletonContainer.java:151) ~[forge-1.20.1-47.2.0_mapped_parchment_2023.09.03-1.20.1.jar%23191!/:?]
	at net.minecraft.world.level.storage.loot.entries.LootPoolSingletonContainer$Serializer.deserializeCustom(LootPoolSingletonContainer.java:129) ~[forge-1.20.1-47.2.0_mapped_parchment_2023.09.03-1.20.1.jar%23191!/:?]
	at net.minecraft.world.level.storage.loot.entries.LootPoolEntryContainer$Serializer.deserialize(LootPoolEntryContainer.java:86) ~[forge-1.20.1-47.2.0_mapped_parchment_2023.09.03-1.20.1.jar%23191!/:?]
	at net.minecraft.world.level.storage.loot.entries.LootPoolEntryContainer$Serializer.deserialize(LootPoolEntryContainer.java:74) ~[forge-1.20.1-47.2.0_mapped_parchment_2023.09.03-1.20.1.jar%23191!/:?]
	at net.minecraft.world.level.storage.loot.GsonAdapterFactory$JsonAdapter.deserialize(GsonAdapterFactory.java:102) ~[forge-1.20.1-47.2.0_mapped_parchment_2023.09.03-1.20.1.jar%23191!/:?]
	at com.google.gson.internal.bind.TreeTypeAdapter.read(TreeTypeAdapter.java:76) ~[gson-2.10.jar%23130!/:?]
	at com.google.gson.internal.bind.TypeAdapterRuntimeTypeWrapper.read(TypeAdapterRuntimeTypeWrapper.java:40) ~[gson-2.10.jar%23130!/:?]
	at com.google.gson.internal.bind.ArrayTypeAdapter.read(ArrayTypeAdapter.java:72) ~[gson-2.10.jar%23130!/:?]
	at com.google.gson.Gson.fromJson(Gson.java:1214) ~[gson-2.10.jar%23130!/:?]
	at com.google.gson.Gson.fromJson(Gson.java:1319) ~[gson-2.10.jar%23130!/:?]
	at com.google.gson.Gson.fromJson(Gson.java:1290) ~[gson-2.10.jar%23130!/:?]
	at com.google.gson.internal.bind.TreeTypeAdapter$GsonContextImpl.deserialize(TreeTypeAdapter.java:179) ~[gson-2.10.jar%23130!/:?]
	at net.minecraft.util.GsonHelper.convertToObject(GsonHelper.java:463) ~[forge-1.20.1-47.2.0_mapped_parchment_2023.09.03-1.20.1.jar%23191!/:?]
	at net.minecraft.util.GsonHelper.getAsObject(GsonHelper.java:471) ~[forge-1.20.1-47.2.0_mapped_parchment_2023.09.03-1.20.1.jar%23191!/:?]
	at net.minecraft.world.level.storage.loot.LootPool$Serializer.deserialize(LootPool.java:192) ~[forge-1.20.1-47.2.0_mapped_parchment_2023.09.03-1.20.1.jar%23191!/:?]
	at net.minecraft.world.level.storage.loot.LootPool$Serializer.deserialize(LootPool.java:189) ~[forge-1.20.1-47.2.0_mapped_parchment_2023.09.03-1.20.1.jar%23191!/:?]
	at com.google.gson.internal.bind.TreeTypeAdapter.read(TreeTypeAdapter.java:76) ~[gson-2.10.jar%23130!/:?]
	at com.google.gson.internal.bind.TypeAdapterRuntimeTypeWrapper.read(TypeAdapterRuntimeTypeWrapper.java:40) ~[gson-2.10.jar%23130!/:?]
	at com.google.gson.internal.bind.ArrayTypeAdapter.read(ArrayTypeAdapter.java:72) ~[gson-2.10.jar%23130!/:?]
	at com.google.gson.Gson.fromJson(Gson.java:1214) ~[gson-2.10.jar%23130!/:?]
	at com.google.gson.Gson.fromJson(Gson.java:1319) ~[gson-2.10.jar%23130!/:?]
	at com.google.gson.Gson.fromJson(Gson.java:1290) ~[gson-2.10.jar%23130!/:?]
	at com.google.gson.internal.bind.TreeTypeAdapter$GsonContextImpl.deserialize(TreeTypeAdapter.java:179) ~[gson-2.10.jar%23130!/:?]
	at net.minecraft.util.GsonHelper.convertToObject(GsonHelper.java:463) ~[forge-1.20.1-47.2.0_mapped_parchment_2023.09.03-1.20.1.jar%23191!/:?]
	at net.minecraft.util.GsonHelper.getAsObject(GsonHelper.java:481) ~[forge-1.20.1-47.2.0_mapped_parchment_2023.09.03-1.20.1.jar%23191!/:?]
	at net.minecraft.world.level.storage.loot.LootTable$Serializer.deserialize(LootTable.java:294) ~[forge-1.20.1-47.2.0_mapped_parchment_2023.09.03-1.20.1.jar%23191!/:?]
	at net.minecraft.world.level.storage.loot.LootTable$Serializer.deserialize(LootTable.java:291) ~[forge-1.20.1-47.2.0_mapped_parchment_2023.09.03-1.20.1.jar%23191!/:?]
	at com.google.gson.internal.bind.TreeTypeAdapter.read(TreeTypeAdapter.java:76) ~[gson-2.10.jar%23130!/:?]
	at com.google.gson.Gson.fromJson(Gson.java:1214) ~[gson-2.10.jar%23130!/:?]
	at com.google.gson.Gson.fromJson(Gson.java:1319) ~[gson-2.10.jar%23130!/:?]
	at com.google.gson.Gson.fromJson(Gson.java:1261) ~[gson-2.10.jar%23130!/:?]
	at net.minecraftforge.common.ForgeHooks.loadLootTable(ForgeHooks.java:871) ~[forge-1.20.1-47.2.0_mapped_parchment_2023.09.03-1.20.1.jar%23190%23197!/:?]
	at net.minecraftforge.common.ForgeHooks.lambda$getLootTableDeserializer$3(ForgeHooks.java:848) ~[forge-1.20.1-47.2.0_mapped_parchment_2023.09.03-1.20.1.jar%23190%23197!/:?]
	at net.minecraft.world.level.storage.loot.LootDataType.deserialize(LootDataType.java:45) ~[forge-1.20.1-47.2.0_mapped_parchment_2023.09.03-1.20.1.jar%23191!/:?]
	at net.minecraft.world.level.storage.loot.LootDataManager.lambda$scheduleElementParse$4(LootDataManager.java:56) ~[forge-1.20.1-47.2.0_mapped_parchment_2023.09.03-1.20.1.jar%23191!/:?]
	at java.util.HashMap.forEach(HashMap.java:1421) ~[?:?]
	at net.minecraft.world.level.storage.loot.LootDataManager.lambda$scheduleElementParse$5(LootDataManager.java:55) ~[forge-1.20.1-47.2.0_mapped_parchment_2023.09.03-1.20.1.jar%23191!/:?]
	at java.util.concurrent.CompletableFuture$AsyncRun.run(CompletableFuture.java:1804) ~[?:?]
	at java.util.concurrent.CompletableFuture$AsyncRun.exec(CompletableFuture.java:1796) ~[?:?]
	at java.util.concurrent.ForkJoinTask.doExec(ForkJoinTask.java:373) ~[?:?]
	at java.util.concurrent.ForkJoinPool$WorkQueue.topLevelExec(ForkJoinPool.java:1182) ~[?:?]
	at java.util.concurrent.ForkJoinPool.scan(ForkJoinPool.java:1655) ~[?:?]
	at java.util.concurrent.ForkJoinPool.runWorker(ForkJoinPool.java:1622) ~[?:?]
	at java.util.concurrent.ForkJoinWorkerThread.run(ForkJoinWorkerThread.java:165) ~[?:?]
[17Jun2025 23:52:25.831] [Worker-Main-9/ERROR] [net.minecraftforge.common.ForgeHooks/]: Couldn't parse element loot_tables:simplemissiles:blocks/orbitallasermissile
com.google.gson.JsonSyntaxException: Expected name to be an item, was unknown string 'simplemissiles:orbitallasermissile'
	at net.minecraft.util.GsonHelper.lambda$convertToItem$0(GsonHelper.java:145) ~[forge-1.20.1-47.2.0_mapped_parchment_2023.09.03-1.20.1.jar%23191!/:?]
	at java.util.Optional.orElseThrow(Optional.java:403) ~[?:?]
	at net.minecraft.util.GsonHelper.convertToItem(GsonHelper.java:145) ~[forge-1.20.1-47.2.0_mapped_parchment_2023.09.03-1.20.1.jar%23191!/:?]
	at net.minecraft.util.GsonHelper.getAsItem(GsonHelper.java:153) ~[forge-1.20.1-47.2.0_mapped_parchment_2023.09.03-1.20.1.jar%23191!/:?]
	at net.minecraft.world.level.storage.loot.entries.LootItem$Serializer.deserialize(LootItem.java:55) ~[forge-1.20.1-47.2.0_mapped_parchment_2023.09.03-1.20.1.jar%23191!/:?]
	at net.minecraft.world.level.storage.loot.entries.LootItem$Serializer.deserialize(LootItem.java:40) ~[forge-1.20.1-47.2.0_mapped_parchment_2023.09.03-1.20.1.jar%23191!/:?]
	at net.minecraft.world.level.storage.loot.entries.LootPoolSingletonContainer$Serializer.deserializeCustom(LootPoolSingletonContainer.java:151) ~[forge-1.20.1-47.2.0_mapped_parchment_2023.09.03-1.20.1.jar%23191!/:?]
	at net.minecraft.world.level.storage.loot.entries.LootPoolSingletonContainer$Serializer.deserializeCustom(LootPoolSingletonContainer.java:129) ~[forge-1.20.1-47.2.0_mapped_parchment_2023.09.03-1.20.1.jar%23191!/:?]
	at net.minecraft.world.level.storage.loot.entries.LootPoolEntryContainer$Serializer.deserialize(LootPoolEntryContainer.java:86) ~[forge-1.20.1-47.2.0_mapped_parchment_2023.09.03-1.20.1.jar%23191!/:?]
	at net.minecraft.world.level.storage.loot.entries.LootPoolEntryContainer$Serializer.deserialize(LootPoolEntryContainer.java:74) ~[forge-1.20.1-47.2.0_mapped_parchment_2023.09.03-1.20.1.jar%23191!/:?]
	at net.minecraft.world.level.storage.loot.GsonAdapterFactory$JsonAdapter.deserialize(GsonAdapterFactory.java:102) ~[forge-1.20.1-47.2.0_mapped_parchment_2023.09.03-1.20.1.jar%23191!/:?]
	at com.google.gson.internal.bind.TreeTypeAdapter.read(TreeTypeAdapter.java:76) ~[gson-2.10.jar%23130!/:?]
	at com.google.gson.internal.bind.TypeAdapterRuntimeTypeWrapper.read(TypeAdapterRuntimeTypeWrapper.java:40) ~[gson-2.10.jar%23130!/:?]
	at com.google.gson.internal.bind.ArrayTypeAdapter.read(ArrayTypeAdapter.java:72) ~[gson-2.10.jar%23130!/:?]
	at com.google.gson.Gson.fromJson(Gson.java:1214) ~[gson-2.10.jar%23130!/:?]
	at com.google.gson.Gson.fromJson(Gson.java:1319) ~[gson-2.10.jar%23130!/:?]
	at com.google.gson.Gson.fromJson(Gson.java:1290) ~[gson-2.10.jar%23130!/:?]
	at com.google.gson.internal.bind.TreeTypeAdapter$GsonContextImpl.deserialize(TreeTypeAdapter.java:179) ~[gson-2.10.jar%23130!/:?]
	at net.minecraft.util.GsonHelper.convertToObject(GsonHelper.java:463) ~[forge-1.20.1-47.2.0_mapped_parchment_2023.09.03-1.20.1.jar%23191!/:?]
	at net.minecraft.util.GsonHelper.getAsObject(GsonHelper.java:471) ~[forge-1.20.1-47.2.0_mapped_parchment_2023.09.03-1.20.1.jar%23191!/:?]
	at net.minecraft.world.level.storage.loot.LootPool$Serializer.deserialize(LootPool.java:192) ~[forge-1.20.1-47.2.0_mapped_parchment_2023.09.03-1.20.1.jar%23191!/:?]
	at net.minecraft.world.level.storage.loot.LootPool$Serializer.deserialize(LootPool.java:189) ~[forge-1.20.1-47.2.0_mapped_parchment_2023.09.03-1.20.1.jar%23191!/:?]
	at com.google.gson.internal.bind.TreeTypeAdapter.read(TreeTypeAdapter.java:76) ~[gson-2.10.jar%23130!/:?]
	at com.google.gson.internal.bind.TypeAdapterRuntimeTypeWrapper.read(TypeAdapterRuntimeTypeWrapper.java:40) ~[gson-2.10.jar%23130!/:?]
	at com.google.gson.internal.bind.ArrayTypeAdapter.read(ArrayTypeAdapter.java:72) ~[gson-2.10.jar%23130!/:?]
	at com.google.gson.Gson.fromJson(Gson.java:1214) ~[gson-2.10.jar%23130!/:?]
	at com.google.gson.Gson.fromJson(Gson.java:1319) ~[gson-2.10.jar%23130!/:?]
	at com.google.gson.Gson.fromJson(Gson.java:1290) ~[gson-2.10.jar%23130!/:?]
	at com.google.gson.internal.bind.TreeTypeAdapter$GsonContextImpl.deserialize(TreeTypeAdapter.java:179) ~[gson-2.10.jar%23130!/:?]
	at net.minecraft.util.GsonHelper.convertToObject(GsonHelper.java:463) ~[forge-1.20.1-47.2.0_mapped_parchment_2023.09.03-1.20.1.jar%23191!/:?]
	at net.minecraft.util.GsonHelper.getAsObject(GsonHelper.java:481) ~[forge-1.20.1-47.2.0_mapped_parchment_2023.09.03-1.20.1.jar%23191!/:?]
	at net.minecraft.world.level.storage.loot.LootTable$Serializer.deserialize(LootTable.java:294) ~[forge-1.20.1-47.2.0_mapped_parchment_2023.09.03-1.20.1.jar%23191!/:?]
	at net.minecraft.world.level.storage.loot.LootTable$Serializer.deserialize(LootTable.java:291) ~[forge-1.20.1-47.2.0_mapped_parchment_2023.09.03-1.20.1.jar%23191!/:?]
	at com.google.gson.internal.bind.TreeTypeAdapter.read(TreeTypeAdapter.java:76) ~[gson-2.10.jar%23130!/:?]
	at com.google.gson.Gson.fromJson(Gson.java:1214) ~[gson-2.10.jar%23130!/:?]
	at com.google.gson.Gson.fromJson(Gson.java:1319) ~[gson-2.10.jar%23130!/:?]
	at com.google.gson.Gson.fromJson(Gson.java:1261) ~[gson-2.10.jar%23130!/:?]
	at net.minecraftforge.common.ForgeHooks.loadLootTable(ForgeHooks.java:871) ~[forge-1.20.1-47.2.0_mapped_parchment_2023.09.03-1.20.1.jar%23190%23197!/:?]
	at net.minecraftforge.common.ForgeHooks.lambda$getLootTableDeserializer$3(ForgeHooks.java:848) ~[forge-1.20.1-47.2.0_mapped_parchment_2023.09.03-1.20.1.jar%23190%23197!/:?]
	at net.minecraft.world.level.storage.loot.LootDataType.deserialize(LootDataType.java:45) ~[forge-1.20.1-47.2.0_mapped_parchment_2023.09.03-1.20.1.jar%23191!/:?]
	at net.minecraft.world.level.storage.loot.LootDataManager.lambda$scheduleElementParse$4(LootDataManager.java:56) ~[forge-1.20.1-47.2.0_mapped_parchment_2023.09.03-1.20.1.jar%23191!/:?]
	at java.util.HashMap.forEach(HashMap.java:1421) ~[?:?]
	at net.minecraft.world.level.storage.loot.LootDataManager.lambda$scheduleElementParse$5(LootDataManager.java:55) ~[forge-1.20.1-47.2.0_mapped_parchment_2023.09.03-1.20.1.jar%23191!/:?]
	at java.util.concurrent.CompletableFuture$AsyncRun.run(CompletableFuture.java:1804) ~[?:?]
	at java.util.concurrent.CompletableFuture$AsyncRun.exec(CompletableFuture.java:1796) ~[?:?]
	at java.util.concurrent.ForkJoinTask.doExec(ForkJoinTask.java:373) ~[?:?]
	at java.util.concurrent.ForkJoinPool$WorkQueue.topLevelExec(ForkJoinPool.java:1182) ~[?:?]
	at java.util.concurrent.ForkJoinPool.scan(ForkJoinPool.java:1655) ~[?:?]
	at java.util.concurrent.ForkJoinPool.runWorker(ForkJoinPool.java:1622) ~[?:?]
	at java.util.concurrent.ForkJoinWorkerThread.run(ForkJoinWorkerThread.java:165) ~[?:?]
[17Jun2025 23:52:25.852] [Worker-Main-9/ERROR] [net.minecraftforge.common.ForgeHooks/]: Couldn't parse element loot_tables:simplemissiles:blocks/omega_missle
com.google.gson.JsonSyntaxException: Expected name to be an item, was unknown string 'simplemissiles:omega_missle'
	at net.minecraft.util.GsonHelper.lambda$convertToItem$0(GsonHelper.java:145) ~[forge-1.20.1-47.2.0_mapped_parchment_2023.09.03-1.20.1.jar%23191!/:?]
	at java.util.Optional.orElseThrow(Optional.java:403) ~[?:?]
	at net.minecraft.util.GsonHelper.convertToItem(GsonHelper.java:145) ~[forge-1.20.1-47.2.0_mapped_parchment_2023.09.03-1.20.1.jar%23191!/:?]
	at net.minecraft.util.GsonHelper.getAsItem(GsonHelper.java:153) ~[forge-1.20.1-47.2.0_mapped_parchment_2023.09.03-1.20.1.jar%23191!/:?]
	at net.minecraft.world.level.storage.loot.entries.LootItem$Serializer.deserialize(LootItem.java:55) ~[forge-1.20.1-47.2.0_mapped_parchment_2023.09.03-1.20.1.jar%23191!/:?]
	at net.minecraft.world.level.storage.loot.entries.LootItem$Serializer.deserialize(LootItem.java:40) ~[forge-1.20.1-47.2.0_mapped_parchment_2023.09.03-1.20.1.jar%23191!/:?]
	at net.minecraft.world.level.storage.loot.entries.LootPoolSingletonContainer$Serializer.deserializeCustom(LootPoolSingletonContainer.java:151) ~[forge-1.20.1-47.2.0_mapped_parchment_2023.09.03-1.20.1.jar%23191!/:?]
	at net.minecraft.world.level.storage.loot.entries.LootPoolSingletonContainer$Serializer.deserializeCustom(LootPoolSingletonContainer.java:129) ~[forge-1.20.1-47.2.0_mapped_parchment_2023.09.03-1.20.1.jar%23191!/:?]
	at net.minecraft.world.level.storage.loot.entries.LootPoolEntryContainer$Serializer.deserialize(LootPoolEntryContainer.java:86) ~[forge-1.20.1-47.2.0_mapped_parchment_2023.09.03-1.20.1.jar%23191!/:?]
	at net.minecraft.world.level.storage.loot.entries.LootPoolEntryContainer$Serializer.deserialize(LootPoolEntryContainer.java:74) ~[forge-1.20.1-47.2.0_mapped_parchment_2023.09.03-1.20.1.jar%23191!/:?]
	at net.minecraft.world.level.storage.loot.GsonAdapterFactory$JsonAdapter.deserialize(GsonAdapterFactory.java:102) ~[forge-1.20.1-47.2.0_mapped_parchment_2023.09.03-1.20.1.jar%23191!/:?]
	at com.google.gson.internal.bind.TreeTypeAdapter.read(TreeTypeAdapter.java:76) ~[gson-2.10.jar%23130!/:?]
	at com.google.gson.internal.bind.TypeAdapterRuntimeTypeWrapper.read(TypeAdapterRuntimeTypeWrapper.java:40) ~[gson-2.10.jar%23130!/:?]
	at com.google.gson.internal.bind.ArrayTypeAdapter.read(ArrayTypeAdapter.java:72) ~[gson-2.10.jar%23130!/:?]
	at com.google.gson.Gson.fromJson(Gson.java:1214) ~[gson-2.10.jar%23130!/:?]
	at com.google.gson.Gson.fromJson(Gson.java:1319) ~[gson-2.10.jar%23130!/:?]
	at com.google.gson.Gson.fromJson(Gson.java:1290) ~[gson-2.10.jar%23130!/:?]
	at com.google.gson.internal.bind.TreeTypeAdapter$GsonContextImpl.deserialize(TreeTypeAdapter.java:179) ~[gson-2.10.jar%23130!/:?]
	at net.minecraft.util.GsonHelper.convertToObject(GsonHelper.java:463) ~[forge-1.20.1-47.2.0_mapped_parchment_2023.09.03-1.20.1.jar%23191!/:?]
	at net.minecraft.util.GsonHelper.getAsObject(GsonHelper.java:471) ~[forge-1.20.1-47.2.0_mapped_parchment_2023.09.03-1.20.1.jar%23191!/:?]
	at net.minecraft.world.level.storage.loot.LootPool$Serializer.deserialize(LootPool.java:192) ~[forge-1.20.1-47.2.0_mapped_parchment_2023.09.03-1.20.1.jar%23191!/:?]
	at net.minecraft.world.level.storage.loot.LootPool$Serializer.deserialize(LootPool.java:189) ~[forge-1.20.1-47.2.0_mapped_parchment_2023.09.03-1.20.1.jar%23191!/:?]
	at com.google.gson.internal.bind.TreeTypeAdapter.read(TreeTypeAdapter.java:76) ~[gson-2.10.jar%23130!/:?]
	at com.google.gson.internal.bind.TypeAdapterRuntimeTypeWrapper.read(TypeAdapterRuntimeTypeWrapper.java:40) ~[gson-2.10.jar%23130!/:?]
	at com.google.gson.internal.bind.ArrayTypeAdapter.read(ArrayTypeAdapter.java:72) ~[gson-2.10.jar%23130!/:?]
	at com.google.gson.Gson.fromJson(Gson.java:1214) ~[gson-2.10.jar%23130!/:?]
	at com.google.gson.Gson.fromJson(Gson.java:1319) ~[gson-2.10.jar%23130!/:?]
	at com.google.gson.Gson.fromJson(Gson.java:1290) ~[gson-2.10.jar%23130!/:?]
	at com.google.gson.internal.bind.TreeTypeAdapter$GsonContextImpl.deserialize(TreeTypeAdapter.java:179) ~[gson-2.10.jar%23130!/:?]
	at net.minecraft.util.GsonHelper.convertToObject(GsonHelper.java:463) ~[forge-1.20.1-47.2.0_mapped_parchment_2023.09.03-1.20.1.jar%23191!/:?]
	at net.minecraft.util.GsonHelper.getAsObject(GsonHelper.java:481) ~[forge-1.20.1-47.2.0_mapped_parchment_2023.09.03-1.20.1.jar%23191!/:?]
	at net.minecraft.world.level.storage.loot.LootTable$Serializer.deserialize(LootTable.java:294) ~[forge-1.20.1-47.2.0_mapped_parchment_2023.09.03-1.20.1.jar%23191!/:?]
	at net.minecraft.world.level.storage.loot.LootTable$Serializer.deserialize(LootTable.java:291) ~[forge-1.20.1-47.2.0_mapped_parchment_2023.09.03-1.20.1.jar%23191!/:?]
	at com.google.gson.internal.bind.TreeTypeAdapter.read(TreeTypeAdapter.java:76) ~[gson-2.10.jar%23130!/:?]
	at com.google.gson.Gson.fromJson(Gson.java:1214) ~[gson-2.10.jar%23130!/:?]
	at com.google.gson.Gson.fromJson(Gson.java:1319) ~[gson-2.10.jar%23130!/:?]
	at com.google.gson.Gson.fromJson(Gson.java:1261) ~[gson-2.10.jar%23130!/:?]
	at net.minecraftforge.common.ForgeHooks.loadLootTable(ForgeHooks.java:871) ~[forge-1.20.1-47.2.0_mapped_parchment_2023.09.03-1.20.1.jar%23190%23197!/:?]
	at net.minecraftforge.common.ForgeHooks.lambda$getLootTableDeserializer$3(ForgeHooks.java:848) ~[forge-1.20.1-47.2.0_mapped_parchment_2023.09.03-1.20.1.jar%23190%23197!/:?]
	at net.minecraft.world.level.storage.loot.LootDataType.deserialize(LootDataType.java:45) ~[forge-1.20.1-47.2.0_mapped_parchment_2023.09.03-1.20.1.jar%23191!/:?]
	at net.minecraft.world.level.storage.loot.LootDataManager.lambda$scheduleElementParse$4(LootDataManager.java:56) ~[forge-1.20.1-47.2.0_mapped_parchment_2023.09.03-1.20.1.jar%23191!/:?]
	at java.util.HashMap.forEach(HashMap.java:1421) ~[?:?]
	at net.minecraft.world.level.storage.loot.LootDataManager.lambda$scheduleElementParse$5(LootDataManager.java:55) ~[forge-1.20.1-47.2.0_mapped_parchment_2023.09.03-1.20.1.jar%23191!/:?]
	at java.util.concurrent.CompletableFuture$AsyncRun.run(CompletableFuture.java:1804) ~[?:?]
	at java.util.concurrent.CompletableFuture$AsyncRun.exec(CompletableFuture.java:1796) ~[?:?]
	at java.util.concurrent.ForkJoinTask.doExec(ForkJoinTask.java:373) ~[?:?]
	at java.util.concurrent.ForkJoinPool$WorkQueue.topLevelExec(ForkJoinPool.java:1182) ~[?:?]
	at java.util.concurrent.ForkJoinPool.scan(ForkJoinPool.java:1655) ~[?:?]
	at java.util.concurrent.ForkJoinPool.runWorker(ForkJoinPool.java:1622) ~[?:?]
	at java.util.concurrent.ForkJoinWorkerThread.run(ForkJoinWorkerThread.java:165) ~[?:?]
[17Jun2025 23:52:25.853] [Worker-Main-9/ERROR] [net.minecraftforge.common.ForgeHooks/]: Couldn't parse element loot_tables:simplemissiles:blocks/plasma
com.google.gson.JsonSyntaxException: Expected name to be an item, was unknown string 'simplemissiles:plasma'
	at net.minecraft.util.GsonHelper.lambda$convertToItem$0(GsonHelper.java:145) ~[forge-1.20.1-47.2.0_mapped_parchment_2023.09.03-1.20.1.jar%23191!/:?]
	at java.util.Optional.orElseThrow(Optional.java:403) ~[?:?]
	at net.minecraft.util.GsonHelper.convertToItem(GsonHelper.java:145) ~[forge-1.20.1-47.2.0_mapped_parchment_2023.09.03-1.20.1.jar%23191!/:?]
	at net.minecraft.util.GsonHelper.getAsItem(GsonHelper.java:153) ~[forge-1.20.1-47.2.0_mapped_parchment_2023.09.03-1.20.1.jar%23191!/:?]
	at net.minecraft.world.level.storage.loot.entries.LootItem$Serializer.deserialize(LootItem.java:55) ~[forge-1.20.1-47.2.0_mapped_parchment_2023.09.03-1.20.1.jar%23191!/:?]
	at net.minecraft.world.level.storage.loot.entries.LootItem$Serializer.deserialize(LootItem.java:40) ~[forge-1.20.1-47.2.0_mapped_parchment_2023.09.03-1.20.1.jar%23191!/:?]
	at net.minecraft.world.level.storage.loot.entries.LootPoolSingletonContainer$Serializer.deserializeCustom(LootPoolSingletonContainer.java:151) ~[forge-1.20.1-47.2.0_mapped_parchment_2023.09.03-1.20.1.jar%23191!/:?]
	at net.minecraft.world.level.storage.loot.entries.LootPoolSingletonContainer$Serializer.deserializeCustom(LootPoolSingletonContainer.java:129) ~[forge-1.20.1-47.2.0_mapped_parchment_2023.09.03-1.20.1.jar%23191!/:?]
	at net.minecraft.world.level.storage.loot.entries.LootPoolEntryContainer$Serializer.deserialize(LootPoolEntryContainer.java:86) ~[forge-1.20.1-47.2.0_mapped_parchment_2023.09.03-1.20.1.jar%23191!/:?]
	at net.minecraft.world.level.storage.loot.entries.LootPoolEntryContainer$Serializer.deserialize(LootPoolEntryContainer.java:74) ~[forge-1.20.1-47.2.0_mapped_parchment_2023.09.03-1.20.1.jar%23191!/:?]
	at net.minecraft.world.level.storage.loot.GsonAdapterFactory$JsonAdapter.deserialize(GsonAdapterFactory.java:102) ~[forge-1.20.1-47.2.0_mapped_parchment_2023.09.03-1.20.1.jar%23191!/:?]
	at com.google.gson.internal.bind.TreeTypeAdapter.read(TreeTypeAdapter.java:76) ~[gson-2.10.jar%23130!/:?]
	at com.google.gson.internal.bind.TypeAdapterRuntimeTypeWrapper.read(TypeAdapterRuntimeTypeWrapper.java:40) ~[gson-2.10.jar%23130!/:?]
	at com.google.gson.internal.bind.ArrayTypeAdapter.read(ArrayTypeAdapter.java:72) ~[gson-2.10.jar%23130!/:?]
	at com.google.gson.Gson.fromJson(Gson.java:1214) ~[gson-2.10.jar%23130!/:?]
	at com.google.gson.Gson.fromJson(Gson.java:1319) ~[gson-2.10.jar%23130!/:?]
	at com.google.gson.Gson.fromJson(Gson.java:1290) ~[gson-2.10.jar%23130!/:?]
	at com.google.gson.internal.bind.TreeTypeAdapter$GsonContextImpl.deserialize(TreeTypeAdapter.java:179) ~[gson-2.10.jar%23130!/:?]
	at net.minecraft.util.GsonHelper.convertToObject(GsonHelper.java:463) ~[forge-1.20.1-47.2.0_mapped_parchment_2023.09.03-1.20.1.jar%23191!/:?]
	at net.minecraft.util.GsonHelper.getAsObject(GsonHelper.java:471) ~[forge-1.20.1-47.2.0_mapped_parchment_2023.09.03-1.20.1.jar%23191!/:?]
	at net.minecraft.world.level.storage.loot.LootPool$Serializer.deserialize(LootPool.java:192) ~[forge-1.20.1-47.2.0_mapped_parchment_2023.09.03-1.20.1.jar%23191!/:?]
	at net.minecraft.world.level.storage.loot.LootPool$Serializer.deserialize(LootPool.java:189) ~[forge-1.20.1-47.2.0_mapped_parchment_2023.09.03-1.20.1.jar%23191!/:?]
	at com.google.gson.internal.bind.TreeTypeAdapter.read(TreeTypeAdapter.java:76) ~[gson-2.10.jar%23130!/:?]
	at com.google.gson.internal.bind.TypeAdapterRuntimeTypeWrapper.read(TypeAdapterRuntimeTypeWrapper.java:40) ~[gson-2.10.jar%23130!/:?]
	at com.google.gson.internal.bind.ArrayTypeAdapter.read(ArrayTypeAdapter.java:72) ~[gson-2.10.jar%23130!/:?]
	at com.google.gson.Gson.fromJson(Gson.java:1214) ~[gson-2.10.jar%23130!/:?]
	at com.google.gson.Gson.fromJson(Gson.java:1319) ~[gson-2.10.jar%23130!/:?]
	at com.google.gson.Gson.fromJson(Gson.java:1290) ~[gson-2.10.jar%23130!/:?]
	at com.google.gson.internal.bind.TreeTypeAdapter$GsonContextImpl.deserialize(TreeTypeAdapter.java:179) ~[gson-2.10.jar%23130!/:?]
	at net.minecraft.util.GsonHelper.convertToObject(GsonHelper.java:463) ~[forge-1.20.1-47.2.0_mapped_parchment_2023.09.03-1.20.1.jar%23191!/:?]
	at net.minecraft.util.GsonHelper.getAsObject(GsonHelper.java:481) ~[forge-1.20.1-47.2.0_mapped_parchment_2023.09.03-1.20.1.jar%23191!/:?]
	at net.minecraft.world.level.storage.loot.LootTable$Serializer.deserialize(LootTable.java:294) ~[forge-1.20.1-47.2.0_mapped_parchment_2023.09.03-1.20.1.jar%23191!/:?]
	at net.minecraft.world.level.storage.loot.LootTable$Serializer.deserialize(LootTable.java:291) ~[forge-1.20.1-47.2.0_mapped_parchment_2023.09.03-1.20.1.jar%23191!/:?]
	at com.google.gson.internal.bind.TreeTypeAdapter.read(TreeTypeAdapter.java:76) ~[gson-2.10.jar%23130!/:?]
	at com.google.gson.Gson.fromJson(Gson.java:1214) ~[gson-2.10.jar%23130!/:?]
	at com.google.gson.Gson.fromJson(Gson.java:1319) ~[gson-2.10.jar%23130!/:?]
	at com.google.gson.Gson.fromJson(Gson.java:1261) ~[gson-2.10.jar%23130!/:?]
	at net.minecraftforge.common.ForgeHooks.loadLootTable(ForgeHooks.java:871) ~[forge-1.20.1-47.2.0_mapped_parchment_2023.09.03-1.20.1.jar%23190%23197!/:?]
	at net.minecraftforge.common.ForgeHooks.lambda$getLootTableDeserializer$3(ForgeHooks.java:848) ~[forge-1.20.1-47.2.0_mapped_parchment_2023.09.03-1.20.1.jar%23190%23197!/:?]
	at net.minecraft.world.level.storage.loot.LootDataType.deserialize(LootDataType.java:45) ~[forge-1.20.1-47.2.0_mapped_parchment_2023.09.03-1.20.1.jar%23191!/:?]
	at net.minecraft.world.level.storage.loot.LootDataManager.lambda$scheduleElementParse$4(LootDataManager.java:56) ~[forge-1.20.1-47.2.0_mapped_parchment_2023.09.03-1.20.1.jar%23191!/:?]
	at java.util.HashMap.forEach(HashMap.java:1421) ~[?:?]
	at net.minecraft.world.level.storage.loot.LootDataManager.lambda$scheduleElementParse$5(LootDataManager.java:55) ~[forge-1.20.1-47.2.0_mapped_parchment_2023.09.03-1.20.1.jar%23191!/:?]
	at java.util.concurrent.CompletableFuture$AsyncRun.run(CompletableFuture.java:1804) ~[?:?]
	at java.util.concurrent.CompletableFuture$AsyncRun.exec(CompletableFuture.java:1796) ~[?:?]
	at java.util.concurrent.ForkJoinTask.doExec(ForkJoinTask.java:373) ~[?:?]
	at java.util.concurrent.ForkJoinPool$WorkQueue.topLevelExec(ForkJoinPool.java:1182) ~[?:?]
	at java.util.concurrent.ForkJoinPool.scan(ForkJoinPool.java:1655) ~[?:?]
	at java.util.concurrent.ForkJoinPool.runWorker(ForkJoinPool.java:1622) ~[?:?]
	at java.util.concurrent.ForkJoinWorkerThread.run(ForkJoinWorkerThread.java:165) ~[?:?]
[17Jun2025 23:52:25.898] [Worker-Main-9/ERROR] [net.minecraftforge.common.ForgeHooks/]: Couldn't parse element loot_tables:simplemissiles:blocks/data_transferblock
com.google.gson.JsonSyntaxException: Expected name to be an item, was unknown string 'simplemissiles:data_transferblock'
	at net.minecraft.util.GsonHelper.lambda$convertToItem$0(GsonHelper.java:145) ~[forge-1.20.1-47.2.0_mapped_parchment_2023.09.03-1.20.1.jar%23191!/:?]
	at java.util.Optional.orElseThrow(Optional.java:403) ~[?:?]
	at net.minecraft.util.GsonHelper.convertToItem(GsonHelper.java:145) ~[forge-1.20.1-47.2.0_mapped_parchment_2023.09.03-1.20.1.jar%23191!/:?]
	at net.minecraft.util.GsonHelper.getAsItem(GsonHelper.java:153) ~[forge-1.20.1-47.2.0_mapped_parchment_2023.09.03-1.20.1.jar%23191!/:?]
	at net.minecraft.world.level.storage.loot.entries.LootItem$Serializer.deserialize(LootItem.java:55) ~[forge-1.20.1-47.2.0_mapped_parchment_2023.09.03-1.20.1.jar%23191!/:?]
	at net.minecraft.world.level.storage.loot.entries.LootItem$Serializer.deserialize(LootItem.java:40) ~[forge-1.20.1-47.2.0_mapped_parchment_2023.09.03-1.20.1.jar%23191!/:?]
	at net.minecraft.world.level.storage.loot.entries.LootPoolSingletonContainer$Serializer.deserializeCustom(LootPoolSingletonContainer.java:151) ~[forge-1.20.1-47.2.0_mapped_parchment_2023.09.03-1.20.1.jar%23191!/:?]
	at net.minecraft.world.level.storage.loot.entries.LootPoolSingletonContainer$Serializer.deserializeCustom(LootPoolSingletonContainer.java:129) ~[forge-1.20.1-47.2.0_mapped_parchment_2023.09.03-1.20.1.jar%23191!/:?]
	at net.minecraft.world.level.storage.loot.entries.LootPoolEntryContainer$Serializer.deserialize(LootPoolEntryContainer.java:86) ~[forge-1.20.1-47.2.0_mapped_parchment_2023.09.03-1.20.1.jar%23191!/:?]
	at net.minecraft.world.level.storage.loot.entries.LootPoolEntryContainer$Serializer.deserialize(LootPoolEntryContainer.java:74) ~[forge-1.20.1-47.2.0_mapped_parchment_2023.09.03-1.20.1.jar%23191!/:?]
	at net.minecraft.world.level.storage.loot.GsonAdapterFactory$JsonAdapter.deserialize(GsonAdapterFactory.java:102) ~[forge-1.20.1-47.2.0_mapped_parchment_2023.09.03-1.20.1.jar%23191!/:?]
	at com.google.gson.internal.bind.TreeTypeAdapter.read(TreeTypeAdapter.java:76) ~[gson-2.10.jar%23130!/:?]
	at com.google.gson.internal.bind.TypeAdapterRuntimeTypeWrapper.read(TypeAdapterRuntimeTypeWrapper.java:40) ~[gson-2.10.jar%23130!/:?]
	at com.google.gson.internal.bind.ArrayTypeAdapter.read(ArrayTypeAdapter.java:72) ~[gson-2.10.jar%23130!/:?]
	at com.google.gson.Gson.fromJson(Gson.java:1214) ~[gson-2.10.jar%23130!/:?]
	at com.google.gson.Gson.fromJson(Gson.java:1319) ~[gson-2.10.jar%23130!/:?]
	at com.google.gson.Gson.fromJson(Gson.java:1290) ~[gson-2.10.jar%23130!/:?]
	at com.google.gson.internal.bind.TreeTypeAdapter$GsonContextImpl.deserialize(TreeTypeAdapter.java:179) ~[gson-2.10.jar%23130!/:?]
	at net.minecraft.util.GsonHelper.convertToObject(GsonHelper.java:463) ~[forge-1.20.1-47.2.0_mapped_parchment_2023.09.03-1.20.1.jar%23191!/:?]
	at net.minecraft.util.GsonHelper.getAsObject(GsonHelper.java:471) ~[forge-1.20.1-47.2.0_mapped_parchment_2023.09.03-1.20.1.jar%23191!/:?]
	at net.minecraft.world.level.storage.loot.LootPool$Serializer.deserialize(LootPool.java:192) ~[forge-1.20.1-47.2.0_mapped_parchment_2023.09.03-1.20.1.jar%23191!/:?]
	at net.minecraft.world.level.storage.loot.LootPool$Serializer.deserialize(LootPool.java:189) ~[forge-1.20.1-47.2.0_mapped_parchment_2023.09.03-1.20.1.jar%23191!/:?]
	at com.google.gson.internal.bind.TreeTypeAdapter.read(TreeTypeAdapter.java:76) ~[gson-2.10.jar%23130!/:?]
	at com.google.gson.internal.bind.TypeAdapterRuntimeTypeWrapper.read(TypeAdapterRuntimeTypeWrapper.java:40) ~[gson-2.10.jar%23130!/:?]
	at com.google.gson.internal.bind.ArrayTypeAdapter.read(ArrayTypeAdapter.java:72) ~[gson-2.10.jar%23130!/:?]
	at com.google.gson.Gson.fromJson(Gson.java:1214) ~[gson-2.10.jar%23130!/:?]
	at com.google.gson.Gson.fromJson(Gson.java:1319) ~[gson-2.10.jar%23130!/:?]
	at com.google.gson.Gson.fromJson(Gson.java:1290) ~[gson-2.10.jar%23130!/:?]
	at com.google.gson.internal.bind.TreeTypeAdapter$GsonContextImpl.deserialize(TreeTypeAdapter.java:179) ~[gson-2.10.jar%23130!/:?]
	at net.minecraft.util.GsonHelper.convertToObject(GsonHelper.java:463) ~[forge-1.20.1-47.2.0_mapped_parchment_2023.09.03-1.20.1.jar%23191!/:?]
	at net.minecraft.util.GsonHelper.getAsObject(GsonHelper.java:481) ~[forge-1.20.1-47.2.0_mapped_parchment_2023.09.03-1.20.1.jar%23191!/:?]
	at net.minecraft.world.level.storage.loot.LootTable$Serializer.deserialize(LootTable.java:294) ~[forge-1.20.1-47.2.0_mapped_parchment_2023.09.03-1.20.1.jar%23191!/:?]
	at net.minecraft.world.level.storage.loot.LootTable$Serializer.deserialize(LootTable.java:291) ~[forge-1.20.1-47.2.0_mapped_parchment_2023.09.03-1.20.1.jar%23191!/:?]
	at com.google.gson.internal.bind.TreeTypeAdapter.read(TreeTypeAdapter.java:76) ~[gson-2.10.jar%23130!/:?]
	at com.google.gson.Gson.fromJson(Gson.java:1214) ~[gson-2.10.jar%23130!/:?]
	at com.google.gson.Gson.fromJson(Gson.java:1319) ~[gson-2.10.jar%23130!/:?]
	at com.google.gson.Gson.fromJson(Gson.java:1261) ~[gson-2.10.jar%23130!/:?]
	at net.minecraftforge.common.ForgeHooks.loadLootTable(ForgeHooks.java:871) ~[forge-1.20.1-47.2.0_mapped_parchment_2023.09.03-1.20.1.jar%23190%23197!/:?]
	at net.minecraftforge.common.ForgeHooks.lambda$getLootTableDeserializer$3(ForgeHooks.java:848) ~[forge-1.20.1-47.2.0_mapped_parchment_2023.09.03-1.20.1.jar%23190%23197!/:?]
	at net.minecraft.world.level.storage.loot.LootDataType.deserialize(LootDataType.java:45) ~[forge-1.20.1-47.2.0_mapped_parchment_2023.09.03-1.20.1.jar%23191!/:?]
	at net.minecraft.world.level.storage.loot.LootDataManager.lambda$scheduleElementParse$4(LootDataManager.java:56) ~[forge-1.20.1-47.2.0_mapped_parchment_2023.09.03-1.20.1.jar%23191!/:?]
	at java.util.HashMap.forEach(HashMap.java:1421) ~[?:?]
	at net.minecraft.world.level.storage.loot.LootDataManager.lambda$scheduleElementParse$5(LootDataManager.java:55) ~[forge-1.20.1-47.2.0_mapped_parchment_2023.09.03-1.20.1.jar%23191!/:?]
	at java.util.concurrent.CompletableFuture$AsyncRun.run(CompletableFuture.java:1804) ~[?:?]
	at java.util.concurrent.CompletableFuture$AsyncRun.exec(CompletableFuture.java:1796) ~[?:?]
	at java.util.concurrent.ForkJoinTask.doExec(ForkJoinTask.java:373) ~[?:?]
	at java.util.concurrent.ForkJoinPool$WorkQueue.topLevelExec(ForkJoinPool.java:1182) ~[?:?]
	at java.util.concurrent.ForkJoinPool.scan(ForkJoinPool.java:1655) ~[?:?]
	at java.util.concurrent.ForkJoinPool.runWorker(ForkJoinPool.java:1622) ~[?:?]
	at java.util.concurrent.ForkJoinWorkerThread.run(ForkJoinWorkerThread.java:165) ~[?:?]
[17Jun2025 23:52:25.910] [Worker-Main-9/ERROR] [net.minecraftforge.common.ForgeHooks/]: Couldn't parse element loot_tables:simplemissiles:blocks/tnt_missle_falling
com.google.gson.JsonSyntaxException: Expected name to be an item, was unknown string 'simplemissiles:tnt_missle'
	at net.minecraft.util.GsonHelper.lambda$convertToItem$0(GsonHelper.java:145) ~[forge-1.20.1-47.2.0_mapped_parchment_2023.09.03-1.20.1.jar%23191!/:?]
	at java.util.Optional.orElseThrow(Optional.java:403) ~[?:?]
	at net.minecraft.util.GsonHelper.convertToItem(GsonHelper.java:145) ~[forge-1.20.1-47.2.0_mapped_parchment_2023.09.03-1.20.1.jar%23191!/:?]
	at net.minecraft.util.GsonHelper.getAsItem(GsonHelper.java:153) ~[forge-1.20.1-47.2.0_mapped_parchment_2023.09.03-1.20.1.jar%23191!/:?]
	at net.minecraft.world.level.storage.loot.entries.LootItem$Serializer.deserialize(LootItem.java:55) ~[forge-1.20.1-47.2.0_mapped_parchment_2023.09.03-1.20.1.jar%23191!/:?]
	at net.minecraft.world.level.storage.loot.entries.LootItem$Serializer.deserialize(LootItem.java:40) ~[forge-1.20.1-47.2.0_mapped_parchment_2023.09.03-1.20.1.jar%23191!/:?]
	at net.minecraft.world.level.storage.loot.entries.LootPoolSingletonContainer$Serializer.deserializeCustom(LootPoolSingletonContainer.java:151) ~[forge-1.20.1-47.2.0_mapped_parchment_2023.09.03-1.20.1.jar%23191!/:?]
	at net.minecraft.world.level.storage.loot.entries.LootPoolSingletonContainer$Serializer.deserializeCustom(LootPoolSingletonContainer.java:129) ~[forge-1.20.1-47.2.0_mapped_parchment_2023.09.03-1.20.1.jar%23191!/:?]
	at net.minecraft.world.level.storage.loot.entries.LootPoolEntryContainer$Serializer.deserialize(LootPoolEntryContainer.java:86) ~[forge-1.20.1-47.2.0_mapped_parchment_2023.09.03-1.20.1.jar%23191!/:?]
	at net.minecraft.world.level.storage.loot.entries.LootPoolEntryContainer$Serializer.deserialize(LootPoolEntryContainer.java:74) ~[forge-1.20.1-47.2.0_mapped_parchment_2023.09.03-1.20.1.jar%23191!/:?]
	at net.minecraft.world.level.storage.loot.GsonAdapterFactory$JsonAdapter.deserialize(GsonAdapterFactory.java:102) ~[forge-1.20.1-47.2.0_mapped_parchment_2023.09.03-1.20.1.jar%23191!/:?]
	at com.google.gson.internal.bind.TreeTypeAdapter.read(TreeTypeAdapter.java:76) ~[gson-2.10.jar%23130!/:?]
	at com.google.gson.internal.bind.TypeAdapterRuntimeTypeWrapper.read(TypeAdapterRuntimeTypeWrapper.java:40) ~[gson-2.10.jar%23130!/:?]
	at com.google.gson.internal.bind.ArrayTypeAdapter.read(ArrayTypeAdapter.java:72) ~[gson-2.10.jar%23130!/:?]
	at com.google.gson.Gson.fromJson(Gson.java:1214) ~[gson-2.10.jar%23130!/:?]
	at com.google.gson.Gson.fromJson(Gson.java:1319) ~[gson-2.10.jar%23130!/:?]
	at com.google.gson.Gson.fromJson(Gson.java:1290) ~[gson-2.10.jar%23130!/:?]
	at com.google.gson.internal.bind.TreeTypeAdapter$GsonContextImpl.deserialize(TreeTypeAdapter.java:179) ~[gson-2.10.jar%23130!/:?]
	at net.minecraft.util.GsonHelper.convertToObject(GsonHelper.java:463) ~[forge-1.20.1-47.2.0_mapped_parchment_2023.09.03-1.20.1.jar%23191!/:?]
	at net.minecraft.util.GsonHelper.getAsObject(GsonHelper.java:471) ~[forge-1.20.1-47.2.0_mapped_parchment_2023.09.03-1.20.1.jar%23191!/:?]
	at net.minecraft.world.level.storage.loot.LootPool$Serializer.deserialize(LootPool.java:192) ~[forge-1.20.1-47.2.0_mapped_parchment_2023.09.03-1.20.1.jar%23191!/:?]
	at net.minecraft.world.level.storage.loot.LootPool$Serializer.deserialize(LootPool.java:189) ~[forge-1.20.1-47.2.0_mapped_parchment_2023.09.03-1.20.1.jar%23191!/:?]
	at com.google.gson.internal.bind.TreeTypeAdapter.read(TreeTypeAdapter.java:76) ~[gson-2.10.jar%23130!/:?]
	at com.google.gson.internal.bind.TypeAdapterRuntimeTypeWrapper.read(TypeAdapterRuntimeTypeWrapper.java:40) ~[gson-2.10.jar%23130!/:?]
	at com.google.gson.internal.bind.ArrayTypeAdapter.read(ArrayTypeAdapter.java:72) ~[gson-2.10.jar%23130!/:?]
	at com.google.gson.Gson.fromJson(Gson.java:1214) ~[gson-2.10.jar%23130!/:?]
	at com.google.gson.Gson.fromJson(Gson.java:1319) ~[gson-2.10.jar%23130!/:?]
	at com.google.gson.Gson.fromJson(Gson.java:1290) ~[gson-2.10.jar%23130!/:?]
	at com.google.gson.internal.bind.TreeTypeAdapter$GsonContextImpl.deserialize(TreeTypeAdapter.java:179) ~[gson-2.10.jar%23130!/:?]
	at net.minecraft.util.GsonHelper.convertToObject(GsonHelper.java:463) ~[forge-1.20.1-47.2.0_mapped_parchment_2023.09.03-1.20.1.jar%23191!/:?]
	at net.minecraft.util.GsonHelper.getAsObject(GsonHelper.java:481) ~[forge-1.20.1-47.2.0_mapped_parchment_2023.09.03-1.20.1.jar%23191!/:?]
	at net.minecraft.world.level.storage.loot.LootTable$Serializer.deserialize(LootTable.java:294) ~[forge-1.20.1-47.2.0_mapped_parchment_2023.09.03-1.20.1.jar%23191!/:?]
	at net.minecraft.world.level.storage.loot.LootTable$Serializer.deserialize(LootTable.java:291) ~[forge-1.20.1-47.2.0_mapped_parchment_2023.09.03-1.20.1.jar%23191!/:?]
	at com.google.gson.internal.bind.TreeTypeAdapter.read(TreeTypeAdapter.java:76) ~[gson-2.10.jar%23130!/:?]
	at com.google.gson.Gson.fromJson(Gson.java:1214) ~[gson-2.10.jar%23130!/:?]
	at com.google.gson.Gson.fromJson(Gson.java:1319) ~[gson-2.10.jar%23130!/:?]
	at com.google.gson.Gson.fromJson(Gson.java:1261) ~[gson-2.10.jar%23130!/:?]
	at net.minecraftforge.common.ForgeHooks.loadLootTable(ForgeHooks.java:871) ~[forge-1.20.1-47.2.0_mapped_parchment_2023.09.03-1.20.1.jar%23190%23197!/:?]
	at net.minecraftforge.common.ForgeHooks.lambda$getLootTableDeserializer$3(ForgeHooks.java:848) ~[forge-1.20.1-47.2.0_mapped_parchment_2023.09.03-1.20.1.jar%23190%23197!/:?]
	at net.minecraft.world.level.storage.loot.LootDataType.deserialize(LootDataType.java:45) ~[forge-1.20.1-47.2.0_mapped_parchment_2023.09.03-1.20.1.jar%23191!/:?]
	at net.minecraft.world.level.storage.loot.LootDataManager.lambda$scheduleElementParse$4(LootDataManager.java:56) ~[forge-1.20.1-47.2.0_mapped_parchment_2023.09.03-1.20.1.jar%23191!/:?]
	at java.util.HashMap.forEach(HashMap.java:1421) ~[?:?]
	at net.minecraft.world.level.storage.loot.LootDataManager.lambda$scheduleElementParse$5(LootDataManager.java:55) ~[forge-1.20.1-47.2.0_mapped_parchment_2023.09.03-1.20.1.jar%23191!/:?]
	at java.util.concurrent.CompletableFuture$AsyncRun.run(CompletableFuture.java:1804) ~[?:?]
	at java.util.concurrent.CompletableFuture$AsyncRun.exec(CompletableFuture.java:1796) ~[?:?]
	at java.util.concurrent.ForkJoinTask.doExec(ForkJoinTask.java:373) ~[?:?]
	at java.util.concurrent.ForkJoinPool$WorkQueue.topLevelExec(ForkJoinPool.java:1182) ~[?:?]
	at java.util.concurrent.ForkJoinPool.scan(ForkJoinPool.java:1655) ~[?:?]
	at java.util.concurrent.ForkJoinPool.runWorker(ForkJoinPool.java:1622) ~[?:?]
	at java.util.concurrent.ForkJoinWorkerThread.run(ForkJoinWorkerThread.java:165) ~[?:?]
[17Jun2025 23:52:25.918] [Worker-Main-9/ERROR] [net.minecraftforge.common.ForgeHooks/]: Couldn't parse element loot_tables:simplemissiles:blocks/effect_missile_falling
com.google.gson.JsonSyntaxException: Expected name to be an item, was unknown string 'simplemissiles:effect_missile_falling'
	at net.minecraft.util.GsonHelper.lambda$convertToItem$0(GsonHelper.java:145) ~[forge-1.20.1-47.2.0_mapped_parchment_2023.09.03-1.20.1.jar%23191!/:?]
	at java.util.Optional.orElseThrow(Optional.java:403) ~[?:?]
	at net.minecraft.util.GsonHelper.convertToItem(GsonHelper.java:145) ~[forge-1.20.1-47.2.0_mapped_parchment_2023.09.03-1.20.1.jar%23191!/:?]
	at net.minecraft.util.GsonHelper.getAsItem(GsonHelper.java:153) ~[forge-1.20.1-47.2.0_mapped_parchment_2023.09.03-1.20.1.jar%23191!/:?]
	at net.minecraft.world.level.storage.loot.entries.LootItem$Serializer.deserialize(LootItem.java:55) ~[forge-1.20.1-47.2.0_mapped_parchment_2023.09.03-1.20.1.jar%23191!/:?]
	at net.minecraft.world.level.storage.loot.entries.LootItem$Serializer.deserialize(LootItem.java:40) ~[forge-1.20.1-47.2.0_mapped_parchment_2023.09.03-1.20.1.jar%23191!/:?]
	at net.minecraft.world.level.storage.loot.entries.LootPoolSingletonContainer$Serializer.deserializeCustom(LootPoolSingletonContainer.java:151) ~[forge-1.20.1-47.2.0_mapped_parchment_2023.09.03-1.20.1.jar%23191!/:?]
	at net.minecraft.world.level.storage.loot.entries.LootPoolSingletonContainer$Serializer.deserializeCustom(LootPoolSingletonContainer.java:129) ~[forge-1.20.1-47.2.0_mapped_parchment_2023.09.03-1.20.1.jar%23191!/:?]
	at net.minecraft.world.level.storage.loot.entries.LootPoolEntryContainer$Serializer.deserialize(LootPoolEntryContainer.java:86) ~[forge-1.20.1-47.2.0_mapped_parchment_2023.09.03-1.20.1.jar%23191!/:?]
	at net.minecraft.world.level.storage.loot.entries.LootPoolEntryContainer$Serializer.deserialize(LootPoolEntryContainer.java:74) ~[forge-1.20.1-47.2.0_mapped_parchment_2023.09.03-1.20.1.jar%23191!/:?]
	at net.minecraft.world.level.storage.loot.GsonAdapterFactory$JsonAdapter.deserialize(GsonAdapterFactory.java:102) ~[forge-1.20.1-47.2.0_mapped_parchment_2023.09.03-1.20.1.jar%23191!/:?]
	at com.google.gson.internal.bind.TreeTypeAdapter.read(TreeTypeAdapter.java:76) ~[gson-2.10.jar%23130!/:?]
	at com.google.gson.internal.bind.TypeAdapterRuntimeTypeWrapper.read(TypeAdapterRuntimeTypeWrapper.java:40) ~[gson-2.10.jar%23130!/:?]
	at com.google.gson.internal.bind.ArrayTypeAdapter.read(ArrayTypeAdapter.java:72) ~[gson-2.10.jar%23130!/:?]
	at com.google.gson.Gson.fromJson(Gson.java:1214) ~[gson-2.10.jar%23130!/:?]
	at com.google.gson.Gson.fromJson(Gson.java:1319) ~[gson-2.10.jar%23130!/:?]
	at com.google.gson.Gson.fromJson(Gson.java:1290) ~[gson-2.10.jar%23130!/:?]
	at com.google.gson.internal.bind.TreeTypeAdapter$GsonContextImpl.deserialize(TreeTypeAdapter.java:179) ~[gson-2.10.jar%23130!/:?]
	at net.minecraft.util.GsonHelper.convertToObject(GsonHelper.java:463) ~[forge-1.20.1-47.2.0_mapped_parchment_2023.09.03-1.20.1.jar%23191!/:?]
	at net.minecraft.util.GsonHelper.getAsObject(GsonHelper.java:471) ~[forge-1.20.1-47.2.0_mapped_parchment_2023.09.03-1.20.1.jar%23191!/:?]
	at net.minecraft.world.level.storage.loot.LootPool$Serializer.deserialize(LootPool.java:192) ~[forge-1.20.1-47.2.0_mapped_parchment_2023.09.03-1.20.1.jar%23191!/:?]
	at net.minecraft.world.level.storage.loot.LootPool$Serializer.deserialize(LootPool.java:189) ~[forge-1.20.1-47.2.0_mapped_parchment_2023.09.03-1.20.1.jar%23191!/:?]
	at com.google.gson.internal.bind.TreeTypeAdapter.read(TreeTypeAdapter.java:76) ~[gson-2.10.jar%23130!/:?]
	at com.google.gson.internal.bind.TypeAdapterRuntimeTypeWrapper.read(TypeAdapterRuntimeTypeWrapper.java:40) ~[gson-2.10.jar%23130!/:?]
	at com.google.gson.internal.bind.ArrayTypeAdapter.read(ArrayTypeAdapter.java:72) ~[gson-2.10.jar%23130!/:?]
	at com.google.gson.Gson.fromJson(Gson.java:1214) ~[gson-2.10.jar%23130!/:?]
	at com.google.gson.Gson.fromJson(Gson.java:1319) ~[gson-2.10.jar%23130!/:?]
	at com.google.gson.Gson.fromJson(Gson.java:1290) ~[gson-2.10.jar%23130!/:?]
	at com.google.gson.internal.bind.TreeTypeAdapter$GsonContextImpl.deserialize(TreeTypeAdapter.java:179) ~[gson-2.10.jar%23130!/:?]
	at net.minecraft.util.GsonHelper.convertToObject(GsonHelper.java:463) ~[forge-1.20.1-47.2.0_mapped_parchment_2023.09.03-1.20.1.jar%23191!/:?]
	at net.minecraft.util.GsonHelper.getAsObject(GsonHelper.java:481) ~[forge-1.20.1-47.2.0_mapped_parchment_2023.09.03-1.20.1.jar%23191!/:?]
	at net.minecraft.world.level.storage.loot.LootTable$Serializer.deserialize(LootTable.java:294) ~[forge-1.20.1-47.2.0_mapped_parchment_2023.09.03-1.20.1.jar%23191!/:?]
	at net.minecraft.world.level.storage.loot.LootTable$Serializer.deserialize(LootTable.java:291) ~[forge-1.20.1-47.2.0_mapped_parchment_2023.09.03-1.20.1.jar%23191!/:?]
	at com.google.gson.internal.bind.TreeTypeAdapter.read(TreeTypeAdapter.java:76) ~[gson-2.10.jar%23130!/:?]
	at com.google.gson.Gson.fromJson(Gson.java:1214) ~[gson-2.10.jar%23130!/:?]
	at com.google.gson.Gson.fromJson(Gson.java:1319) ~[gson-2.10.jar%23130!/:?]
	at com.google.gson.Gson.fromJson(Gson.java:1261) ~[gson-2.10.jar%23130!/:?]
	at net.minecraftforge.common.ForgeHooks.loadLootTable(ForgeHooks.java:871) ~[forge-1.20.1-47.2.0_mapped_parchment_2023.09.03-1.20.1.jar%23190%23197!/:?]
	at net.minecraftforge.common.ForgeHooks.lambda$getLootTableDeserializer$3(ForgeHooks.java:848) ~[forge-1.20.1-47.2.0_mapped_parchment_2023.09.03-1.20.1.jar%23190%23197!/:?]
	at net.minecraft.world.level.storage.loot.LootDataType.deserialize(LootDataType.java:45) ~[forge-1.20.1-47.2.0_mapped_parchment_2023.09.03-1.20.1.jar%23191!/:?]
	at net.minecraft.world.level.storage.loot.LootDataManager.lambda$scheduleElementParse$4(LootDataManager.java:56) ~[forge-1.20.1-47.2.0_mapped_parchment_2023.09.03-1.20.1.jar%23191!/:?]
	at java.util.HashMap.forEach(HashMap.java:1421) ~[?:?]
	at net.minecraft.world.level.storage.loot.LootDataManager.lambda$scheduleElementParse$5(LootDataManager.java:55) ~[forge-1.20.1-47.2.0_mapped_parchment_2023.09.03-1.20.1.jar%23191!/:?]
	at java.util.concurrent.CompletableFuture$AsyncRun.run(CompletableFuture.java:1804) ~[?:?]
	at java.util.concurrent.CompletableFuture$AsyncRun.exec(CompletableFuture.java:1796) ~[?:?]
	at java.util.concurrent.ForkJoinTask.doExec(ForkJoinTask.java:373) ~[?:?]
	at java.util.concurrent.ForkJoinPool$WorkQueue.topLevelExec(ForkJoinPool.java:1182) ~[?:?]
	at java.util.concurrent.ForkJoinPool.scan(ForkJoinPool.java:1655) ~[?:?]
	at java.util.concurrent.ForkJoinPool.runWorker(ForkJoinPool.java:1622) ~[?:?]
	at java.util.concurrent.ForkJoinWorkerThread.run(ForkJoinWorkerThread.java:165) ~[?:?]
[17Jun2025 23:52:25.927] [Worker-Main-9/ERROR] [net.minecraftforge.common.ForgeHooks/]: Couldn't parse element loot_tables:simplemissiles:blocks/console
com.google.gson.JsonSyntaxException: Expected name to be an item, was unknown string 'simplemissiles:console'
	at net.minecraft.util.GsonHelper.lambda$convertToItem$0(GsonHelper.java:145) ~[forge-1.20.1-47.2.0_mapped_parchment_2023.09.03-1.20.1.jar%23191!/:?]
	at java.util.Optional.orElseThrow(Optional.java:403) ~[?:?]
	at net.minecraft.util.GsonHelper.convertToItem(GsonHelper.java:145) ~[forge-1.20.1-47.2.0_mapped_parchment_2023.09.03-1.20.1.jar%23191!/:?]
	at net.minecraft.util.GsonHelper.getAsItem(GsonHelper.java:153) ~[forge-1.20.1-47.2.0_mapped_parchment_2023.09.03-1.20.1.jar%23191!/:?]
	at net.minecraft.world.level.storage.loot.entries.LootItem$Serializer.deserialize(LootItem.java:55) ~[forge-1.20.1-47.2.0_mapped_parchment_2023.09.03-1.20.1.jar%23191!/:?]
	at net.minecraft.world.level.storage.loot.entries.LootItem$Serializer.deserialize(LootItem.java:40) ~[forge-1.20.1-47.2.0_mapped_parchment_2023.09.03-1.20.1.jar%23191!/:?]
	at net.minecraft.world.level.storage.loot.entries.LootPoolSingletonContainer$Serializer.deserializeCustom(LootPoolSingletonContainer.java:151) ~[forge-1.20.1-47.2.0_mapped_parchment_2023.09.03-1.20.1.jar%23191!/:?]
	at net.minecraft.world.level.storage.loot.entries.LootPoolSingletonContainer$Serializer.deserializeCustom(LootPoolSingletonContainer.java:129) ~[forge-1.20.1-47.2.0_mapped_parchment_2023.09.03-1.20.1.jar%23191!/:?]
	at net.minecraft.world.level.storage.loot.entries.LootPoolEntryContainer$Serializer.deserialize(LootPoolEntryContainer.java:86) ~[forge-1.20.1-47.2.0_mapped_parchment_2023.09.03-1.20.1.jar%23191!/:?]
	at net.minecraft.world.level.storage.loot.entries.LootPoolEntryContainer$Serializer.deserialize(LootPoolEntryContainer.java:74) ~[forge-1.20.1-47.2.0_mapped_parchment_2023.09.03-1.20.1.jar%23191!/:?]
	at net.minecraft.world.level.storage.loot.GsonAdapterFactory$JsonAdapter.deserialize(GsonAdapterFactory.java:102) ~[forge-1.20.1-47.2.0_mapped_parchment_2023.09.03-1.20.1.jar%23191!/:?]
	at com.google.gson.internal.bind.TreeTypeAdapter.read(TreeTypeAdapter.java:76) ~[gson-2.10.jar%23130!/:?]
	at com.google.gson.internal.bind.TypeAdapterRuntimeTypeWrapper.read(TypeAdapterRuntimeTypeWrapper.java:40) ~[gson-2.10.jar%23130!/:?]
	at com.google.gson.internal.bind.ArrayTypeAdapter.read(ArrayTypeAdapter.java:72) ~[gson-2.10.jar%23130!/:?]
	at com.google.gson.Gson.fromJson(Gson.java:1214) ~[gson-2.10.jar%23130!/:?]
	at com.google.gson.Gson.fromJson(Gson.java:1319) ~[gson-2.10.jar%23130!/:?]
	at com.google.gson.Gson.fromJson(Gson.java:1290) ~[gson-2.10.jar%23130!/:?]
	at com.google.gson.internal.bind.TreeTypeAdapter$GsonContextImpl.deserialize(TreeTypeAdapter.java:179) ~[gson-2.10.jar%23130!/:?]
	at net.minecraft.util.GsonHelper.convertToObject(GsonHelper.java:463) ~[forge-1.20.1-47.2.0_mapped_parchment_2023.09.03-1.20.1.jar%23191!/:?]
	at net.minecraft.util.GsonHelper.getAsObject(GsonHelper.java:471) ~[forge-1.20.1-47.2.0_mapped_parchment_2023.09.03-1.20.1.jar%23191!/:?]
	at net.minecraft.world.level.storage.loot.LootPool$Serializer.deserialize(LootPool.java:192) ~[forge-1.20.1-47.2.0_mapped_parchment_2023.09.03-1.20.1.jar%23191!/:?]
	at net.minecraft.world.level.storage.loot.LootPool$Serializer.deserialize(LootPool.java:189) ~[forge-1.20.1-47.2.0_mapped_parchment_2023.09.03-1.20.1.jar%23191!/:?]
	at com.google.gson.internal.bind.TreeTypeAdapter.read(TreeTypeAdapter.java:76) ~[gson-2.10.jar%23130!/:?]
	at com.google.gson.internal.bind.TypeAdapterRuntimeTypeWrapper.read(TypeAdapterRuntimeTypeWrapper.java:40) ~[gson-2.10.jar%23130!/:?]
	at com.google.gson.internal.bind.ArrayTypeAdapter.read(ArrayTypeAdapter.java:72) ~[gson-2.10.jar%23130!/:?]
	at com.google.gson.Gson.fromJson(Gson.java:1214) ~[gson-2.10.jar%23130!/:?]
	at com.google.gson.Gson.fromJson(Gson.java:1319) ~[gson-2.10.jar%23130!/:?]
	at com.google.gson.Gson.fromJson(Gson.java:1290) ~[gson-2.10.jar%23130!/:?]
	at com.google.gson.internal.bind.TreeTypeAdapter$GsonContextImpl.deserialize(TreeTypeAdapter.java:179) ~[gson-2.10.jar%23130!/:?]
	at net.minecraft.util.GsonHelper.convertToObject(GsonHelper.java:463) ~[forge-1.20.1-47.2.0_mapped_parchment_2023.09.03-1.20.1.jar%23191!/:?]
	at net.minecraft.util.GsonHelper.getAsObject(GsonHelper.java:481) ~[forge-1.20.1-47.2.0_mapped_parchment_2023.09.03-1.20.1.jar%23191!/:?]
	at net.minecraft.world.level.storage.loot.LootTable$Serializer.deserialize(LootTable.java:294) ~[forge-1.20.1-47.2.0_mapped_parchment_2023.09.03-1.20.1.jar%23191!/:?]
	at net.minecraft.world.level.storage.loot.LootTable$Serializer.deserialize(LootTable.java:291) ~[forge-1.20.1-47.2.0_mapped_parchment_2023.09.03-1.20.1.jar%23191!/:?]
	at com.google.gson.internal.bind.TreeTypeAdapter.read(TreeTypeAdapter.java:76) ~[gson-2.10.jar%23130!/:?]
	at com.google.gson.Gson.fromJson(Gson.java:1214) ~[gson-2.10.jar%23130!/:?]
	at com.google.gson.Gson.fromJson(Gson.java:1319) ~[gson-2.10.jar%23130!/:?]
	at com.google.gson.Gson.fromJson(Gson.java:1261) ~[gson-2.10.jar%23130!/:?]
	at net.minecraftforge.common.ForgeHooks.loadLootTable(ForgeHooks.java:871) ~[forge-1.20.1-47.2.0_mapped_parchment_2023.09.03-1.20.1.jar%23190%23197!/:?]
	at net.minecraftforge.common.ForgeHooks.lambda$getLootTableDeserializer$3(ForgeHooks.java:848) ~[forge-1.20.1-47.2.0_mapped_parchment_2023.09.03-1.20.1.jar%23190%23197!/:?]
	at net.minecraft.world.level.storage.loot.LootDataType.deserialize(LootDataType.java:45) ~[forge-1.20.1-47.2.0_mapped_parchment_2023.09.03-1.20.1.jar%23191!/:?]
	at net.minecraft.world.level.storage.loot.LootDataManager.lambda$scheduleElementParse$4(LootDataManager.java:56) ~[forge-1.20.1-47.2.0_mapped_parchment_2023.09.03-1.20.1.jar%23191!/:?]
	at java.util.HashMap.forEach(HashMap.java:1421) ~[?:?]
	at net.minecraft.world.level.storage.loot.LootDataManager.lambda$scheduleElementParse$5(LootDataManager.java:55) ~[forge-1.20.1-47.2.0_mapped_parchment_2023.09.03-1.20.1.jar%23191!/:?]
	at java.util.concurrent.CompletableFuture$AsyncRun.run(CompletableFuture.java:1804) ~[?:?]
	at java.util.concurrent.CompletableFuture$AsyncRun.exec(CompletableFuture.java:1796) ~[?:?]
	at java.util.concurrent.ForkJoinTask.doExec(ForkJoinTask.java:373) ~[?:?]
	at java.util.concurrent.ForkJoinPool$WorkQueue.topLevelExec(ForkJoinPool.java:1182) ~[?:?]
	at java.util.concurrent.ForkJoinPool.scan(ForkJoinPool.java:1655) ~[?:?]
	at java.util.concurrent.ForkJoinPool.runWorker(ForkJoinPool.java:1622) ~[?:?]
	at java.util.concurrent.ForkJoinWorkerThread.run(ForkJoinWorkerThread.java:165) ~[?:?]
[17Jun2025 23:52:25.932] [Worker-Main-9/ERROR] [net.minecraftforge.common.ForgeHooks/]: Couldn't parse element loot_tables:simplemissiles:blocks/playerlocator
com.google.gson.JsonSyntaxException: Expected name to be an item, was unknown string 'simplemissiles:playerlocator'
	at net.minecraft.util.GsonHelper.lambda$convertToItem$0(GsonHelper.java:145) ~[forge-1.20.1-47.2.0_mapped_parchment_2023.09.03-1.20.1.jar%23191!/:?]
	at java.util.Optional.orElseThrow(Optional.java:403) ~[?:?]
	at net.minecraft.util.GsonHelper.convertToItem(GsonHelper.java:145) ~[forge-1.20.1-47.2.0_mapped_parchment_2023.09.03-1.20.1.jar%23191!/:?]
	at net.minecraft.util.GsonHelper.getAsItem(GsonHelper.java:153) ~[forge-1.20.1-47.2.0_mapped_parchment_2023.09.03-1.20.1.jar%23191!/:?]
	at net.minecraft.world.level.storage.loot.entries.LootItem$Serializer.deserialize(LootItem.java:55) ~[forge-1.20.1-47.2.0_mapped_parchment_2023.09.03-1.20.1.jar%23191!/:?]
	at net.minecraft.world.level.storage.loot.entries.LootItem$Serializer.deserialize(LootItem.java:40) ~[forge-1.20.1-47.2.0_mapped_parchment_2023.09.03-1.20.1.jar%23191!/:?]
	at net.minecraft.world.level.storage.loot.entries.LootPoolSingletonContainer$Serializer.deserializeCustom(LootPoolSingletonContainer.java:151) ~[forge-1.20.1-47.2.0_mapped_parchment_2023.09.03-1.20.1.jar%23191!/:?]
	at net.minecraft.world.level.storage.loot.entries.LootPoolSingletonContainer$Serializer.deserializeCustom(LootPoolSingletonContainer.java:129) ~[forge-1.20.1-47.2.0_mapped_parchment_2023.09.03-1.20.1.jar%23191!/:?]
	at net.minecraft.world.level.storage.loot.entries.LootPoolEntryContainer$Serializer.deserialize(LootPoolEntryContainer.java:86) ~[forge-1.20.1-47.2.0_mapped_parchment_2023.09.03-1.20.1.jar%23191!/:?]
	at net.minecraft.world.level.storage.loot.entries.LootPoolEntryContainer$Serializer.deserialize(LootPoolEntryContainer.java:74) ~[forge-1.20.1-47.2.0_mapped_parchment_2023.09.03-1.20.1.jar%23191!/:?]
	at net.minecraft.world.level.storage.loot.GsonAdapterFactory$JsonAdapter.deserialize(GsonAdapterFactory.java:102) ~[forge-1.20.1-47.2.0_mapped_parchment_2023.09.03-1.20.1.jar%23191!/:?]
	at com.google.gson.internal.bind.TreeTypeAdapter.read(TreeTypeAdapter.java:76) ~[gson-2.10.jar%23130!/:?]
	at com.google.gson.internal.bind.TypeAdapterRuntimeTypeWrapper.read(TypeAdapterRuntimeTypeWrapper.java:40) ~[gson-2.10.jar%23130!/:?]
	at com.google.gson.internal.bind.ArrayTypeAdapter.read(ArrayTypeAdapter.java:72) ~[gson-2.10.jar%23130!/:?]
	at com.google.gson.Gson.fromJson(Gson.java:1214) ~[gson-2.10.jar%23130!/:?]
	at com.google.gson.Gson.fromJson(Gson.java:1319) ~[gson-2.10.jar%23130!/:?]
	at com.google.gson.Gson.fromJson(Gson.java:1290) ~[gson-2.10.jar%23130!/:?]
	at com.google.gson.internal.bind.TreeTypeAdapter$GsonContextImpl.deserialize(TreeTypeAdapter.java:179) ~[gson-2.10.jar%23130!/:?]
	at net.minecraft.util.GsonHelper.convertToObject(GsonHelper.java:463) ~[forge-1.20.1-47.2.0_mapped_parchment_2023.09.03-1.20.1.jar%23191!/:?]
	at net.minecraft.util.GsonHelper.getAsObject(GsonHelper.java:471) ~[forge-1.20.1-47.2.0_mapped_parchment_2023.09.03-1.20.1.jar%23191!/:?]
	at net.minecraft.world.level.storage.loot.LootPool$Serializer.deserialize(LootPool.java:192) ~[forge-1.20.1-47.2.0_mapped_parchment_2023.09.03-1.20.1.jar%23191!/:?]
	at net.minecraft.world.level.storage.loot.LootPool$Serializer.deserialize(LootPool.java:189) ~[forge-1.20.1-47.2.0_mapped_parchment_2023.09.03-1.20.1.jar%23191!/:?]
	at com.google.gson.internal.bind.TreeTypeAdapter.read(TreeTypeAdapter.java:76) ~[gson-2.10.jar%23130!/:?]
	at com.google.gson.internal.bind.TypeAdapterRuntimeTypeWrapper.read(TypeAdapterRuntimeTypeWrapper.java:40) ~[gson-2.10.jar%23130!/:?]
	at com.google.gson.internal.bind.ArrayTypeAdapter.read(ArrayTypeAdapter.java:72) ~[gson-2.10.jar%23130!/:?]
	at com.google.gson.Gson.fromJson(Gson.java:1214) ~[gson-2.10.jar%23130!/:?]
	at com.google.gson.Gson.fromJson(Gson.java:1319) ~[gson-2.10.jar%23130!/:?]
	at com.google.gson.Gson.fromJson(Gson.java:1290) ~[gson-2.10.jar%23130!/:?]
	at com.google.gson.internal.bind.TreeTypeAdapter$GsonContextImpl.deserialize(TreeTypeAdapter.java:179) ~[gson-2.10.jar%23130!/:?]
	at net.minecraft.util.GsonHelper.convertToObject(GsonHelper.java:463) ~[forge-1.20.1-47.2.0_mapped_parchment_2023.09.03-1.20.1.jar%23191!/:?]
	at net.minecraft.util.GsonHelper.getAsObject(GsonHelper.java:481) ~[forge-1.20.1-47.2.0_mapped_parchment_2023.09.03-1.20.1.jar%23191!/:?]
	at net.minecraft.world.level.storage.loot.LootTable$Serializer.deserialize(LootTable.java:294) ~[forge-1.20.1-47.2.0_mapped_parchment_2023.09.03-1.20.1.jar%23191!/:?]
	at net.minecraft.world.level.storage.loot.LootTable$Serializer.deserialize(LootTable.java:291) ~[forge-1.20.1-47.2.0_mapped_parchment_2023.09.03-1.20.1.jar%23191!/:?]
	at com.google.gson.internal.bind.TreeTypeAdapter.read(TreeTypeAdapter.java:76) ~[gson-2.10.jar%23130!/:?]
	at com.google.gson.Gson.fromJson(Gson.java:1214) ~[gson-2.10.jar%23130!/:?]
	at com.google.gson.Gson.fromJson(Gson.java:1319) ~[gson-2.10.jar%23130!/:?]
	at com.google.gson.Gson.fromJson(Gson.java:1261) ~[gson-2.10.jar%23130!/:?]
	at net.minecraftforge.common.ForgeHooks.loadLootTable(ForgeHooks.java:871) ~[forge-1.20.1-47.2.0_mapped_parchment_2023.09.03-1.20.1.jar%23190%23197!/:?]
	at net.minecraftforge.common.ForgeHooks.lambda$getLootTableDeserializer$3(ForgeHooks.java:848) ~[forge-1.20.1-47.2.0_mapped_parchment_2023.09.03-1.20.1.jar%23190%23197!/:?]
	at net.minecraft.world.level.storage.loot.LootDataType.deserialize(LootDataType.java:45) ~[forge-1.20.1-47.2.0_mapped_parchment_2023.09.03-1.20.1.jar%23191!/:?]
	at net.minecraft.world.level.storage.loot.LootDataManager.lambda$scheduleElementParse$4(LootDataManager.java:56) ~[forge-1.20.1-47.2.0_mapped_parchment_2023.09.03-1.20.1.jar%23191!/:?]
	at java.util.HashMap.forEach(HashMap.java:1421) ~[?:?]
	at net.minecraft.world.level.storage.loot.LootDataManager.lambda$scheduleElementParse$5(LootDataManager.java:55) ~[forge-1.20.1-47.2.0_mapped_parchment_2023.09.03-1.20.1.jar%23191!/:?]
	at java.util.concurrent.CompletableFuture$AsyncRun.run(CompletableFuture.java:1804) ~[?:?]
	at java.util.concurrent.CompletableFuture$AsyncRun.exec(CompletableFuture.java:1796) ~[?:?]
	at java.util.concurrent.ForkJoinTask.doExec(ForkJoinTask.java:373) ~[?:?]
	at java.util.concurrent.ForkJoinPool$WorkQueue.topLevelExec(ForkJoinPool.java:1182) ~[?:?]
	at java.util.concurrent.ForkJoinPool.scan(ForkJoinPool.java:1655) ~[?:?]
	at java.util.concurrent.ForkJoinPool.runWorker(ForkJoinPool.java:1622) ~[?:?]
	at java.util.concurrent.ForkJoinWorkerThread.run(ForkJoinWorkerThread.java:165) ~[?:?]
[17Jun2025 23:52:25.947] [Worker-Main-9/ERROR] [net.minecraftforge.common.ForgeHooks/]: Couldn't parse element loot_tables:simplemissiles:blocks/cluster_bomb_falling
com.google.gson.JsonSyntaxException: Expected name to be an item, was unknown string 'simplemissiles:cluster_bomb_falling'
	at net.minecraft.util.GsonHelper.lambda$convertToItem$0(GsonHelper.java:145) ~[forge-1.20.1-47.2.0_mapped_parchment_2023.09.03-1.20.1.jar%23191!/:?]
	at java.util.Optional.orElseThrow(Optional.java:403) ~[?:?]
	at net.minecraft.util.GsonHelper.convertToItem(GsonHelper.java:145) ~[forge-1.20.1-47.2.0_mapped_parchment_2023.09.03-1.20.1.jar%23191!/:?]
	at net.minecraft.util.GsonHelper.getAsItem(GsonHelper.java:153) ~[forge-1.20.1-47.2.0_mapped_parchment_2023.09.03-1.20.1.jar%23191!/:?]
	at net.minecraft.world.level.storage.loot.entries.LootItem$Serializer.deserialize(LootItem.java:55) ~[forge-1.20.1-47.2.0_mapped_parchment_2023.09.03-1.20.1.jar%23191!/:?]
	at net.minecraft.world.level.storage.loot.entries.LootItem$Serializer.deserialize(LootItem.java:40) ~[forge-1.20.1-47.2.0_mapped_parchment_2023.09.03-1.20.1.jar%23191!/:?]
	at net.minecraft.world.level.storage.loot.entries.LootPoolSingletonContainer$Serializer.deserializeCustom(LootPoolSingletonContainer.java:151) ~[forge-1.20.1-47.2.0_mapped_parchment_2023.09.03-1.20.1.jar%23191!/:?]
	at net.minecraft.world.level.storage.loot.entries.LootPoolSingletonContainer$Serializer.deserializeCustom(LootPoolSingletonContainer.java:129) ~[forge-1.20.1-47.2.0_mapped_parchment_2023.09.03-1.20.1.jar%23191!/:?]
	at net.minecraft.world.level.storage.loot.entries.LootPoolEntryContainer$Serializer.deserialize(LootPoolEntryContainer.java:86) ~[forge-1.20.1-47.2.0_mapped_parchment_2023.09.03-1.20.1.jar%23191!/:?]
	at net.minecraft.world.level.storage.loot.entries.LootPoolEntryContainer$Serializer.deserialize(LootPoolEntryContainer.java:74) ~[forge-1.20.1-47.2.0_mapped_parchment_2023.09.03-1.20.1.jar%23191!/:?]
	at net.minecraft.world.level.storage.loot.GsonAdapterFactory$JsonAdapter.deserialize(GsonAdapterFactory.java:102) ~[forge-1.20.1-47.2.0_mapped_parchment_2023.09.03-1.20.1.jar%23191!/:?]
	at com.google.gson.internal.bind.TreeTypeAdapter.read(TreeTypeAdapter.java:76) ~[gson-2.10.jar%23130!/:?]
	at com.google.gson.internal.bind.TypeAdapterRuntimeTypeWrapper.read(TypeAdapterRuntimeTypeWrapper.java:40) ~[gson-2.10.jar%23130!/:?]
	at com.google.gson.internal.bind.ArrayTypeAdapter.read(ArrayTypeAdapter.java:72) ~[gson-2.10.jar%23130!/:?]
	at com.google.gson.Gson.fromJson(Gson.java:1214) ~[gson-2.10.jar%23130!/:?]
	at com.google.gson.Gson.fromJson(Gson.java:1319) ~[gson-2.10.jar%23130!/:?]
	at com.google.gson.Gson.fromJson(Gson.java:1290) ~[gson-2.10.jar%23130!/:?]
	at com.google.gson.internal.bind.TreeTypeAdapter$GsonContextImpl.deserialize(TreeTypeAdapter.java:179) ~[gson-2.10.jar%23130!/:?]
	at net.minecraft.util.GsonHelper.convertToObject(GsonHelper.java:463) ~[forge-1.20.1-47.2.0_mapped_parchment_2023.09.03-1.20.1.jar%23191!/:?]
	at net.minecraft.util.GsonHelper.getAsObject(GsonHelper.java:471) ~[forge-1.20.1-47.2.0_mapped_parchment_2023.09.03-1.20.1.jar%23191!/:?]
	at net.minecraft.world.level.storage.loot.LootPool$Serializer.deserialize(LootPool.java:192) ~[forge-1.20.1-47.2.0_mapped_parchment_2023.09.03-1.20.1.jar%23191!/:?]
	at net.minecraft.world.level.storage.loot.LootPool$Serializer.deserialize(LootPool.java:189) ~[forge-1.20.1-47.2.0_mapped_parchment_2023.09.03-1.20.1.jar%23191!/:?]
	at com.google.gson.internal.bind.TreeTypeAdapter.read(TreeTypeAdapter.java:76) ~[gson-2.10.jar%23130!/:?]
	at com.google.gson.internal.bind.TypeAdapterRuntimeTypeWrapper.read(TypeAdapterRuntimeTypeWrapper.java:40) ~[gson-2.10.jar%23130!/:?]
	at com.google.gson.internal.bind.ArrayTypeAdapter.read(ArrayTypeAdapter.java:72) ~[gson-2.10.jar%23130!/:?]
	at com.google.gson.Gson.fromJson(Gson.java:1214) ~[gson-2.10.jar%23130!/:?]
	at com.google.gson.Gson.fromJson(Gson.java:1319) ~[gson-2.10.jar%23130!/:?]
	at com.google.gson.Gson.fromJson(Gson.java:1290) ~[gson-2.10.jar%23130!/:?]
	at com.google.gson.internal.bind.TreeTypeAdapter$GsonContextImpl.deserialize(TreeTypeAdapter.java:179) ~[gson-2.10.jar%23130!/:?]
	at net.minecraft.util.GsonHelper.convertToObject(GsonHelper.java:463) ~[forge-1.20.1-47.2.0_mapped_parchment_2023.09.03-1.20.1.jar%23191!/:?]
	at net.minecraft.util.GsonHelper.getAsObject(GsonHelper.java:481) ~[forge-1.20.1-47.2.0_mapped_parchment_2023.09.03-1.20.1.jar%23191!/:?]
	at net.minecraft.world.level.storage.loot.LootTable$Serializer.deserialize(LootTable.java:294) ~[forge-1.20.1-47.2.0_mapped_parchment_2023.09.03-1.20.1.jar%23191!/:?]
	at net.minecraft.world.level.storage.loot.LootTable$Serializer.deserialize(LootTable.java:291) ~[forge-1.20.1-47.2.0_mapped_parchment_2023.09.03-1.20.1.jar%23191!/:?]
	at com.google.gson.internal.bind.TreeTypeAdapter.read(TreeTypeAdapter.java:76) ~[gson-2.10.jar%23130!/:?]
	at com.google.gson.Gson.fromJson(Gson.java:1214) ~[gson-2.10.jar%23130!/:?]
	at com.google.gson.Gson.fromJson(Gson.java:1319) ~[gson-2.10.jar%23130!/:?]
	at com.google.gson.Gson.fromJson(Gson.java:1261) ~[gson-2.10.jar%23130!/:?]
	at net.minecraftforge.common.ForgeHooks.loadLootTable(ForgeHooks.java:871) ~[forge-1.20.1-47.2.0_mapped_parchment_2023.09.03-1.20.1.jar%23190%23197!/:?]
	at net.minecraftforge.common.ForgeHooks.lambda$getLootTableDeserializer$3(ForgeHooks.java:848) ~[forge-1.20.1-47.2.0_mapped_parchment_2023.09.03-1.20.1.jar%23190%23197!/:?]
	at net.minecraft.world.level.storage.loot.LootDataType.deserialize(LootDataType.java:45) ~[forge-1.20.1-47.2.0_mapped_parchment_2023.09.03-1.20.1.jar%23191!/:?]
	at net.minecraft.world.level.storage.loot.LootDataManager.lambda$scheduleElementParse$4(LootDataManager.java:56) ~[forge-1.20.1-47.2.0_mapped_parchment_2023.09.03-1.20.1.jar%23191!/:?]
	at java.util.HashMap.forEach(HashMap.java:1421) ~[?:?]
	at net.minecraft.world.level.storage.loot.LootDataManager.lambda$scheduleElementParse$5(LootDataManager.java:55) ~[forge-1.20.1-47.2.0_mapped_parchment_2023.09.03-1.20.1.jar%23191!/:?]
	at java.util.concurrent.CompletableFuture$AsyncRun.run(CompletableFuture.java:1804) ~[?:?]
	at java.util.concurrent.CompletableFuture$AsyncRun.exec(CompletableFuture.java:1796) ~[?:?]
	at java.util.concurrent.ForkJoinTask.doExec(ForkJoinTask.java:373) ~[?:?]
	at java.util.concurrent.ForkJoinPool$WorkQueue.topLevelExec(ForkJoinPool.java:1182) ~[?:?]
	at java.util.concurrent.ForkJoinPool.scan(ForkJoinPool.java:1655) ~[?:?]
	at java.util.concurrent.ForkJoinPool.runWorker(ForkJoinPool.java:1622) ~[?:?]
	at java.util.concurrent.ForkJoinWorkerThread.run(ForkJoinWorkerThread.java:165) ~[?:?]
[17Jun2025 23:52:25.949] [Worker-Main-9/ERROR] [net.minecraftforge.common.ForgeHooks/]: Couldn't parse element loot_tables:simplemissiles:blocks/omega_entity_missile_faliing_empty
com.google.gson.JsonSyntaxException: Expected name to be an item, was unknown string 'simplemissiles:omega_entity_missile_faliing_empty'
	at net.minecraft.util.GsonHelper.lambda$convertToItem$0(GsonHelper.java:145) ~[forge-1.20.1-47.2.0_mapped_parchment_2023.09.03-1.20.1.jar%23191!/:?]
	at java.util.Optional.orElseThrow(Optional.java:403) ~[?:?]
	at net.minecraft.util.GsonHelper.convertToItem(GsonHelper.java:145) ~[forge-1.20.1-47.2.0_mapped_parchment_2023.09.03-1.20.1.jar%23191!/:?]
	at net.minecraft.util.GsonHelper.getAsItem(GsonHelper.java:153) ~[forge-1.20.1-47.2.0_mapped_parchment_2023.09.03-1.20.1.jar%23191!/:?]
	at net.minecraft.world.level.storage.loot.entries.LootItem$Serializer.deserialize(LootItem.java:55) ~[forge-1.20.1-47.2.0_mapped_parchment_2023.09.03-1.20.1.jar%23191!/:?]
	at net.minecraft.world.level.storage.loot.entries.LootItem$Serializer.deserialize(LootItem.java:40) ~[forge-1.20.1-47.2.0_mapped_parchment_2023.09.03-1.20.1.jar%23191!/:?]
	at net.minecraft.world.level.storage.loot.entries.LootPoolSingletonContainer$Serializer.deserializeCustom(LootPoolSingletonContainer.java:151) ~[forge-1.20.1-47.2.0_mapped_parchment_2023.09.03-1.20.1.jar%23191!/:?]
	at net.minecraft.world.level.storage.loot.entries.LootPoolSingletonContainer$Serializer.deserializeCustom(LootPoolSingletonContainer.java:129) ~[forge-1.20.1-47.2.0_mapped_parchment_2023.09.03-1.20.1.jar%23191!/:?]
	at net.minecraft.world.level.storage.loot.entries.LootPoolEntryContainer$Serializer.deserialize(LootPoolEntryContainer.java:86) ~[forge-1.20.1-47.2.0_mapped_parchment_2023.09.03-1.20.1.jar%23191!/:?]
	at net.minecraft.world.level.storage.loot.entries.LootPoolEntryContainer$Serializer.deserialize(LootPoolEntryContainer.java:74) ~[forge-1.20.1-47.2.0_mapped_parchment_2023.09.03-1.20.1.jar%23191!/:?]
	at net.minecraft.world.level.storage.loot.GsonAdapterFactory$JsonAdapter.deserialize(GsonAdapterFactory.java:102) ~[forge-1.20.1-47.2.0_mapped_parchment_2023.09.03-1.20.1.jar%23191!/:?]
	at com.google.gson.internal.bind.TreeTypeAdapter.read(TreeTypeAdapter.java:76) ~[gson-2.10.jar%23130!/:?]
	at com.google.gson.internal.bind.TypeAdapterRuntimeTypeWrapper.read(TypeAdapterRuntimeTypeWrapper.java:40) ~[gson-2.10.jar%23130!/:?]
	at com.google.gson.internal.bind.ArrayTypeAdapter.read(ArrayTypeAdapter.java:72) ~[gson-2.10.jar%23130!/:?]
	at com.google.gson.Gson.fromJson(Gson.java:1214) ~[gson-2.10.jar%23130!/:?]
	at com.google.gson.Gson.fromJson(Gson.java:1319) ~[gson-2.10.jar%23130!/:?]
	at com.google.gson.Gson.fromJson(Gson.java:1290) ~[gson-2.10.jar%23130!/:?]
	at com.google.gson.internal.bind.TreeTypeAdapter$GsonContextImpl.deserialize(TreeTypeAdapter.java:179) ~[gson-2.10.jar%23130!/:?]
	at net.minecraft.util.GsonHelper.convertToObject(GsonHelper.java:463) ~[forge-1.20.1-47.2.0_mapped_parchment_2023.09.03-1.20.1.jar%23191!/:?]
	at net.minecraft.util.GsonHelper.getAsObject(GsonHelper.java:471) ~[forge-1.20.1-47.2.0_mapped_parchment_2023.09.03-1.20.1.jar%23191!/:?]
	at net.minecraft.world.level.storage.loot.LootPool$Serializer.deserialize(LootPool.java:192) ~[forge-1.20.1-47.2.0_mapped_parchment_2023.09.03-1.20.1.jar%23191!/:?]
	at net.minecraft.world.level.storage.loot.LootPool$Serializer.deserialize(LootPool.java:189) ~[forge-1.20.1-47.2.0_mapped_parchment_2023.09.03-1.20.1.jar%23191!/:?]
	at com.google.gson.internal.bind.TreeTypeAdapter.read(TreeTypeAdapter.java:76) ~[gson-2.10.jar%23130!/:?]
	at com.google.gson.internal.bind.TypeAdapterRuntimeTypeWrapper.read(TypeAdapterRuntimeTypeWrapper.java:40) ~[gson-2.10.jar%23130!/:?]
	at com.google.gson.internal.bind.ArrayTypeAdapter.read(ArrayTypeAdapter.java:72) ~[gson-2.10.jar%23130!/:?]
	at com.google.gson.Gson.fromJson(Gson.java:1214) ~[gson-2.10.jar%23130!/:?]
	at com.google.gson.Gson.fromJson(Gson.java:1319) ~[gson-2.10.jar%23130!/:?]
	at com.google.gson.Gson.fromJson(Gson.java:1290) ~[gson-2.10.jar%23130!/:?]
	at com.google.gson.internal.bind.TreeTypeAdapter$GsonContextImpl.deserialize(TreeTypeAdapter.java:179) ~[gson-2.10.jar%23130!/:?]
	at net.minecraft.util.GsonHelper.convertToObject(GsonHelper.java:463) ~[forge-1.20.1-47.2.0_mapped_parchment_2023.09.03-1.20.1.jar%23191!/:?]
	at net.minecraft.util.GsonHelper.getAsObject(GsonHelper.java:481) ~[forge-1.20.1-47.2.0_mapped_parchment_2023.09.03-1.20.1.jar%23191!/:?]
	at net.minecraft.world.level.storage.loot.LootTable$Serializer.deserialize(LootTable.java:294) ~[forge-1.20.1-47.2.0_mapped_parchment_2023.09.03-1.20.1.jar%23191!/:?]
	at net.minecraft.world.level.storage.loot.LootTable$Serializer.deserialize(LootTable.java:291) ~[forge-1.20.1-47.2.0_mapped_parchment_2023.09.03-1.20.1.jar%23191!/:?]
	at com.google.gson.internal.bind.TreeTypeAdapter.read(TreeTypeAdapter.java:76) ~[gson-2.10.jar%23130!/:?]
	at com.google.gson.Gson.fromJson(Gson.java:1214) ~[gson-2.10.jar%23130!/:?]
	at com.google.gson.Gson.fromJson(Gson.java:1319) ~[gson-2.10.jar%23130!/:?]
	at com.google.gson.Gson.fromJson(Gson.java:1261) ~[gson-2.10.jar%23130!/:?]
	at net.minecraftforge.common.ForgeHooks.loadLootTable(ForgeHooks.java:871) ~[forge-1.20.1-47.2.0_mapped_parchment_2023.09.03-1.20.1.jar%23190%23197!/:?]
	at net.minecraftforge.common.ForgeHooks.lambda$getLootTableDeserializer$3(ForgeHooks.java:848) ~[forge-1.20.1-47.2.0_mapped_parchment_2023.09.03-1.20.1.jar%23190%23197!/:?]
	at net.minecraft.world.level.storage.loot.LootDataType.deserialize(LootDataType.java:45) ~[forge-1.20.1-47.2.0_mapped_parchment_2023.09.03-1.20.1.jar%23191!/:?]
	at net.minecraft.world.level.storage.loot.LootDataManager.lambda$scheduleElementParse$4(LootDataManager.java:56) ~[forge-1.20.1-47.2.0_mapped_parchment_2023.09.03-1.20.1.jar%23191!/:?]
	at java.util.HashMap.forEach(HashMap.java:1421) ~[?:?]
	at net.minecraft.world.level.storage.loot.LootDataManager.lambda$scheduleElementParse$5(LootDataManager.java:55) ~[forge-1.20.1-47.2.0_mapped_parchment_2023.09.03-1.20.1.jar%23191!/:?]
	at java.util.concurrent.CompletableFuture$AsyncRun.run(CompletableFuture.java:1804) ~[?:?]
	at java.util.concurrent.CompletableFuture$AsyncRun.exec(CompletableFuture.java:1796) ~[?:?]
	at java.util.concurrent.ForkJoinTask.doExec(ForkJoinTask.java:373) ~[?:?]
	at java.util.concurrent.ForkJoinPool$WorkQueue.topLevelExec(ForkJoinPool.java:1182) ~[?:?]
	at java.util.concurrent.ForkJoinPool.scan(ForkJoinPool.java:1655) ~[?:?]
	at java.util.concurrent.ForkJoinPool.runWorker(ForkJoinPool.java:1622) ~[?:?]
	at java.util.concurrent.ForkJoinWorkerThread.run(ForkJoinWorkerThread.java:165) ~[?:?]
[17Jun2025 23:52:25.955] [Worker-Main-9/ERROR] [net.minecraftforge.common.ForgeHooks/]: Couldn't parse element loot_tables:simplemissiles:blocks/test_pvo
com.google.gson.JsonSyntaxException: Expected name to be an item, was unknown string 'simplemissiles:test_pvo'
	at net.minecraft.util.GsonHelper.lambda$convertToItem$0(GsonHelper.java:145) ~[forge-1.20.1-47.2.0_mapped_parchment_2023.09.03-1.20.1.jar%23191!/:?]
	at java.util.Optional.orElseThrow(Optional.java:403) ~[?:?]
	at net.minecraft.util.GsonHelper.convertToItem(GsonHelper.java:145) ~[forge-1.20.1-47.2.0_mapped_parchment_2023.09.03-1.20.1.jar%23191!/:?]
	at net.minecraft.util.GsonHelper.getAsItem(GsonHelper.java:153) ~[forge-1.20.1-47.2.0_mapped_parchment_2023.09.03-1.20.1.jar%23191!/:?]
	at net.minecraft.world.level.storage.loot.entries.LootItem$Serializer.deserialize(LootItem.java:55) ~[forge-1.20.1-47.2.0_mapped_parchment_2023.09.03-1.20.1.jar%23191!/:?]
	at net.minecraft.world.level.storage.loot.entries.LootItem$Serializer.deserialize(LootItem.java:40) ~[forge-1.20.1-47.2.0_mapped_parchment_2023.09.03-1.20.1.jar%23191!/:?]
	at net.minecraft.world.level.storage.loot.entries.LootPoolSingletonContainer$Serializer.deserializeCustom(LootPoolSingletonContainer.java:151) ~[forge-1.20.1-47.2.0_mapped_parchment_2023.09.03-1.20.1.jar%23191!/:?]
	at net.minecraft.world.level.storage.loot.entries.LootPoolSingletonContainer$Serializer.deserializeCustom(LootPoolSingletonContainer.java:129) ~[forge-1.20.1-47.2.0_mapped_parchment_2023.09.03-1.20.1.jar%23191!/:?]
	at net.minecraft.world.level.storage.loot.entries.LootPoolEntryContainer$Serializer.deserialize(LootPoolEntryContainer.java:86) ~[forge-1.20.1-47.2.0_mapped_parchment_2023.09.03-1.20.1.jar%23191!/:?]
	at net.minecraft.world.level.storage.loot.entries.LootPoolEntryContainer$Serializer.deserialize(LootPoolEntryContainer.java:74) ~[forge-1.20.1-47.2.0_mapped_parchment_2023.09.03-1.20.1.jar%23191!/:?]
	at net.minecraft.world.level.storage.loot.GsonAdapterFactory$JsonAdapter.deserialize(GsonAdapterFactory.java:102) ~[forge-1.20.1-47.2.0_mapped_parchment_2023.09.03-1.20.1.jar%23191!/:?]
	at com.google.gson.internal.bind.TreeTypeAdapter.read(TreeTypeAdapter.java:76) ~[gson-2.10.jar%23130!/:?]
	at com.google.gson.internal.bind.TypeAdapterRuntimeTypeWrapper.read(TypeAdapterRuntimeTypeWrapper.java:40) ~[gson-2.10.jar%23130!/:?]
	at com.google.gson.internal.bind.ArrayTypeAdapter.read(ArrayTypeAdapter.java:72) ~[gson-2.10.jar%23130!/:?]
	at com.google.gson.Gson.fromJson(Gson.java:1214) ~[gson-2.10.jar%23130!/:?]
	at com.google.gson.Gson.fromJson(Gson.java:1319) ~[gson-2.10.jar%23130!/:?]
	at com.google.gson.Gson.fromJson(Gson.java:1290) ~[gson-2.10.jar%23130!/:?]
	at com.google.gson.internal.bind.TreeTypeAdapter$GsonContextImpl.deserialize(TreeTypeAdapter.java:179) ~[gson-2.10.jar%23130!/:?]
	at net.minecraft.util.GsonHelper.convertToObject(GsonHelper.java:463) ~[forge-1.20.1-47.2.0_mapped_parchment_2023.09.03-1.20.1.jar%23191!/:?]
	at net.minecraft.util.GsonHelper.getAsObject(GsonHelper.java:471) ~[forge-1.20.1-47.2.0_mapped_parchment_2023.09.03-1.20.1.jar%23191!/:?]
	at net.minecraft.world.level.storage.loot.LootPool$Serializer.deserialize(LootPool.java:192) ~[forge-1.20.1-47.2.0_mapped_parchment_2023.09.03-1.20.1.jar%23191!/:?]
	at net.minecraft.world.level.storage.loot.LootPool$Serializer.deserialize(LootPool.java:189) ~[forge-1.20.1-47.2.0_mapped_parchment_2023.09.03-1.20.1.jar%23191!/:?]
	at com.google.gson.internal.bind.TreeTypeAdapter.read(TreeTypeAdapter.java:76) ~[gson-2.10.jar%23130!/:?]
	at com.google.gson.internal.bind.TypeAdapterRuntimeTypeWrapper.read(TypeAdapterRuntimeTypeWrapper.java:40) ~[gson-2.10.jar%23130!/:?]
	at com.google.gson.internal.bind.ArrayTypeAdapter.read(ArrayTypeAdapter.java:72) ~[gson-2.10.jar%23130!/:?]
	at com.google.gson.Gson.fromJson(Gson.java:1214) ~[gson-2.10.jar%23130!/:?]
	at com.google.gson.Gson.fromJson(Gson.java:1319) ~[gson-2.10.jar%23130!/:?]
	at com.google.gson.Gson.fromJson(Gson.java:1290) ~[gson-2.10.jar%23130!/:?]
	at com.google.gson.internal.bind.TreeTypeAdapter$GsonContextImpl.deserialize(TreeTypeAdapter.java:179) ~[gson-2.10.jar%23130!/:?]
	at net.minecraft.util.GsonHelper.convertToObject(GsonHelper.java:463) ~[forge-1.20.1-47.2.0_mapped_parchment_2023.09.03-1.20.1.jar%23191!/:?]
	at net.minecraft.util.GsonHelper.getAsObject(GsonHelper.java:481) ~[forge-1.20.1-47.2.0_mapped_parchment_2023.09.03-1.20.1.jar%23191!/:?]
	at net.minecraft.world.level.storage.loot.LootTable$Serializer.deserialize(LootTable.java:294) ~[forge-1.20.1-47.2.0_mapped_parchment_2023.09.03-1.20.1.jar%23191!/:?]
	at net.minecraft.world.level.storage.loot.LootTable$Serializer.deserialize(LootTable.java:291) ~[forge-1.20.1-47.2.0_mapped_parchment_2023.09.03-1.20.1.jar%23191!/:?]
	at com.google.gson.internal.bind.TreeTypeAdapter.read(TreeTypeAdapter.java:76) ~[gson-2.10.jar%23130!/:?]
	at com.google.gson.Gson.fromJson(Gson.java:1214) ~[gson-2.10.jar%23130!/:?]
	at com.google.gson.Gson.fromJson(Gson.java:1319) ~[gson-2.10.jar%23130!/:?]
	at com.google.gson.Gson.fromJson(Gson.java:1261) ~[gson-2.10.jar%23130!/:?]
	at net.minecraftforge.common.ForgeHooks.loadLootTable(ForgeHooks.java:871) ~[forge-1.20.1-47.2.0_mapped_parchment_2023.09.03-1.20.1.jar%23190%23197!/:?]
	at net.minecraftforge.common.ForgeHooks.lambda$getLootTableDeserializer$3(ForgeHooks.java:848) ~[forge-1.20.1-47.2.0_mapped_parchment_2023.09.03-1.20.1.jar%23190%23197!/:?]
	at net.minecraft.world.level.storage.loot.LootDataType.deserialize(LootDataType.java:45) ~[forge-1.20.1-47.2.0_mapped_parchment_2023.09.03-1.20.1.jar%23191!/:?]
	at net.minecraft.world.level.storage.loot.LootDataManager.lambda$scheduleElementParse$4(LootDataManager.java:56) ~[forge-1.20.1-47.2.0_mapped_parchment_2023.09.03-1.20.1.jar%23191!/:?]
	at java.util.HashMap.forEach(HashMap.java:1421) ~[?:?]
	at net.minecraft.world.level.storage.loot.LootDataManager.lambda$scheduleElementParse$5(LootDataManager.java:55) ~[forge-1.20.1-47.2.0_mapped_parchment_2023.09.03-1.20.1.jar%23191!/:?]
	at java.util.concurrent.CompletableFuture$AsyncRun.run(CompletableFuture.java:1804) ~[?:?]
	at java.util.concurrent.CompletableFuture$AsyncRun.exec(CompletableFuture.java:1796) ~[?:?]
	at java.util.concurrent.ForkJoinTask.doExec(ForkJoinTask.java:373) ~[?:?]
	at java.util.concurrent.ForkJoinPool$WorkQueue.topLevelExec(ForkJoinPool.java:1182) ~[?:?]
	at java.util.concurrent.ForkJoinPool.scan(ForkJoinPool.java:1655) ~[?:?]
	at java.util.concurrent.ForkJoinPool.runWorker(ForkJoinPool.java:1622) ~[?:?]
	at java.util.concurrent.ForkJoinWorkerThread.run(ForkJoinWorkerThread.java:165) ~[?:?]
[17Jun2025 23:52:25.960] [Worker-Main-9/ERROR] [net.minecraftforge.common.ForgeHooks/]: Couldn't parse element loot_tables:simplemissiles:blocks/falling_napalm
com.google.gson.JsonSyntaxException: Expected name to be an item, was unknown string 'simplemissiles:napalm_missle'
	at net.minecraft.util.GsonHelper.lambda$convertToItem$0(GsonHelper.java:145) ~[forge-1.20.1-47.2.0_mapped_parchment_2023.09.03-1.20.1.jar%23191!/:?]
	at java.util.Optional.orElseThrow(Optional.java:403) ~[?:?]
	at net.minecraft.util.GsonHelper.convertToItem(GsonHelper.java:145) ~[forge-1.20.1-47.2.0_mapped_parchment_2023.09.03-1.20.1.jar%23191!/:?]
	at net.minecraft.util.GsonHelper.getAsItem(GsonHelper.java:153) ~[forge-1.20.1-47.2.0_mapped_parchment_2023.09.03-1.20.1.jar%23191!/:?]
	at net.minecraft.world.level.storage.loot.entries.LootItem$Serializer.deserialize(LootItem.java:55) ~[forge-1.20.1-47.2.0_mapped_parchment_2023.09.03-1.20.1.jar%23191!/:?]
	at net.minecraft.world.level.storage.loot.entries.LootItem$Serializer.deserialize(LootItem.java:40) ~[forge-1.20.1-47.2.0_mapped_parchment_2023.09.03-1.20.1.jar%23191!/:?]
	at net.minecraft.world.level.storage.loot.entries.LootPoolSingletonContainer$Serializer.deserializeCustom(LootPoolSingletonContainer.java:151) ~[forge-1.20.1-47.2.0_mapped_parchment_2023.09.03-1.20.1.jar%23191!/:?]
	at net.minecraft.world.level.storage.loot.entries.LootPoolSingletonContainer$Serializer.deserializeCustom(LootPoolSingletonContainer.java:129) ~[forge-1.20.1-47.2.0_mapped_parchment_2023.09.03-1.20.1.jar%23191!/:?]
	at net.minecraft.world.level.storage.loot.entries.LootPoolEntryContainer$Serializer.deserialize(LootPoolEntryContainer.java:86) ~[forge-1.20.1-47.2.0_mapped_parchment_2023.09.03-1.20.1.jar%23191!/:?]
	at net.minecraft.world.level.storage.loot.entries.LootPoolEntryContainer$Serializer.deserialize(LootPoolEntryContainer.java:74) ~[forge-1.20.1-47.2.0_mapped_parchment_2023.09.03-1.20.1.jar%23191!/:?]
	at net.minecraft.world.level.storage.loot.GsonAdapterFactory$JsonAdapter.deserialize(GsonAdapterFactory.java:102) ~[forge-1.20.1-47.2.0_mapped_parchment_2023.09.03-1.20.1.jar%23191!/:?]
	at com.google.gson.internal.bind.TreeTypeAdapter.read(TreeTypeAdapter.java:76) ~[gson-2.10.jar%23130!/:?]
	at com.google.gson.internal.bind.TypeAdapterRuntimeTypeWrapper.read(TypeAdapterRuntimeTypeWrapper.java:40) ~[gson-2.10.jar%23130!/:?]
	at com.google.gson.internal.bind.ArrayTypeAdapter.read(ArrayTypeAdapter.java:72) ~[gson-2.10.jar%23130!/:?]
	at com.google.gson.Gson.fromJson(Gson.java:1214) ~[gson-2.10.jar%23130!/:?]
	at com.google.gson.Gson.fromJson(Gson.java:1319) ~[gson-2.10.jar%23130!/:?]
	at com.google.gson.Gson.fromJson(Gson.java:1290) ~[gson-2.10.jar%23130!/:?]
	at com.google.gson.internal.bind.TreeTypeAdapter$GsonContextImpl.deserialize(TreeTypeAdapter.java:179) ~[gson-2.10.jar%23130!/:?]
	at net.minecraft.util.GsonHelper.convertToObject(GsonHelper.java:463) ~[forge-1.20.1-47.2.0_mapped_parchment_2023.09.03-1.20.1.jar%23191!/:?]
	at net.minecraft.util.GsonHelper.getAsObject(GsonHelper.java:471) ~[forge-1.20.1-47.2.0_mapped_parchment_2023.09.03-1.20.1.jar%23191!/:?]
	at net.minecraft.world.level.storage.loot.LootPool$Serializer.deserialize(LootPool.java:192) ~[forge-1.20.1-47.2.0_mapped_parchment_2023.09.03-1.20.1.jar%23191!/:?]
	at net.minecraft.world.level.storage.loot.LootPool$Serializer.deserialize(LootPool.java:189) ~[forge-1.20.1-47.2.0_mapped_parchment_2023.09.03-1.20.1.jar%23191!/:?]
	at com.google.gson.internal.bind.TreeTypeAdapter.read(TreeTypeAdapter.java:76) ~[gson-2.10.jar%23130!/:?]
	at com.google.gson.internal.bind.TypeAdapterRuntimeTypeWrapper.read(TypeAdapterRuntimeTypeWrapper.java:40) ~[gson-2.10.jar%23130!/:?]
	at com.google.gson.internal.bind.ArrayTypeAdapter.read(ArrayTypeAdapter.java:72) ~[gson-2.10.jar%23130!/:?]
	at com.google.gson.Gson.fromJson(Gson.java:1214) ~[gson-2.10.jar%23130!/:?]
	at com.google.gson.Gson.fromJson(Gson.java:1319) ~[gson-2.10.jar%23130!/:?]
	at com.google.gson.Gson.fromJson(Gson.java:1290) ~[gson-2.10.jar%23130!/:?]
	at com.google.gson.internal.bind.TreeTypeAdapter$GsonContextImpl.deserialize(TreeTypeAdapter.java:179) ~[gson-2.10.jar%23130!/:?]
	at net.minecraft.util.GsonHelper.convertToObject(GsonHelper.java:463) ~[forge-1.20.1-47.2.0_mapped_parchment_2023.09.03-1.20.1.jar%23191!/:?]
	at net.minecraft.util.GsonHelper.getAsObject(GsonHelper.java:481) ~[forge-1.20.1-47.2.0_mapped_parchment_2023.09.03-1.20.1.jar%23191!/:?]
	at net.minecraft.world.level.storage.loot.LootTable$Serializer.deserialize(LootTable.java:294) ~[forge-1.20.1-47.2.0_mapped_parchment_2023.09.03-1.20.1.jar%23191!/:?]
	at net.minecraft.world.level.storage.loot.LootTable$Serializer.deserialize(LootTable.java:291) ~[forge-1.20.1-47.2.0_mapped_parchment_2023.09.03-1.20.1.jar%23191!/:?]
	at com.google.gson.internal.bind.TreeTypeAdapter.read(TreeTypeAdapter.java:76) ~[gson-2.10.jar%23130!/:?]
	at com.google.gson.Gson.fromJson(Gson.java:1214) ~[gson-2.10.jar%23130!/:?]
	at com.google.gson.Gson.fromJson(Gson.java:1319) ~[gson-2.10.jar%23130!/:?]
	at com.google.gson.Gson.fromJson(Gson.java:1261) ~[gson-2.10.jar%23130!/:?]
	at net.minecraftforge.common.ForgeHooks.loadLootTable(ForgeHooks.java:871) ~[forge-1.20.1-47.2.0_mapped_parchment_2023.09.03-1.20.1.jar%23190%23197!/:?]
	at net.minecraftforge.common.ForgeHooks.lambda$getLootTableDeserializer$3(ForgeHooks.java:848) ~[forge-1.20.1-47.2.0_mapped_parchment_2023.09.03-1.20.1.jar%23190%23197!/:?]
	at net.minecraft.world.level.storage.loot.LootDataType.deserialize(LootDataType.java:45) ~[forge-1.20.1-47.2.0_mapped_parchment_2023.09.03-1.20.1.jar%23191!/:?]
	at net.minecraft.world.level.storage.loot.LootDataManager.lambda$scheduleElementParse$4(LootDataManager.java:56) ~[forge-1.20.1-47.2.0_mapped_parchment_2023.09.03-1.20.1.jar%23191!/:?]
	at java.util.HashMap.forEach(HashMap.java:1421) ~[?:?]
	at net.minecraft.world.level.storage.loot.LootDataManager.lambda$scheduleElementParse$5(LootDataManager.java:55) ~[forge-1.20.1-47.2.0_mapped_parchment_2023.09.03-1.20.1.jar%23191!/:?]
	at java.util.concurrent.CompletableFuture$AsyncRun.run(CompletableFuture.java:1804) ~[?:?]
	at java.util.concurrent.CompletableFuture$AsyncRun.exec(CompletableFuture.java:1796) ~[?:?]
	at java.util.concurrent.ForkJoinTask.doExec(ForkJoinTask.java:373) ~[?:?]
	at java.util.concurrent.ForkJoinPool$WorkQueue.topLevelExec(ForkJoinPool.java:1182) ~[?:?]
	at java.util.concurrent.ForkJoinPool.scan(ForkJoinPool.java:1655) ~[?:?]
	at java.util.concurrent.ForkJoinPool.runWorker(ForkJoinPool.java:1622) ~[?:?]
	at java.util.concurrent.ForkJoinWorkerThread.run(ForkJoinWorkerThread.java:165) ~[?:?]
[17Jun2025 23:52:25.962] [Worker-Main-9/ERROR] [net.minecraftforge.common.ForgeHooks/]: Couldn't parse element loot_tables:simplemissiles:blocks/missilelocator
com.google.gson.JsonSyntaxException: Expected name to be an item, was unknown string 'simplemissiles:missilelocator'
	at net.minecraft.util.GsonHelper.lambda$convertToItem$0(GsonHelper.java:145) ~[forge-1.20.1-47.2.0_mapped_parchment_2023.09.03-1.20.1.jar%23191!/:?]
	at java.util.Optional.orElseThrow(Optional.java:403) ~[?:?]
	at net.minecraft.util.GsonHelper.convertToItem(GsonHelper.java:145) ~[forge-1.20.1-47.2.0_mapped_parchment_2023.09.03-1.20.1.jar%23191!/:?]
	at net.minecraft.util.GsonHelper.getAsItem(GsonHelper.java:153) ~[forge-1.20.1-47.2.0_mapped_parchment_2023.09.03-1.20.1.jar%23191!/:?]
	at net.minecraft.world.level.storage.loot.entries.LootItem$Serializer.deserialize(LootItem.java:55) ~[forge-1.20.1-47.2.0_mapped_parchment_2023.09.03-1.20.1.jar%23191!/:?]
	at net.minecraft.world.level.storage.loot.entries.LootItem$Serializer.deserialize(LootItem.java:40) ~[forge-1.20.1-47.2.0_mapped_parchment_2023.09.03-1.20.1.jar%23191!/:?]
	at net.minecraft.world.level.storage.loot.entries.LootPoolSingletonContainer$Serializer.deserializeCustom(LootPoolSingletonContainer.java:151) ~[forge-1.20.1-47.2.0_mapped_parchment_2023.09.03-1.20.1.jar%23191!/:?]
	at net.minecraft.world.level.storage.loot.entries.LootPoolSingletonContainer$Serializer.deserializeCustom(LootPoolSingletonContainer.java:129) ~[forge-1.20.1-47.2.0_mapped_parchment_2023.09.03-1.20.1.jar%23191!/:?]
	at net.minecraft.world.level.storage.loot.entries.LootPoolEntryContainer$Serializer.deserialize(LootPoolEntryContainer.java:86) ~[forge-1.20.1-47.2.0_mapped_parchment_2023.09.03-1.20.1.jar%23191!/:?]
	at net.minecraft.world.level.storage.loot.entries.LootPoolEntryContainer$Serializer.deserialize(LootPoolEntryContainer.java:74) ~[forge-1.20.1-47.2.0_mapped_parchment_2023.09.03-1.20.1.jar%23191!/:?]
	at net.minecraft.world.level.storage.loot.GsonAdapterFactory$JsonAdapter.deserialize(GsonAdapterFactory.java:102) ~[forge-1.20.1-47.2.0_mapped_parchment_2023.09.03-1.20.1.jar%23191!/:?]
	at com.google.gson.internal.bind.TreeTypeAdapter.read(TreeTypeAdapter.java:76) ~[gson-2.10.jar%23130!/:?]
	at com.google.gson.internal.bind.TypeAdapterRuntimeTypeWrapper.read(TypeAdapterRuntimeTypeWrapper.java:40) ~[gson-2.10.jar%23130!/:?]
	at com.google.gson.internal.bind.ArrayTypeAdapter.read(ArrayTypeAdapter.java:72) ~[gson-2.10.jar%23130!/:?]
	at com.google.gson.Gson.fromJson(Gson.java:1214) ~[gson-2.10.jar%23130!/:?]
	at com.google.gson.Gson.fromJson(Gson.java:1319) ~[gson-2.10.jar%23130!/:?]
	at com.google.gson.Gson.fromJson(Gson.java:1290) ~[gson-2.10.jar%23130!/:?]
	at com.google.gson.internal.bind.TreeTypeAdapter$GsonContextImpl.deserialize(TreeTypeAdapter.java:179) ~[gson-2.10.jar%23130!/:?]
	at net.minecraft.util.GsonHelper.convertToObject(GsonHelper.java:463) ~[forge-1.20.1-47.2.0_mapped_parchment_2023.09.03-1.20.1.jar%23191!/:?]
	at net.minecraft.util.GsonHelper.getAsObject(GsonHelper.java:471) ~[forge-1.20.1-47.2.0_mapped_parchment_2023.09.03-1.20.1.jar%23191!/:?]
	at net.minecraft.world.level.storage.loot.LootPool$Serializer.deserialize(LootPool.java:192) ~[forge-1.20.1-47.2.0_mapped_parchment_2023.09.03-1.20.1.jar%23191!/:?]
	at net.minecraft.world.level.storage.loot.LootPool$Serializer.deserialize(LootPool.java:189) ~[forge-1.20.1-47.2.0_mapped_parchment_2023.09.03-1.20.1.jar%23191!/:?]
	at com.google.gson.internal.bind.TreeTypeAdapter.read(TreeTypeAdapter.java:76) ~[gson-2.10.jar%23130!/:?]
	at com.google.gson.internal.bind.TypeAdapterRuntimeTypeWrapper.read(TypeAdapterRuntimeTypeWrapper.java:40) ~[gson-2.10.jar%23130!/:?]
	at com.google.gson.internal.bind.ArrayTypeAdapter.read(ArrayTypeAdapter.java:72) ~[gson-2.10.jar%23130!/:?]
	at com.google.gson.Gson.fromJson(Gson.java:1214) ~[gson-2.10.jar%23130!/:?]
	at com.google.gson.Gson.fromJson(Gson.java:1319) ~[gson-2.10.jar%23130!/:?]
	at com.google.gson.Gson.fromJson(Gson.java:1290) ~[gson-2.10.jar%23130!/:?]
	at com.google.gson.internal.bind.TreeTypeAdapter$GsonContextImpl.deserialize(TreeTypeAdapter.java:179) ~[gson-2.10.jar%23130!/:?]
	at net.minecraft.util.GsonHelper.convertToObject(GsonHelper.java:463) ~[forge-1.20.1-47.2.0_mapped_parchment_2023.09.03-1.20.1.jar%23191!/:?]
	at net.minecraft.util.GsonHelper.getAsObject(GsonHelper.java:481) ~[forge-1.20.1-47.2.0_mapped_parchment_2023.09.03-1.20.1.jar%23191!/:?]
	at net.minecraft.world.level.storage.loot.LootTable$Serializer.deserialize(LootTable.java:294) ~[forge-1.20.1-47.2.0_mapped_parchment_2023.09.03-1.20.1.jar%23191!/:?]
	at net.minecraft.world.level.storage.loot.LootTable$Serializer.deserialize(LootTable.java:291) ~[forge-1.20.1-47.2.0_mapped_parchment_2023.09.03-1.20.1.jar%23191!/:?]
	at com.google.gson.internal.bind.TreeTypeAdapter.read(TreeTypeAdapter.java:76) ~[gson-2.10.jar%23130!/:?]
	at com.google.gson.Gson.fromJson(Gson.java:1214) ~[gson-2.10.jar%23130!/:?]
	at com.google.gson.Gson.fromJson(Gson.java:1319) ~[gson-2.10.jar%23130!/:?]
	at com.google.gson.Gson.fromJson(Gson.java:1261) ~[gson-2.10.jar%23130!/:?]
	at net.minecraftforge.common.ForgeHooks.loadLootTable(ForgeHooks.java:871) ~[forge-1.20.1-47.2.0_mapped_parchment_2023.09.03-1.20.1.jar%23190%23197!/:?]
	at net.minecraftforge.common.ForgeHooks.lambda$getLootTableDeserializer$3(ForgeHooks.java:848) ~[forge-1.20.1-47.2.0_mapped_parchment_2023.09.03-1.20.1.jar%23190%23197!/:?]
	at net.minecraft.world.level.storage.loot.LootDataType.deserialize(LootDataType.java:45) ~[forge-1.20.1-47.2.0_mapped_parchment_2023.09.03-1.20.1.jar%23191!/:?]
	at net.minecraft.world.level.storage.loot.LootDataManager.lambda$scheduleElementParse$4(LootDataManager.java:56) ~[forge-1.20.1-47.2.0_mapped_parchment_2023.09.03-1.20.1.jar%23191!/:?]
	at java.util.HashMap.forEach(HashMap.java:1421) ~[?:?]
	at net.minecraft.world.level.storage.loot.LootDataManager.lambda$scheduleElementParse$5(LootDataManager.java:55) ~[forge-1.20.1-47.2.0_mapped_parchment_2023.09.03-1.20.1.jar%23191!/:?]
	at java.util.concurrent.CompletableFuture$AsyncRun.run(CompletableFuture.java:1804) ~[?:?]
	at java.util.concurrent.CompletableFuture$AsyncRun.exec(CompletableFuture.java:1796) ~[?:?]
	at java.util.concurrent.ForkJoinTask.doExec(ForkJoinTask.java:373) ~[?:?]
	at java.util.concurrent.ForkJoinPool$WorkQueue.topLevelExec(ForkJoinPool.java:1182) ~[?:?]
	at java.util.concurrent.ForkJoinPool.scan(ForkJoinPool.java:1655) ~[?:?]
	at java.util.concurrent.ForkJoinPool.runWorker(ForkJoinPool.java:1622) ~[?:?]
	at java.util.concurrent.ForkJoinWorkerThread.run(ForkJoinWorkerThread.java:165) ~[?:?]
[17Jun2025 23:52:25.963] [Worker-Main-9/ERROR] [net.minecraftforge.common.ForgeHooks/]: Couldn't parse element loot_tables:simplemissiles:blocks/overloaded_redstoneblock
com.google.gson.JsonSyntaxException: Expected name to be an item, was unknown string 'simplemissiles:overloaded_redstoneblock'
	at net.minecraft.util.GsonHelper.lambda$convertToItem$0(GsonHelper.java:145) ~[forge-1.20.1-47.2.0_mapped_parchment_2023.09.03-1.20.1.jar%23191!/:?]
	at java.util.Optional.orElseThrow(Optional.java:403) ~[?:?]
	at net.minecraft.util.GsonHelper.convertToItem(GsonHelper.java:145) ~[forge-1.20.1-47.2.0_mapped_parchment_2023.09.03-1.20.1.jar%23191!/:?]
	at net.minecraft.util.GsonHelper.getAsItem(GsonHelper.java:153) ~[forge-1.20.1-47.2.0_mapped_parchment_2023.09.03-1.20.1.jar%23191!/:?]
	at net.minecraft.world.level.storage.loot.entries.LootItem$Serializer.deserialize(LootItem.java:55) ~[forge-1.20.1-47.2.0_mapped_parchment_2023.09.03-1.20.1.jar%23191!/:?]
	at net.minecraft.world.level.storage.loot.entries.LootItem$Serializer.deserialize(LootItem.java:40) ~[forge-1.20.1-47.2.0_mapped_parchment_2023.09.03-1.20.1.jar%23191!/:?]
	at net.minecraft.world.level.storage.loot.entries.LootPoolSingletonContainer$Serializer.deserializeCustom(LootPoolSingletonContainer.java:151) ~[forge-1.20.1-47.2.0_mapped_parchment_2023.09.03-1.20.1.jar%23191!/:?]
	at net.minecraft.world.level.storage.loot.entries.LootPoolSingletonContainer$Serializer.deserializeCustom(LootPoolSingletonContainer.java:129) ~[forge-1.20.1-47.2.0_mapped_parchment_2023.09.03-1.20.1.jar%23191!/:?]
	at net.minecraft.world.level.storage.loot.entries.LootPoolEntryContainer$Serializer.deserialize(LootPoolEntryContainer.java:86) ~[forge-1.20.1-47.2.0_mapped_parchment_2023.09.03-1.20.1.jar%23191!/:?]
	at net.minecraft.world.level.storage.loot.entries.LootPoolEntryContainer$Serializer.deserialize(LootPoolEntryContainer.java:74) ~[forge-1.20.1-47.2.0_mapped_parchment_2023.09.03-1.20.1.jar%23191!/:?]
	at net.minecraft.world.level.storage.loot.GsonAdapterFactory$JsonAdapter.deserialize(GsonAdapterFactory.java:102) ~[forge-1.20.1-47.2.0_mapped_parchment_2023.09.03-1.20.1.jar%23191!/:?]
	at com.google.gson.internal.bind.TreeTypeAdapter.read(TreeTypeAdapter.java:76) ~[gson-2.10.jar%23130!/:?]
	at com.google.gson.internal.bind.TypeAdapterRuntimeTypeWrapper.read(TypeAdapterRuntimeTypeWrapper.java:40) ~[gson-2.10.jar%23130!/:?]
	at com.google.gson.internal.bind.ArrayTypeAdapter.read(ArrayTypeAdapter.java:72) ~[gson-2.10.jar%23130!/:?]
	at com.google.gson.Gson.fromJson(Gson.java:1214) ~[gson-2.10.jar%23130!/:?]
	at com.google.gson.Gson.fromJson(Gson.java:1319) ~[gson-2.10.jar%23130!/:?]
	at com.google.gson.Gson.fromJson(Gson.java:1290) ~[gson-2.10.jar%23130!/:?]
	at com.google.gson.internal.bind.TreeTypeAdapter$GsonContextImpl.deserialize(TreeTypeAdapter.java:179) ~[gson-2.10.jar%23130!/:?]
	at net.minecraft.util.GsonHelper.convertToObject(GsonHelper.java:463) ~[forge-1.20.1-47.2.0_mapped_parchment_2023.09.03-1.20.1.jar%23191!/:?]
	at net.minecraft.util.GsonHelper.getAsObject(GsonHelper.java:471) ~[forge-1.20.1-47.2.0_mapped_parchment_2023.09.03-1.20.1.jar%23191!/:?]
	at net.minecraft.world.level.storage.loot.LootPool$Serializer.deserialize(LootPool.java:192) ~[forge-1.20.1-47.2.0_mapped_parchment_2023.09.03-1.20.1.jar%23191!/:?]
	at net.minecraft.world.level.storage.loot.LootPool$Serializer.deserialize(LootPool.java:189) ~[forge-1.20.1-47.2.0_mapped_parchment_2023.09.03-1.20.1.jar%23191!/:?]
	at com.google.gson.internal.bind.TreeTypeAdapter.read(TreeTypeAdapter.java:76) ~[gson-2.10.jar%23130!/:?]
	at com.google.gson.internal.bind.TypeAdapterRuntimeTypeWrapper.read(TypeAdapterRuntimeTypeWrapper.java:40) ~[gson-2.10.jar%23130!/:?]
	at com.google.gson.internal.bind.ArrayTypeAdapter.read(ArrayTypeAdapter.java:72) ~[gson-2.10.jar%23130!/:?]
	at com.google.gson.Gson.fromJson(Gson.java:1214) ~[gson-2.10.jar%23130!/:?]
	at com.google.gson.Gson.fromJson(Gson.java:1319) ~[gson-2.10.jar%23130!/:?]
	at com.google.gson.Gson.fromJson(Gson.java:1290) ~[gson-2.10.jar%23130!/:?]
	at com.google.gson.internal.bind.TreeTypeAdapter$GsonContextImpl.deserialize(TreeTypeAdapter.java:179) ~[gson-2.10.jar%23130!/:?]
	at net.minecraft.util.GsonHelper.convertToObject(GsonHelper.java:463) ~[forge-1.20.1-47.2.0_mapped_parchment_2023.09.03-1.20.1.jar%23191!/:?]
	at net.minecraft.util.GsonHelper.getAsObject(GsonHelper.java:481) ~[forge-1.20.1-47.2.0_mapped_parchment_2023.09.03-1.20.1.jar%23191!/:?]
	at net.minecraft.world.level.storage.loot.LootTable$Serializer.deserialize(LootTable.java:294) ~[forge-1.20.1-47.2.0_mapped_parchment_2023.09.03-1.20.1.jar%23191!/:?]
	at net.minecraft.world.level.storage.loot.LootTable$Serializer.deserialize(LootTable.java:291) ~[forge-1.20.1-47.2.0_mapped_parchment_2023.09.03-1.20.1.jar%23191!/:?]
	at com.google.gson.internal.bind.TreeTypeAdapter.read(TreeTypeAdapter.java:76) ~[gson-2.10.jar%23130!/:?]
	at com.google.gson.Gson.fromJson(Gson.java:1214) ~[gson-2.10.jar%23130!/:?]
	at com.google.gson.Gson.fromJson(Gson.java:1319) ~[gson-2.10.jar%23130!/:?]
	at com.google.gson.Gson.fromJson(Gson.java:1261) ~[gson-2.10.jar%23130!/:?]
	at net.minecraftforge.common.ForgeHooks.loadLootTable(ForgeHooks.java:871) ~[forge-1.20.1-47.2.0_mapped_parchment_2023.09.03-1.20.1.jar%23190%23197!/:?]
	at net.minecraftforge.common.ForgeHooks.lambda$getLootTableDeserializer$3(ForgeHooks.java:848) ~[forge-1.20.1-47.2.0_mapped_parchment_2023.09.03-1.20.1.jar%23190%23197!/:?]
	at net.minecraft.world.level.storage.loot.LootDataType.deserialize(LootDataType.java:45) ~[forge-1.20.1-47.2.0_mapped_parchment_2023.09.03-1.20.1.jar%23191!/:?]
	at net.minecraft.world.level.storage.loot.LootDataManager.lambda$scheduleElementParse$4(LootDataManager.java:56) ~[forge-1.20.1-47.2.0_mapped_parchment_2023.09.03-1.20.1.jar%23191!/:?]
	at java.util.HashMap.forEach(HashMap.java:1421) ~[?:?]
	at net.minecraft.world.level.storage.loot.LootDataManager.lambda$scheduleElementParse$5(LootDataManager.java:55) ~[forge-1.20.1-47.2.0_mapped_parchment_2023.09.03-1.20.1.jar%23191!/:?]
	at java.util.concurrent.CompletableFuture$AsyncRun.run(CompletableFuture.java:1804) ~[?:?]
	at java.util.concurrent.CompletableFuture$AsyncRun.exec(CompletableFuture.java:1796) ~[?:?]
	at java.util.concurrent.ForkJoinTask.doExec(ForkJoinTask.java:373) ~[?:?]
	at java.util.concurrent.ForkJoinPool$WorkQueue.topLevelExec(ForkJoinPool.java:1182) ~[?:?]
	at java.util.concurrent.ForkJoinPool.scan(ForkJoinPool.java:1655) ~[?:?]
	at java.util.concurrent.ForkJoinPool.runWorker(ForkJoinPool.java:1622) ~[?:?]
	at java.util.concurrent.ForkJoinWorkerThread.run(ForkJoinWorkerThread.java:165) ~[?:?]
[17Jun2025 23:52:25.967] [Worker-Main-9/ERROR] [net.minecraftforge.common.ForgeHooks/]: Couldn't parse element loot_tables:simplemissiles:blocks/burned_repeater
com.google.gson.JsonSyntaxException: Expected name to be an item, was unknown string 'minecraft:redstone_wire'
	at net.minecraft.util.GsonHelper.lambda$convertToItem$0(GsonHelper.java:145) ~[forge-1.20.1-47.2.0_mapped_parchment_2023.09.03-1.20.1.jar%23191!/:?]
	at java.util.Optional.orElseThrow(Optional.java:403) ~[?:?]
	at net.minecraft.util.GsonHelper.convertToItem(GsonHelper.java:145) ~[forge-1.20.1-47.2.0_mapped_parchment_2023.09.03-1.20.1.jar%23191!/:?]
	at net.minecraft.util.GsonHelper.getAsItem(GsonHelper.java:153) ~[forge-1.20.1-47.2.0_mapped_parchment_2023.09.03-1.20.1.jar%23191!/:?]
	at net.minecraft.world.level.storage.loot.entries.LootItem$Serializer.deserialize(LootItem.java:55) ~[forge-1.20.1-47.2.0_mapped_parchment_2023.09.03-1.20.1.jar%23191!/:?]
	at net.minecraft.world.level.storage.loot.entries.LootItem$Serializer.deserialize(LootItem.java:40) ~[forge-1.20.1-47.2.0_mapped_parchment_2023.09.03-1.20.1.jar%23191!/:?]
	at net.minecraft.world.level.storage.loot.entries.LootPoolSingletonContainer$Serializer.deserializeCustom(LootPoolSingletonContainer.java:151) ~[forge-1.20.1-47.2.0_mapped_parchment_2023.09.03-1.20.1.jar%23191!/:?]
	at net.minecraft.world.level.storage.loot.entries.LootPoolSingletonContainer$Serializer.deserializeCustom(LootPoolSingletonContainer.java:129) ~[forge-1.20.1-47.2.0_mapped_parchment_2023.09.03-1.20.1.jar%23191!/:?]
	at net.minecraft.world.level.storage.loot.entries.LootPoolEntryContainer$Serializer.deserialize(LootPoolEntryContainer.java:86) ~[forge-1.20.1-47.2.0_mapped_parchment_2023.09.03-1.20.1.jar%23191!/:?]
	at net.minecraft.world.level.storage.loot.entries.LootPoolEntryContainer$Serializer.deserialize(LootPoolEntryContainer.java:74) ~[forge-1.20.1-47.2.0_mapped_parchment_2023.09.03-1.20.1.jar%23191!/:?]
	at net.minecraft.world.level.storage.loot.GsonAdapterFactory$JsonAdapter.deserialize(GsonAdapterFactory.java:102) ~[forge-1.20.1-47.2.0_mapped_parchment_2023.09.03-1.20.1.jar%23191!/:?]
	at com.google.gson.internal.bind.TreeTypeAdapter.read(TreeTypeAdapter.java:76) ~[gson-2.10.jar%23130!/:?]
	at com.google.gson.internal.bind.TypeAdapterRuntimeTypeWrapper.read(TypeAdapterRuntimeTypeWrapper.java:40) ~[gson-2.10.jar%23130!/:?]
	at com.google.gson.internal.bind.ArrayTypeAdapter.read(ArrayTypeAdapter.java:72) ~[gson-2.10.jar%23130!/:?]
	at com.google.gson.Gson.fromJson(Gson.java:1214) ~[gson-2.10.jar%23130!/:?]
	at com.google.gson.Gson.fromJson(Gson.java:1319) ~[gson-2.10.jar%23130!/:?]
	at com.google.gson.Gson.fromJson(Gson.java:1290) ~[gson-2.10.jar%23130!/:?]
	at com.google.gson.internal.bind.TreeTypeAdapter$GsonContextImpl.deserialize(TreeTypeAdapter.java:179) ~[gson-2.10.jar%23130!/:?]
	at net.minecraft.util.GsonHelper.convertToObject(GsonHelper.java:463) ~[forge-1.20.1-47.2.0_mapped_parchment_2023.09.03-1.20.1.jar%23191!/:?]
	at net.minecraft.util.GsonHelper.getAsObject(GsonHelper.java:471) ~[forge-1.20.1-47.2.0_mapped_parchment_2023.09.03-1.20.1.jar%23191!/:?]
	at net.minecraft.world.level.storage.loot.LootPool$Serializer.deserialize(LootPool.java:192) ~[forge-1.20.1-47.2.0_mapped_parchment_2023.09.03-1.20.1.jar%23191!/:?]
	at net.minecraft.world.level.storage.loot.LootPool$Serializer.deserialize(LootPool.java:189) ~[forge-1.20.1-47.2.0_mapped_parchment_2023.09.03-1.20.1.jar%23191!/:?]
	at com.google.gson.internal.bind.TreeTypeAdapter.read(TreeTypeAdapter.java:76) ~[gson-2.10.jar%23130!/:?]
	at com.google.gson.internal.bind.TypeAdapterRuntimeTypeWrapper.read(TypeAdapterRuntimeTypeWrapper.java:40) ~[gson-2.10.jar%23130!/:?]
	at com.google.gson.internal.bind.ArrayTypeAdapter.read(ArrayTypeAdapter.java:72) ~[gson-2.10.jar%23130!/:?]
	at com.google.gson.Gson.fromJson(Gson.java:1214) ~[gson-2.10.jar%23130!/:?]
	at com.google.gson.Gson.fromJson(Gson.java:1319) ~[gson-2.10.jar%23130!/:?]
	at com.google.gson.Gson.fromJson(Gson.java:1290) ~[gson-2.10.jar%23130!/:?]
	at com.google.gson.internal.bind.TreeTypeAdapter$GsonContextImpl.deserialize(TreeTypeAdapter.java:179) ~[gson-2.10.jar%23130!/:?]
	at net.minecraft.util.GsonHelper.convertToObject(GsonHelper.java:463) ~[forge-1.20.1-47.2.0_mapped_parchment_2023.09.03-1.20.1.jar%23191!/:?]
	at net.minecraft.util.GsonHelper.getAsObject(GsonHelper.java:481) ~[forge-1.20.1-47.2.0_mapped_parchment_2023.09.03-1.20.1.jar%23191!/:?]
	at net.minecraft.world.level.storage.loot.LootTable$Serializer.deserialize(LootTable.java:294) ~[forge-1.20.1-47.2.0_mapped_parchment_2023.09.03-1.20.1.jar%23191!/:?]
	at net.minecraft.world.level.storage.loot.LootTable$Serializer.deserialize(LootTable.java:291) ~[forge-1.20.1-47.2.0_mapped_parchment_2023.09.03-1.20.1.jar%23191!/:?]
	at com.google.gson.internal.bind.TreeTypeAdapter.read(TreeTypeAdapter.java:76) ~[gson-2.10.jar%23130!/:?]
	at com.google.gson.Gson.fromJson(Gson.java:1214) ~[gson-2.10.jar%23130!/:?]
	at com.google.gson.Gson.fromJson(Gson.java:1319) ~[gson-2.10.jar%23130!/:?]
	at com.google.gson.Gson.fromJson(Gson.java:1261) ~[gson-2.10.jar%23130!/:?]
	at net.minecraftforge.common.ForgeHooks.loadLootTable(ForgeHooks.java:871) ~[forge-1.20.1-47.2.0_mapped_parchment_2023.09.03-1.20.1.jar%23190%23197!/:?]
	at net.minecraftforge.common.ForgeHooks.lambda$getLootTableDeserializer$3(ForgeHooks.java:848) ~[forge-1.20.1-47.2.0_mapped_parchment_2023.09.03-1.20.1.jar%23190%23197!/:?]
	at net.minecraft.world.level.storage.loot.LootDataType.deserialize(LootDataType.java:45) ~[forge-1.20.1-47.2.0_mapped_parchment_2023.09.03-1.20.1.jar%23191!/:?]
	at net.minecraft.world.level.storage.loot.LootDataManager.lambda$scheduleElementParse$4(LootDataManager.java:56) ~[forge-1.20.1-47.2.0_mapped_parchment_2023.09.03-1.20.1.jar%23191!/:?]
	at java.util.HashMap.forEach(HashMap.java:1421) ~[?:?]
	at net.minecraft.world.level.storage.loot.LootDataManager.lambda$scheduleElementParse$5(LootDataManager.java:55) ~[forge-1.20.1-47.2.0_mapped_parchment_2023.09.03-1.20.1.jar%23191!/:?]
	at java.util.concurrent.CompletableFuture$AsyncRun.run(CompletableFuture.java:1804) ~[?:?]
	at java.util.concurrent.CompletableFuture$AsyncRun.exec(CompletableFuture.java:1796) ~[?:?]
	at java.util.concurrent.ForkJoinTask.doExec(ForkJoinTask.java:373) ~[?:?]
	at java.util.concurrent.ForkJoinPool$WorkQueue.topLevelExec(ForkJoinPool.java:1182) ~[?:?]
	at java.util.concurrent.ForkJoinPool.scan(ForkJoinPool.java:1655) ~[?:?]
	at java.util.concurrent.ForkJoinPool.runWorker(ForkJoinPool.java:1622) ~[?:?]
	at java.util.concurrent.ForkJoinWorkerThread.run(ForkJoinWorkerThread.java:165) ~[?:?]
[17Jun2025 23:52:25.974] [Worker-Main-9/ERROR] [net.minecraftforge.common.ForgeHooks/]: Couldn't parse element loot_tables:simplemissiles:blocks/tnt_missle
com.google.gson.JsonSyntaxException: Expected name to be an item, was unknown string 'simplemissiles:tnt_missle'
	at net.minecraft.util.GsonHelper.lambda$convertToItem$0(GsonHelper.java:145) ~[forge-1.20.1-47.2.0_mapped_parchment_2023.09.03-1.20.1.jar%23191!/:?]
	at java.util.Optional.orElseThrow(Optional.java:403) ~[?:?]
	at net.minecraft.util.GsonHelper.convertToItem(GsonHelper.java:145) ~[forge-1.20.1-47.2.0_mapped_parchment_2023.09.03-1.20.1.jar%23191!/:?]
	at net.minecraft.util.GsonHelper.getAsItem(GsonHelper.java:153) ~[forge-1.20.1-47.2.0_mapped_parchment_2023.09.03-1.20.1.jar%23191!/:?]
	at net.minecraft.world.level.storage.loot.entries.LootItem$Serializer.deserialize(LootItem.java:55) ~[forge-1.20.1-47.2.0_mapped_parchment_2023.09.03-1.20.1.jar%23191!/:?]
	at net.minecraft.world.level.storage.loot.entries.LootItem$Serializer.deserialize(LootItem.java:40) ~[forge-1.20.1-47.2.0_mapped_parchment_2023.09.03-1.20.1.jar%23191!/:?]
	at net.minecraft.world.level.storage.loot.entries.LootPoolSingletonContainer$Serializer.deserializeCustom(LootPoolSingletonContainer.java:151) ~[forge-1.20.1-47.2.0_mapped_parchment_2023.09.03-1.20.1.jar%23191!/:?]
	at net.minecraft.world.level.storage.loot.entries.LootPoolSingletonContainer$Serializer.deserializeCustom(LootPoolSingletonContainer.java:129) ~[forge-1.20.1-47.2.0_mapped_parchment_2023.09.03-1.20.1.jar%23191!/:?]
	at net.minecraft.world.level.storage.loot.entries.LootPoolEntryContainer$Serializer.deserialize(LootPoolEntryContainer.java:86) ~[forge-1.20.1-47.2.0_mapped_parchment_2023.09.03-1.20.1.jar%23191!/:?]
	at net.minecraft.world.level.storage.loot.entries.LootPoolEntryContainer$Serializer.deserialize(LootPoolEntryContainer.java:74) ~[forge-1.20.1-47.2.0_mapped_parchment_2023.09.03-1.20.1.jar%23191!/:?]
	at net.minecraft.world.level.storage.loot.GsonAdapterFactory$JsonAdapter.deserialize(GsonAdapterFactory.java:102) ~[forge-1.20.1-47.2.0_mapped_parchment_2023.09.03-1.20.1.jar%23191!/:?]
	at com.google.gson.internal.bind.TreeTypeAdapter.read(TreeTypeAdapter.java:76) ~[gson-2.10.jar%23130!/:?]
	at com.google.gson.internal.bind.TypeAdapterRuntimeTypeWrapper.read(TypeAdapterRuntimeTypeWrapper.java:40) ~[gson-2.10.jar%23130!/:?]
	at com.google.gson.internal.bind.ArrayTypeAdapter.read(ArrayTypeAdapter.java:72) ~[gson-2.10.jar%23130!/:?]
	at com.google.gson.Gson.fromJson(Gson.java:1214) ~[gson-2.10.jar%23130!/:?]
	at com.google.gson.Gson.fromJson(Gson.java:1319) ~[gson-2.10.jar%23130!/:?]
	at com.google.gson.Gson.fromJson(Gson.java:1290) ~[gson-2.10.jar%23130!/:?]
	at com.google.gson.internal.bind.TreeTypeAdapter$GsonContextImpl.deserialize(TreeTypeAdapter.java:179) ~[gson-2.10.jar%23130!/:?]
	at net.minecraft.util.GsonHelper.convertToObject(GsonHelper.java:463) ~[forge-1.20.1-47.2.0_mapped_parchment_2023.09.03-1.20.1.jar%23191!/:?]
	at net.minecraft.util.GsonHelper.getAsObject(GsonHelper.java:471) ~[forge-1.20.1-47.2.0_mapped_parchment_2023.09.03-1.20.1.jar%23191!/:?]
	at net.minecraft.world.level.storage.loot.LootPool$Serializer.deserialize(LootPool.java:192) ~[forge-1.20.1-47.2.0_mapped_parchment_2023.09.03-1.20.1.jar%23191!/:?]
	at net.minecraft.world.level.storage.loot.LootPool$Serializer.deserialize(LootPool.java:189) ~[forge-1.20.1-47.2.0_mapped_parchment_2023.09.03-1.20.1.jar%23191!/:?]
	at com.google.gson.internal.bind.TreeTypeAdapter.read(TreeTypeAdapter.java:76) ~[gson-2.10.jar%23130!/:?]
	at com.google.gson.internal.bind.TypeAdapterRuntimeTypeWrapper.read(TypeAdapterRuntimeTypeWrapper.java:40) ~[gson-2.10.jar%23130!/:?]
	at com.google.gson.internal.bind.ArrayTypeAdapter.read(ArrayTypeAdapter.java:72) ~[gson-2.10.jar%23130!/:?]
	at com.google.gson.Gson.fromJson(Gson.java:1214) ~[gson-2.10.jar%23130!/:?]
	at com.google.gson.Gson.fromJson(Gson.java:1319) ~[gson-2.10.jar%23130!/:?]
	at com.google.gson.Gson.fromJson(Gson.java:1290) ~[gson-2.10.jar%23130!/:?]
	at com.google.gson.internal.bind.TreeTypeAdapter$GsonContextImpl.deserialize(TreeTypeAdapter.java:179) ~[gson-2.10.jar%23130!/:?]
	at net.minecraft.util.GsonHelper.convertToObject(GsonHelper.java:463) ~[forge-1.20.1-47.2.0_mapped_parchment_2023.09.03-1.20.1.jar%23191!/:?]
	at net.minecraft.util.GsonHelper.getAsObject(GsonHelper.java:481) ~[forge-1.20.1-47.2.0_mapped_parchment_2023.09.03-1.20.1.jar%23191!/:?]
	at net.minecraft.world.level.storage.loot.LootTable$Serializer.deserialize(LootTable.java:294) ~[forge-1.20.1-47.2.0_mapped_parchment_2023.09.03-1.20.1.jar%23191!/:?]
	at net.minecraft.world.level.storage.loot.LootTable$Serializer.deserialize(LootTable.java:291) ~[forge-1.20.1-47.2.0_mapped_parchment_2023.09.03-1.20.1.jar%23191!/:?]
	at com.google.gson.internal.bind.TreeTypeAdapter.read(TreeTypeAdapter.java:76) ~[gson-2.10.jar%23130!/:?]
	at com.google.gson.Gson.fromJson(Gson.java:1214) ~[gson-2.10.jar%23130!/:?]
	at com.google.gson.Gson.fromJson(Gson.java:1319) ~[gson-2.10.jar%23130!/:?]
	at com.google.gson.Gson.fromJson(Gson.java:1261) ~[gson-2.10.jar%23130!/:?]
	at net.minecraftforge.common.ForgeHooks.loadLootTable(ForgeHooks.java:871) ~[forge-1.20.1-47.2.0_mapped_parchment_2023.09.03-1.20.1.jar%23190%23197!/:?]
	at net.minecraftforge.common.ForgeHooks.lambda$getLootTableDeserializer$3(ForgeHooks.java:848) ~[forge-1.20.1-47.2.0_mapped_parchment_2023.09.03-1.20.1.jar%23190%23197!/:?]
	at net.minecraft.world.level.storage.loot.LootDataType.deserialize(LootDataType.java:45) ~[forge-1.20.1-47.2.0_mapped_parchment_2023.09.03-1.20.1.jar%23191!/:?]
	at net.minecraft.world.level.storage.loot.LootDataManager.lambda$scheduleElementParse$4(LootDataManager.java:56) ~[forge-1.20.1-47.2.0_mapped_parchment_2023.09.03-1.20.1.jar%23191!/:?]
	at java.util.HashMap.forEach(HashMap.java:1421) ~[?:?]
	at net.minecraft.world.level.storage.loot.LootDataManager.lambda$scheduleElementParse$5(LootDataManager.java:55) ~[forge-1.20.1-47.2.0_mapped_parchment_2023.09.03-1.20.1.jar%23191!/:?]
	at java.util.concurrent.CompletableFuture$AsyncRun.run(CompletableFuture.java:1804) ~[?:?]
	at java.util.concurrent.CompletableFuture$AsyncRun.exec(CompletableFuture.java:1796) ~[?:?]
	at java.util.concurrent.ForkJoinTask.doExec(ForkJoinTask.java:373) ~[?:?]
	at java.util.concurrent.ForkJoinPool$WorkQueue.topLevelExec(ForkJoinPool.java:1182) ~[?:?]
	at java.util.concurrent.ForkJoinPool.scan(ForkJoinPool.java:1655) ~[?:?]
	at java.util.concurrent.ForkJoinPool.runWorker(ForkJoinPool.java:1622) ~[?:?]
	at java.util.concurrent.ForkJoinWorkerThread.run(ForkJoinWorkerThread.java:165) ~[?:?]
[17Jun2025 23:52:25.983] [Worker-Main-9/ERROR] [net.minecraftforge.common.ForgeHooks/]: Couldn't parse element loot_tables:simplemissiles:blocks/emp_missile
com.google.gson.JsonSyntaxException: Expected name to be an item, was unknown string 'simplemissiles:emp_missile'
	at net.minecraft.util.GsonHelper.lambda$convertToItem$0(GsonHelper.java:145) ~[forge-1.20.1-47.2.0_mapped_parchment_2023.09.03-1.20.1.jar%23191!/:?]
	at java.util.Optional.orElseThrow(Optional.java:403) ~[?:?]
	at net.minecraft.util.GsonHelper.convertToItem(GsonHelper.java:145) ~[forge-1.20.1-47.2.0_mapped_parchment_2023.09.03-1.20.1.jar%23191!/:?]
	at net.minecraft.util.GsonHelper.getAsItem(GsonHelper.java:153) ~[forge-1.20.1-47.2.0_mapped_parchment_2023.09.03-1.20.1.jar%23191!/:?]
	at net.minecraft.world.level.storage.loot.entries.LootItem$Serializer.deserialize(LootItem.java:55) ~[forge-1.20.1-47.2.0_mapped_parchment_2023.09.03-1.20.1.jar%23191!/:?]
	at net.minecraft.world.level.storage.loot.entries.LootItem$Serializer.deserialize(LootItem.java:40) ~[forge-1.20.1-47.2.0_mapped_parchment_2023.09.03-1.20.1.jar%23191!/:?]
	at net.minecraft.world.level.storage.loot.entries.LootPoolSingletonContainer$Serializer.deserializeCustom(LootPoolSingletonContainer.java:151) ~[forge-1.20.1-47.2.0_mapped_parchment_2023.09.03-1.20.1.jar%23191!/:?]
	at net.minecraft.world.level.storage.loot.entries.LootPoolSingletonContainer$Serializer.deserializeCustom(LootPoolSingletonContainer.java:129) ~[forge-1.20.1-47.2.0_mapped_parchment_2023.09.03-1.20.1.jar%23191!/:?]
	at net.minecraft.world.level.storage.loot.entries.LootPoolEntryContainer$Serializer.deserialize(LootPoolEntryContainer.java:86) ~[forge-1.20.1-47.2.0_mapped_parchment_2023.09.03-1.20.1.jar%23191!/:?]
	at net.minecraft.world.level.storage.loot.entries.LootPoolEntryContainer$Serializer.deserialize(LootPoolEntryContainer.java:74) ~[forge-1.20.1-47.2.0_mapped_parchment_2023.09.03-1.20.1.jar%23191!/:?]
	at net.minecraft.world.level.storage.loot.GsonAdapterFactory$JsonAdapter.deserialize(GsonAdapterFactory.java:102) ~[forge-1.20.1-47.2.0_mapped_parchment_2023.09.03-1.20.1.jar%23191!/:?]
	at com.google.gson.internal.bind.TreeTypeAdapter.read(TreeTypeAdapter.java:76) ~[gson-2.10.jar%23130!/:?]
	at com.google.gson.internal.bind.TypeAdapterRuntimeTypeWrapper.read(TypeAdapterRuntimeTypeWrapper.java:40) ~[gson-2.10.jar%23130!/:?]
	at com.google.gson.internal.bind.ArrayTypeAdapter.read(ArrayTypeAdapter.java:72) ~[gson-2.10.jar%23130!/:?]
	at com.google.gson.Gson.fromJson(Gson.java:1214) ~[gson-2.10.jar%23130!/:?]
	at com.google.gson.Gson.fromJson(Gson.java:1319) ~[gson-2.10.jar%23130!/:?]
	at com.google.gson.Gson.fromJson(Gson.java:1290) ~[gson-2.10.jar%23130!/:?]
	at com.google.gson.internal.bind.TreeTypeAdapter$GsonContextImpl.deserialize(TreeTypeAdapter.java:179) ~[gson-2.10.jar%23130!/:?]
	at net.minecraft.util.GsonHelper.convertToObject(GsonHelper.java:463) ~[forge-1.20.1-47.2.0_mapped_parchment_2023.09.03-1.20.1.jar%23191!/:?]
	at net.minecraft.util.GsonHelper.getAsObject(GsonHelper.java:471) ~[forge-1.20.1-47.2.0_mapped_parchment_2023.09.03-1.20.1.jar%23191!/:?]
	at net.minecraft.world.level.storage.loot.LootPool$Serializer.deserialize(LootPool.java:192) ~[forge-1.20.1-47.2.0_mapped_parchment_2023.09.03-1.20.1.jar%23191!/:?]
	at net.minecraft.world.level.storage.loot.LootPool$Serializer.deserialize(LootPool.java:189) ~[forge-1.20.1-47.2.0_mapped_parchment_2023.09.03-1.20.1.jar%23191!/:?]
	at com.google.gson.internal.bind.TreeTypeAdapter.read(TreeTypeAdapter.java:76) ~[gson-2.10.jar%23130!/:?]
	at com.google.gson.internal.bind.TypeAdapterRuntimeTypeWrapper.read(TypeAdapterRuntimeTypeWrapper.java:40) ~[gson-2.10.jar%23130!/:?]
	at com.google.gson.internal.bind.ArrayTypeAdapter.read(ArrayTypeAdapter.java:72) ~[gson-2.10.jar%23130!/:?]
	at com.google.gson.Gson.fromJson(Gson.java:1214) ~[gson-2.10.jar%23130!/:?]
	at com.google.gson.Gson.fromJson(Gson.java:1319) ~[gson-2.10.jar%23130!/:?]
	at com.google.gson.Gson.fromJson(Gson.java:1290) ~[gson-2.10.jar%23130!/:?]
	at com.google.gson.internal.bind.TreeTypeAdapter$GsonContextImpl.deserialize(TreeTypeAdapter.java:179) ~[gson-2.10.jar%23130!/:?]
	at net.minecraft.util.GsonHelper.convertToObject(GsonHelper.java:463) ~[forge-1.20.1-47.2.0_mapped_parchment_2023.09.03-1.20.1.jar%23191!/:?]
	at net.minecraft.util.GsonHelper.getAsObject(GsonHelper.java:481) ~[forge-1.20.1-47.2.0_mapped_parchment_2023.09.03-1.20.1.jar%23191!/:?]
	at net.minecraft.world.level.storage.loot.LootTable$Serializer.deserialize(LootTable.java:294) ~[forge-1.20.1-47.2.0_mapped_parchment_2023.09.03-1.20.1.jar%23191!/:?]
	at net.minecraft.world.level.storage.loot.LootTable$Serializer.deserialize(LootTable.java:291) ~[forge-1.20.1-47.2.0_mapped_parchment_2023.09.03-1.20.1.jar%23191!/:?]
	at com.google.gson.internal.bind.TreeTypeAdapter.read(TreeTypeAdapter.java:76) ~[gson-2.10.jar%23130!/:?]
	at com.google.gson.Gson.fromJson(Gson.java:1214) ~[gson-2.10.jar%23130!/:?]
	at com.google.gson.Gson.fromJson(Gson.java:1319) ~[gson-2.10.jar%23130!/:?]
	at com.google.gson.Gson.fromJson(Gson.java:1261) ~[gson-2.10.jar%23130!/:?]
	at net.minecraftforge.common.ForgeHooks.loadLootTable(ForgeHooks.java:871) ~[forge-1.20.1-47.2.0_mapped_parchment_2023.09.03-1.20.1.jar%23190%23197!/:?]
	at net.minecraftforge.common.ForgeHooks.lambda$getLootTableDeserializer$3(ForgeHooks.java:848) ~[forge-1.20.1-47.2.0_mapped_parchment_2023.09.03-1.20.1.jar%23190%23197!/:?]
	at net.minecraft.world.level.storage.loot.LootDataType.deserialize(LootDataType.java:45) ~[forge-1.20.1-47.2.0_mapped_parchment_2023.09.03-1.20.1.jar%23191!/:?]
	at net.minecraft.world.level.storage.loot.LootDataManager.lambda$scheduleElementParse$4(LootDataManager.java:56) ~[forge-1.20.1-47.2.0_mapped_parchment_2023.09.03-1.20.1.jar%23191!/:?]
	at java.util.HashMap.forEach(HashMap.java:1421) ~[?:?]
	at net.minecraft.world.level.storage.loot.LootDataManager.lambda$scheduleElementParse$5(LootDataManager.java:55) ~[forge-1.20.1-47.2.0_mapped_parchment_2023.09.03-1.20.1.jar%23191!/:?]
	at java.util.concurrent.CompletableFuture$AsyncRun.run(CompletableFuture.java:1804) ~[?:?]
	at java.util.concurrent.CompletableFuture$AsyncRun.exec(CompletableFuture.java:1796) ~[?:?]
	at java.util.concurrent.ForkJoinTask.doExec(ForkJoinTask.java:373) ~[?:?]
	at java.util.concurrent.ForkJoinPool$WorkQueue.topLevelExec(ForkJoinPool.java:1182) ~[?:?]
	at java.util.concurrent.ForkJoinPool.scan(ForkJoinPool.java:1655) ~[?:?]
	at java.util.concurrent.ForkJoinPool.runWorker(ForkJoinPool.java:1622) ~[?:?]
	at java.util.concurrent.ForkJoinWorkerThread.run(ForkJoinWorkerThread.java:165) ~[?:?]
[17Jun2025 23:52:25.989] [Worker-Main-9/ERROR] [net.minecraftforge.common.ForgeHooks/]: Couldn't parse element loot_tables:simplemissiles:blocks/trapdoorclosed
com.google.gson.JsonSyntaxException: Expected name to be an item, was unknown string 'simplemissiles:trapdoorclosed'
	at net.minecraft.util.GsonHelper.lambda$convertToItem$0(GsonHelper.java:145) ~[forge-1.20.1-47.2.0_mapped_parchment_2023.09.03-1.20.1.jar%23191!/:?]
	at java.util.Optional.orElseThrow(Optional.java:403) ~[?:?]
	at net.minecraft.util.GsonHelper.convertToItem(GsonHelper.java:145) ~[forge-1.20.1-47.2.0_mapped_parchment_2023.09.03-1.20.1.jar%23191!/:?]
	at net.minecraft.util.GsonHelper.getAsItem(GsonHelper.java:153) ~[forge-1.20.1-47.2.0_mapped_parchment_2023.09.03-1.20.1.jar%23191!/:?]
	at net.minecraft.world.level.storage.loot.entries.LootItem$Serializer.deserialize(LootItem.java:55) ~[forge-1.20.1-47.2.0_mapped_parchment_2023.09.03-1.20.1.jar%23191!/:?]
	at net.minecraft.world.level.storage.loot.entries.LootItem$Serializer.deserialize(LootItem.java:40) ~[forge-1.20.1-47.2.0_mapped_parchment_2023.09.03-1.20.1.jar%23191!/:?]
	at net.minecraft.world.level.storage.loot.entries.LootPoolSingletonContainer$Serializer.deserializeCustom(LootPoolSingletonContainer.java:151) ~[forge-1.20.1-47.2.0_mapped_parchment_2023.09.03-1.20.1.jar%23191!/:?]
	at net.minecraft.world.level.storage.loot.entries.LootPoolSingletonContainer$Serializer.deserializeCustom(LootPoolSingletonContainer.java:129) ~[forge-1.20.1-47.2.0_mapped_parchment_2023.09.03-1.20.1.jar%23191!/:?]
	at net.minecraft.world.level.storage.loot.entries.LootPoolEntryContainer$Serializer.deserialize(LootPoolEntryContainer.java:86) ~[forge-1.20.1-47.2.0_mapped_parchment_2023.09.03-1.20.1.jar%23191!/:?]
	at net.minecraft.world.level.storage.loot.entries.LootPoolEntryContainer$Serializer.deserialize(LootPoolEntryContainer.java:74) ~[forge-1.20.1-47.2.0_mapped_parchment_2023.09.03-1.20.1.jar%23191!/:?]
	at net.minecraft.world.level.storage.loot.GsonAdapterFactory$JsonAdapter.deserialize(GsonAdapterFactory.java:102) ~[forge-1.20.1-47.2.0_mapped_parchment_2023.09.03-1.20.1.jar%23191!/:?]
	at com.google.gson.internal.bind.TreeTypeAdapter.read(TreeTypeAdapter.java:76) ~[gson-2.10.jar%23130!/:?]
	at com.google.gson.internal.bind.TypeAdapterRuntimeTypeWrapper.read(TypeAdapterRuntimeTypeWrapper.java:40) ~[gson-2.10.jar%23130!/:?]
	at com.google.gson.internal.bind.ArrayTypeAdapter.read(ArrayTypeAdapter.java:72) ~[gson-2.10.jar%23130!/:?]
	at com.google.gson.Gson.fromJson(Gson.java:1214) ~[gson-2.10.jar%23130!/:?]
	at com.google.gson.Gson.fromJson(Gson.java:1319) ~[gson-2.10.jar%23130!/:?]
	at com.google.gson.Gson.fromJson(Gson.java:1290) ~[gson-2.10.jar%23130!/:?]
	at com.google.gson.internal.bind.TreeTypeAdapter$GsonContextImpl.deserialize(TreeTypeAdapter.java:179) ~[gson-2.10.jar%23130!/:?]
	at net.minecraft.util.GsonHelper.convertToObject(GsonHelper.java:463) ~[forge-1.20.1-47.2.0_mapped_parchment_2023.09.03-1.20.1.jar%23191!/:?]
	at net.minecraft.util.GsonHelper.getAsObject(GsonHelper.java:471) ~[forge-1.20.1-47.2.0_mapped_parchment_2023.09.03-1.20.1.jar%23191!/:?]
	at net.minecraft.world.level.storage.loot.LootPool$Serializer.deserialize(LootPool.java:192) ~[forge-1.20.1-47.2.0_mapped_parchment_2023.09.03-1.20.1.jar%23191!/:?]
	at net.minecraft.world.level.storage.loot.LootPool$Serializer.deserialize(LootPool.java:189) ~[forge-1.20.1-47.2.0_mapped_parchment_2023.09.03-1.20.1.jar%23191!/:?]
	at com.google.gson.internal.bind.TreeTypeAdapter.read(TreeTypeAdapter.java:76) ~[gson-2.10.jar%23130!/:?]
	at com.google.gson.internal.bind.TypeAdapterRuntimeTypeWrapper.read(TypeAdapterRuntimeTypeWrapper.java:40) ~[gson-2.10.jar%23130!/:?]
	at com.google.gson.internal.bind.ArrayTypeAdapter.read(ArrayTypeAdapter.java:72) ~[gson-2.10.jar%23130!/:?]
	at com.google.gson.Gson.fromJson(Gson.java:1214) ~[gson-2.10.jar%23130!/:?]
	at com.google.gson.Gson.fromJson(Gson.java:1319) ~[gson-2.10.jar%23130!/:?]
	at com.google.gson.Gson.fromJson(Gson.java:1290) ~[gson-2.10.jar%23130!/:?]
	at com.google.gson.internal.bind.TreeTypeAdapter$GsonContextImpl.deserialize(TreeTypeAdapter.java:179) ~[gson-2.10.jar%23130!/:?]
	at net.minecraft.util.GsonHelper.convertToObject(GsonHelper.java:463) ~[forge-1.20.1-47.2.0_mapped_parchment_2023.09.03-1.20.1.jar%23191!/:?]
	at net.minecraft.util.GsonHelper.getAsObject(GsonHelper.java:481) ~[forge-1.20.1-47.2.0_mapped_parchment_2023.09.03-1.20.1.jar%23191!/:?]
	at net.minecraft.world.level.storage.loot.LootTable$Serializer.deserialize(LootTable.java:294) ~[forge-1.20.1-47.2.0_mapped_parchment_2023.09.03-1.20.1.jar%23191!/:?]
	at net.minecraft.world.level.storage.loot.LootTable$Serializer.deserialize(LootTable.java:291) ~[forge-1.20.1-47.2.0_mapped_parchment_2023.09.03-1.20.1.jar%23191!/:?]
	at com.google.gson.internal.bind.TreeTypeAdapter.read(TreeTypeAdapter.java:76) ~[gson-2.10.jar%23130!/:?]
	at com.google.gson.Gson.fromJson(Gson.java:1214) ~[gson-2.10.jar%23130!/:?]
	at com.google.gson.Gson.fromJson(Gson.java:1319) ~[gson-2.10.jar%23130!/:?]
	at com.google.gson.Gson.fromJson(Gson.java:1261) ~[gson-2.10.jar%23130!/:?]
	at net.minecraftforge.common.ForgeHooks.loadLootTable(ForgeHooks.java:871) ~[forge-1.20.1-47.2.0_mapped_parchment_2023.09.03-1.20.1.jar%23190%23197!/:?]
	at net.minecraftforge.common.ForgeHooks.lambda$getLootTableDeserializer$3(ForgeHooks.java:848) ~[forge-1.20.1-47.2.0_mapped_parchment_2023.09.03-1.20.1.jar%23190%23197!/:?]
	at net.minecraft.world.level.storage.loot.LootDataType.deserialize(LootDataType.java:45) ~[forge-1.20.1-47.2.0_mapped_parchment_2023.09.03-1.20.1.jar%23191!/:?]
	at net.minecraft.world.level.storage.loot.LootDataManager.lambda$scheduleElementParse$4(LootDataManager.java:56) ~[forge-1.20.1-47.2.0_mapped_parchment_2023.09.03-1.20.1.jar%23191!/:?]
	at java.util.HashMap.forEach(HashMap.java:1421) ~[?:?]
	at net.minecraft.world.level.storage.loot.LootDataManager.lambda$scheduleElementParse$5(LootDataManager.java:55) ~[forge-1.20.1-47.2.0_mapped_parchment_2023.09.03-1.20.1.jar%23191!/:?]
	at java.util.concurrent.CompletableFuture$AsyncRun.run(CompletableFuture.java:1804) ~[?:?]
	at java.util.concurrent.CompletableFuture$AsyncRun.exec(CompletableFuture.java:1796) ~[?:?]
	at java.util.concurrent.ForkJoinTask.doExec(ForkJoinTask.java:373) ~[?:?]
	at java.util.concurrent.ForkJoinPool$WorkQueue.topLevelExec(ForkJoinPool.java:1182) ~[?:?]
	at java.util.concurrent.ForkJoinPool.scan(ForkJoinPool.java:1655) ~[?:?]
	at java.util.concurrent.ForkJoinPool.runWorker(ForkJoinPool.java:1622) ~[?:?]
	at java.util.concurrent.ForkJoinWorkerThread.run(ForkJoinWorkerThread.java:165) ~[?:?]
[17Jun2025 23:52:25.990] [Worker-Main-9/ERROR] [net.minecraftforge.common.ForgeHooks/]: Couldn't parse element loot_tables:simplemissiles:blocks/data_transferblockrecieve
com.google.gson.JsonSyntaxException: Expected name to be an item, was unknown string 'simplemissiles:data_transferblockrecieve'
	at net.minecraft.util.GsonHelper.lambda$convertToItem$0(GsonHelper.java:145) ~[forge-1.20.1-47.2.0_mapped_parchment_2023.09.03-1.20.1.jar%23191!/:?]
	at java.util.Optional.orElseThrow(Optional.java:403) ~[?:?]
	at net.minecraft.util.GsonHelper.convertToItem(GsonHelper.java:145) ~[forge-1.20.1-47.2.0_mapped_parchment_2023.09.03-1.20.1.jar%23191!/:?]
	at net.minecraft.util.GsonHelper.getAsItem(GsonHelper.java:153) ~[forge-1.20.1-47.2.0_mapped_parchment_2023.09.03-1.20.1.jar%23191!/:?]
	at net.minecraft.world.level.storage.loot.entries.LootItem$Serializer.deserialize(LootItem.java:55) ~[forge-1.20.1-47.2.0_mapped_parchment_2023.09.03-1.20.1.jar%23191!/:?]
	at net.minecraft.world.level.storage.loot.entries.LootItem$Serializer.deserialize(LootItem.java:40) ~[forge-1.20.1-47.2.0_mapped_parchment_2023.09.03-1.20.1.jar%23191!/:?]
	at net.minecraft.world.level.storage.loot.entries.LootPoolSingletonContainer$Serializer.deserializeCustom(LootPoolSingletonContainer.java:151) ~[forge-1.20.1-47.2.0_mapped_parchment_2023.09.03-1.20.1.jar%23191!/:?]
	at net.minecraft.world.level.storage.loot.entries.LootPoolSingletonContainer$Serializer.deserializeCustom(LootPoolSingletonContainer.java:129) ~[forge-1.20.1-47.2.0_mapped_parchment_2023.09.03-1.20.1.jar%23191!/:?]
	at net.minecraft.world.level.storage.loot.entries.LootPoolEntryContainer$Serializer.deserialize(LootPoolEntryContainer.java:86) ~[forge-1.20.1-47.2.0_mapped_parchment_2023.09.03-1.20.1.jar%23191!/:?]
	at net.minecraft.world.level.storage.loot.entries.LootPoolEntryContainer$Serializer.deserialize(LootPoolEntryContainer.java:74) ~[forge-1.20.1-47.2.0_mapped_parchment_2023.09.03-1.20.1.jar%23191!/:?]
	at net.minecraft.world.level.storage.loot.GsonAdapterFactory$JsonAdapter.deserialize(GsonAdapterFactory.java:102) ~[forge-1.20.1-47.2.0_mapped_parchment_2023.09.03-1.20.1.jar%23191!/:?]
	at com.google.gson.internal.bind.TreeTypeAdapter.read(TreeTypeAdapter.java:76) ~[gson-2.10.jar%23130!/:?]
	at com.google.gson.internal.bind.TypeAdapterRuntimeTypeWrapper.read(TypeAdapterRuntimeTypeWrapper.java:40) ~[gson-2.10.jar%23130!/:?]
	at com.google.gson.internal.bind.ArrayTypeAdapter.read(ArrayTypeAdapter.java:72) ~[gson-2.10.jar%23130!/:?]
	at com.google.gson.Gson.fromJson(Gson.java:1214) ~[gson-2.10.jar%23130!/:?]
	at com.google.gson.Gson.fromJson(Gson.java:1319) ~[gson-2.10.jar%23130!/:?]
	at com.google.gson.Gson.fromJson(Gson.java:1290) ~[gson-2.10.jar%23130!/:?]
	at com.google.gson.internal.bind.TreeTypeAdapter$GsonContextImpl.deserialize(TreeTypeAdapter.java:179) ~[gson-2.10.jar%23130!/:?]
	at net.minecraft.util.GsonHelper.convertToObject(GsonHelper.java:463) ~[forge-1.20.1-47.2.0_mapped_parchment_2023.09.03-1.20.1.jar%23191!/:?]
	at net.minecraft.util.GsonHelper.getAsObject(GsonHelper.java:471) ~[forge-1.20.1-47.2.0_mapped_parchment_2023.09.03-1.20.1.jar%23191!/:?]
	at net.minecraft.world.level.storage.loot.LootPool$Serializer.deserialize(LootPool.java:192) ~[forge-1.20.1-47.2.0_mapped_parchment_2023.09.03-1.20.1.jar%23191!/:?]
	at net.minecraft.world.level.storage.loot.LootPool$Serializer.deserialize(LootPool.java:189) ~[forge-1.20.1-47.2.0_mapped_parchment_2023.09.03-1.20.1.jar%23191!/:?]
	at com.google.gson.internal.bind.TreeTypeAdapter.read(TreeTypeAdapter.java:76) ~[gson-2.10.jar%23130!/:?]
	at com.google.gson.internal.bind.TypeAdapterRuntimeTypeWrapper.read(TypeAdapterRuntimeTypeWrapper.java:40) ~[gson-2.10.jar%23130!/:?]
	at com.google.gson.internal.bind.ArrayTypeAdapter.read(ArrayTypeAdapter.java:72) ~[gson-2.10.jar%23130!/:?]
	at com.google.gson.Gson.fromJson(Gson.java:1214) ~[gson-2.10.jar%23130!/:?]
	at com.google.gson.Gson.fromJson(Gson.java:1319) ~[gson-2.10.jar%23130!/:?]
	at com.google.gson.Gson.fromJson(Gson.java:1290) ~[gson-2.10.jar%23130!/:?]
	at com.google.gson.internal.bind.TreeTypeAdapter$GsonContextImpl.deserialize(TreeTypeAdapter.java:179) ~[gson-2.10.jar%23130!/:?]
	at net.minecraft.util.GsonHelper.convertToObject(GsonHelper.java:463) ~[forge-1.20.1-47.2.0_mapped_parchment_2023.09.03-1.20.1.jar%23191!/:?]
	at net.minecraft.util.GsonHelper.getAsObject(GsonHelper.java:481) ~[forge-1.20.1-47.2.0_mapped_parchment_2023.09.03-1.20.1.jar%23191!/:?]
	at net.minecraft.world.level.storage.loot.LootTable$Serializer.deserialize(LootTable.java:294) ~[forge-1.20.1-47.2.0_mapped_parchment_2023.09.03-1.20.1.jar%23191!/:?]
	at net.minecraft.world.level.storage.loot.LootTable$Serializer.deserialize(LootTable.java:291) ~[forge-1.20.1-47.2.0_mapped_parchment_2023.09.03-1.20.1.jar%23191!/:?]
	at com.google.gson.internal.bind.TreeTypeAdapter.read(TreeTypeAdapter.java:76) ~[gson-2.10.jar%23130!/:?]
	at com.google.gson.Gson.fromJson(Gson.java:1214) ~[gson-2.10.jar%23130!/:?]
	at com.google.gson.Gson.fromJson(Gson.java:1319) ~[gson-2.10.jar%23130!/:?]
	at com.google.gson.Gson.fromJson(Gson.java:1261) ~[gson-2.10.jar%23130!/:?]
	at net.minecraftforge.common.ForgeHooks.loadLootTable(ForgeHooks.java:871) ~[forge-1.20.1-47.2.0_mapped_parchment_2023.09.03-1.20.1.jar%23190%23197!/:?]
	at net.minecraftforge.common.ForgeHooks.lambda$getLootTableDeserializer$3(ForgeHooks.java:848) ~[forge-1.20.1-47.2.0_mapped_parchment_2023.09.03-1.20.1.jar%23190%23197!/:?]
	at net.minecraft.world.level.storage.loot.LootDataType.deserialize(LootDataType.java:45) ~[forge-1.20.1-47.2.0_mapped_parchment_2023.09.03-1.20.1.jar%23191!/:?]
	at net.minecraft.world.level.storage.loot.LootDataManager.lambda$scheduleElementParse$4(LootDataManager.java:56) ~[forge-1.20.1-47.2.0_mapped_parchment_2023.09.03-1.20.1.jar%23191!/:?]
	at java.util.HashMap.forEach(HashMap.java:1421) ~[?:?]
	at net.minecraft.world.level.storage.loot.LootDataManager.lambda$scheduleElementParse$5(LootDataManager.java:55) ~[forge-1.20.1-47.2.0_mapped_parchment_2023.09.03-1.20.1.jar%23191!/:?]
	at java.util.concurrent.CompletableFuture$AsyncRun.run(CompletableFuture.java:1804) ~[?:?]
	at java.util.concurrent.CompletableFuture$AsyncRun.exec(CompletableFuture.java:1796) ~[?:?]
	at java.util.concurrent.ForkJoinTask.doExec(ForkJoinTask.java:373) ~[?:?]
	at java.util.concurrent.ForkJoinPool$WorkQueue.topLevelExec(ForkJoinPool.java:1182) ~[?:?]
	at java.util.concurrent.ForkJoinPool.scan(ForkJoinPool.java:1655) ~[?:?]
	at java.util.concurrent.ForkJoinPool.runWorker(ForkJoinPool.java:1622) ~[?:?]
	at java.util.concurrent.ForkJoinWorkerThread.run(ForkJoinWorkerThread.java:165) ~[?:?]
[17Jun2025 23:52:25.992] [Worker-Main-9/ERROR] [net.minecraftforge.common.ForgeHooks/]: Couldn't parse element loot_tables:simplemissiles:blocks/missile_locatorburned
com.google.gson.JsonSyntaxException: Expected name to be an item, was unknown string 'simplemissiles:missile_locatorburned'
	at net.minecraft.util.GsonHelper.lambda$convertToItem$0(GsonHelper.java:145) ~[forge-1.20.1-47.2.0_mapped_parchment_2023.09.03-1.20.1.jar%23191!/:?]
	at java.util.Optional.orElseThrow(Optional.java:403) ~[?:?]
	at net.minecraft.util.GsonHelper.convertToItem(GsonHelper.java:145) ~[forge-1.20.1-47.2.0_mapped_parchment_2023.09.03-1.20.1.jar%23191!/:?]
	at net.minecraft.util.GsonHelper.getAsItem(GsonHelper.java:153) ~[forge-1.20.1-47.2.0_mapped_parchment_2023.09.03-1.20.1.jar%23191!/:?]
	at net.minecraft.world.level.storage.loot.entries.LootItem$Serializer.deserialize(LootItem.java:55) ~[forge-1.20.1-47.2.0_mapped_parchment_2023.09.03-1.20.1.jar%23191!/:?]
	at net.minecraft.world.level.storage.loot.entries.LootItem$Serializer.deserialize(LootItem.java:40) ~[forge-1.20.1-47.2.0_mapped_parchment_2023.09.03-1.20.1.jar%23191!/:?]
	at net.minecraft.world.level.storage.loot.entries.LootPoolSingletonContainer$Serializer.deserializeCustom(LootPoolSingletonContainer.java:151) ~[forge-1.20.1-47.2.0_mapped_parchment_2023.09.03-1.20.1.jar%23191!/:?]
	at net.minecraft.world.level.storage.loot.entries.LootPoolSingletonContainer$Serializer.deserializeCustom(LootPoolSingletonContainer.java:129) ~[forge-1.20.1-47.2.0_mapped_parchment_2023.09.03-1.20.1.jar%23191!/:?]
	at net.minecraft.world.level.storage.loot.entries.LootPoolEntryContainer$Serializer.deserialize(LootPoolEntryContainer.java:86) ~[forge-1.20.1-47.2.0_mapped_parchment_2023.09.03-1.20.1.jar%23191!/:?]
	at net.minecraft.world.level.storage.loot.entries.LootPoolEntryContainer$Serializer.deserialize(LootPoolEntryContainer.java:74) ~[forge-1.20.1-47.2.0_mapped_parchment_2023.09.03-1.20.1.jar%23191!/:?]
	at net.minecraft.world.level.storage.loot.GsonAdapterFactory$JsonAdapter.deserialize(GsonAdapterFactory.java:102) ~[forge-1.20.1-47.2.0_mapped_parchment_2023.09.03-1.20.1.jar%23191!/:?]
	at com.google.gson.internal.bind.TreeTypeAdapter.read(TreeTypeAdapter.java:76) ~[gson-2.10.jar%23130!/:?]
	at com.google.gson.internal.bind.TypeAdapterRuntimeTypeWrapper.read(TypeAdapterRuntimeTypeWrapper.java:40) ~[gson-2.10.jar%23130!/:?]
	at com.google.gson.internal.bind.ArrayTypeAdapter.read(ArrayTypeAdapter.java:72) ~[gson-2.10.jar%23130!/:?]
	at com.google.gson.Gson.fromJson(Gson.java:1214) ~[gson-2.10.jar%23130!/:?]
	at com.google.gson.Gson.fromJson(Gson.java:1319) ~[gson-2.10.jar%23130!/:?]
	at com.google.gson.Gson.fromJson(Gson.java:1290) ~[gson-2.10.jar%23130!/:?]
	at com.google.gson.internal.bind.TreeTypeAdapter$GsonContextImpl.deserialize(TreeTypeAdapter.java:179) ~[gson-2.10.jar%23130!/:?]
	at net.minecraft.util.GsonHelper.convertToObject(GsonHelper.java:463) ~[forge-1.20.1-47.2.0_mapped_parchment_2023.09.03-1.20.1.jar%23191!/:?]
	at net.minecraft.util.GsonHelper.getAsObject(GsonHelper.java:471) ~[forge-1.20.1-47.2.0_mapped_parchment_2023.09.03-1.20.1.jar%23191!/:?]
	at net.minecraft.world.level.storage.loot.LootPool$Serializer.deserialize(LootPool.java:192) ~[forge-1.20.1-47.2.0_mapped_parchment_2023.09.03-1.20.1.jar%23191!/:?]
	at net.minecraft.world.level.storage.loot.LootPool$Serializer.deserialize(LootPool.java:189) ~[forge-1.20.1-47.2.0_mapped_parchment_2023.09.03-1.20.1.jar%23191!/:?]
	at com.google.gson.internal.bind.TreeTypeAdapter.read(TreeTypeAdapter.java:76) ~[gson-2.10.jar%23130!/:?]
	at com.google.gson.internal.bind.TypeAdapterRuntimeTypeWrapper.read(TypeAdapterRuntimeTypeWrapper.java:40) ~[gson-2.10.jar%23130!/:?]
	at com.google.gson.internal.bind.ArrayTypeAdapter.read(ArrayTypeAdapter.java:72) ~[gson-2.10.jar%23130!/:?]
	at com.google.gson.Gson.fromJson(Gson.java:1214) ~[gson-2.10.jar%23130!/:?]
	at com.google.gson.Gson.fromJson(Gson.java:1319) ~[gson-2.10.jar%23130!/:?]
	at com.google.gson.Gson.fromJson(Gson.java:1290) ~[gson-2.10.jar%23130!/:?]
	at com.google.gson.internal.bind.TreeTypeAdapter$GsonContextImpl.deserialize(TreeTypeAdapter.java:179) ~[gson-2.10.jar%23130!/:?]
	at net.minecraft.util.GsonHelper.convertToObject(GsonHelper.java:463) ~[forge-1.20.1-47.2.0_mapped_parchment_2023.09.03-1.20.1.jar%23191!/:?]
	at net.minecraft.util.GsonHelper.getAsObject(GsonHelper.java:481) ~[forge-1.20.1-47.2.0_mapped_parchment_2023.09.03-1.20.1.jar%23191!/:?]
	at net.minecraft.world.level.storage.loot.LootTable$Serializer.deserialize(LootTable.java:294) ~[forge-1.20.1-47.2.0_mapped_parchment_2023.09.03-1.20.1.jar%23191!/:?]
	at net.minecraft.world.level.storage.loot.LootTable$Serializer.deserialize(LootTable.java:291) ~[forge-1.20.1-47.2.0_mapped_parchment_2023.09.03-1.20.1.jar%23191!/:?]
	at com.google.gson.internal.bind.TreeTypeAdapter.read(TreeTypeAdapter.java:76) ~[gson-2.10.jar%23130!/:?]
	at com.google.gson.Gson.fromJson(Gson.java:1214) ~[gson-2.10.jar%23130!/:?]
	at com.google.gson.Gson.fromJson(Gson.java:1319) ~[gson-2.10.jar%23130!/:?]
	at com.google.gson.Gson.fromJson(Gson.java:1261) ~[gson-2.10.jar%23130!/:?]
	at net.minecraftforge.common.ForgeHooks.loadLootTable(ForgeHooks.java:871) ~[forge-1.20.1-47.2.0_mapped_parchment_2023.09.03-1.20.1.jar%23190%23197!/:?]
	at net.minecraftforge.common.ForgeHooks.lambda$getLootTableDeserializer$3(ForgeHooks.java:848) ~[forge-1.20.1-47.2.0_mapped_parchment_2023.09.03-1.20.1.jar%23190%23197!/:?]
	at net.minecraft.world.level.storage.loot.LootDataType.deserialize(LootDataType.java:45) ~[forge-1.20.1-47.2.0_mapped_parchment_2023.09.03-1.20.1.jar%23191!/:?]
	at net.minecraft.world.level.storage.loot.LootDataManager.lambda$scheduleElementParse$4(LootDataManager.java:56) ~[forge-1.20.1-47.2.0_mapped_parchment_2023.09.03-1.20.1.jar%23191!/:?]
	at java.util.HashMap.forEach(HashMap.java:1421) ~[?:?]
	at net.minecraft.world.level.storage.loot.LootDataManager.lambda$scheduleElementParse$5(LootDataManager.java:55) ~[forge-1.20.1-47.2.0_mapped_parchment_2023.09.03-1.20.1.jar%23191!/:?]
	at java.util.concurrent.CompletableFuture$AsyncRun.run(CompletableFuture.java:1804) ~[?:?]
	at java.util.concurrent.CompletableFuture$AsyncRun.exec(CompletableFuture.java:1796) ~[?:?]
	at java.util.concurrent.ForkJoinTask.doExec(ForkJoinTask.java:373) ~[?:?]
	at java.util.concurrent.ForkJoinPool$WorkQueue.topLevelExec(ForkJoinPool.java:1182) ~[?:?]
	at java.util.concurrent.ForkJoinPool.scan(ForkJoinPool.java:1655) ~[?:?]
	at java.util.concurrent.ForkJoinPool.runWorker(ForkJoinPool.java:1622) ~[?:?]
	at java.util.concurrent.ForkJoinWorkerThread.run(ForkJoinWorkerThread.java:165) ~[?:?]
[17Jun2025 23:52:25.995] [Worker-Main-9/ERROR] [net.minecraftforge.common.ForgeHooks/]: Couldn't parse element loot_tables:simplemissiles:blocks/lasermissilebroken
com.google.gson.JsonSyntaxException: Expected name to be an item, was unknown string 'simplemissiles:lasermissilebroken'
	at net.minecraft.util.GsonHelper.lambda$convertToItem$0(GsonHelper.java:145) ~[forge-1.20.1-47.2.0_mapped_parchment_2023.09.03-1.20.1.jar%23191!/:?]
	at java.util.Optional.orElseThrow(Optional.java:403) ~[?:?]
	at net.minecraft.util.GsonHelper.convertToItem(GsonHelper.java:145) ~[forge-1.20.1-47.2.0_mapped_parchment_2023.09.03-1.20.1.jar%23191!/:?]
	at net.minecraft.util.GsonHelper.getAsItem(GsonHelper.java:153) ~[forge-1.20.1-47.2.0_mapped_parchment_2023.09.03-1.20.1.jar%23191!/:?]
	at net.minecraft.world.level.storage.loot.entries.LootItem$Serializer.deserialize(LootItem.java:55) ~[forge-1.20.1-47.2.0_mapped_parchment_2023.09.03-1.20.1.jar%23191!/:?]
	at net.minecraft.world.level.storage.loot.entries.LootItem$Serializer.deserialize(LootItem.java:40) ~[forge-1.20.1-47.2.0_mapped_parchment_2023.09.03-1.20.1.jar%23191!/:?]
	at net.minecraft.world.level.storage.loot.entries.LootPoolSingletonContainer$Serializer.deserializeCustom(LootPoolSingletonContainer.java:151) ~[forge-1.20.1-47.2.0_mapped_parchment_2023.09.03-1.20.1.jar%23191!/:?]
	at net.minecraft.world.level.storage.loot.entries.LootPoolSingletonContainer$Serializer.deserializeCustom(LootPoolSingletonContainer.java:129) ~[forge-1.20.1-47.2.0_mapped_parchment_2023.09.03-1.20.1.jar%23191!/:?]
	at net.minecraft.world.level.storage.loot.entries.LootPoolEntryContainer$Serializer.deserialize(LootPoolEntryContainer.java:86) ~[forge-1.20.1-47.2.0_mapped_parchment_2023.09.03-1.20.1.jar%23191!/:?]
	at net.minecraft.world.level.storage.loot.entries.LootPoolEntryContainer$Serializer.deserialize(LootPoolEntryContainer.java:74) ~[forge-1.20.1-47.2.0_mapped_parchment_2023.09.03-1.20.1.jar%23191!/:?]
	at net.minecraft.world.level.storage.loot.GsonAdapterFactory$JsonAdapter.deserialize(GsonAdapterFactory.java:102) ~[forge-1.20.1-47.2.0_mapped_parchment_2023.09.03-1.20.1.jar%23191!/:?]
	at com.google.gson.internal.bind.TreeTypeAdapter.read(TreeTypeAdapter.java:76) ~[gson-2.10.jar%23130!/:?]
	at com.google.gson.internal.bind.TypeAdapterRuntimeTypeWrapper.read(TypeAdapterRuntimeTypeWrapper.java:40) ~[gson-2.10.jar%23130!/:?]
	at com.google.gson.internal.bind.ArrayTypeAdapter.read(ArrayTypeAdapter.java:72) ~[gson-2.10.jar%23130!/:?]
	at com.google.gson.Gson.fromJson(Gson.java:1214) ~[gson-2.10.jar%23130!/:?]
	at com.google.gson.Gson.fromJson(Gson.java:1319) ~[gson-2.10.jar%23130!/:?]
	at com.google.gson.Gson.fromJson(Gson.java:1290) ~[gson-2.10.jar%23130!/:?]
	at com.google.gson.internal.bind.TreeTypeAdapter$GsonContextImpl.deserialize(TreeTypeAdapter.java:179) ~[gson-2.10.jar%23130!/:?]
	at net.minecraft.util.GsonHelper.convertToObject(GsonHelper.java:463) ~[forge-1.20.1-47.2.0_mapped_parchment_2023.09.03-1.20.1.jar%23191!/:?]
	at net.minecraft.util.GsonHelper.getAsObject(GsonHelper.java:471) ~[forge-1.20.1-47.2.0_mapped_parchment_2023.09.03-1.20.1.jar%23191!/:?]
	at net.minecraft.world.level.storage.loot.LootPool$Serializer.deserialize(LootPool.java:192) ~[forge-1.20.1-47.2.0_mapped_parchment_2023.09.03-1.20.1.jar%23191!/:?]
	at net.minecraft.world.level.storage.loot.LootPool$Serializer.deserialize(LootPool.java:189) ~[forge-1.20.1-47.2.0_mapped_parchment_2023.09.03-1.20.1.jar%23191!/:?]
	at com.google.gson.internal.bind.TreeTypeAdapter.read(TreeTypeAdapter.java:76) ~[gson-2.10.jar%23130!/:?]
	at com.google.gson.internal.bind.TypeAdapterRuntimeTypeWrapper.read(TypeAdapterRuntimeTypeWrapper.java:40) ~[gson-2.10.jar%23130!/:?]
	at com.google.gson.internal.bind.ArrayTypeAdapter.read(ArrayTypeAdapter.java:72) ~[gson-2.10.jar%23130!/:?]
	at com.google.gson.Gson.fromJson(Gson.java:1214) ~[gson-2.10.jar%23130!/:?]
	at com.google.gson.Gson.fromJson(Gson.java:1319) ~[gson-2.10.jar%23130!/:?]
	at com.google.gson.Gson.fromJson(Gson.java:1290) ~[gson-2.10.jar%23130!/:?]
	at com.google.gson.internal.bind.TreeTypeAdapter$GsonContextImpl.deserialize(TreeTypeAdapter.java:179) ~[gson-2.10.jar%23130!/:?]
	at net.minecraft.util.GsonHelper.convertToObject(GsonHelper.java:463) ~[forge-1.20.1-47.2.0_mapped_parchment_2023.09.03-1.20.1.jar%23191!/:?]
	at net.minecraft.util.GsonHelper.getAsObject(GsonHelper.java:481) ~[forge-1.20.1-47.2.0_mapped_parchment_2023.09.03-1.20.1.jar%23191!/:?]
	at net.minecraft.world.level.storage.loot.LootTable$Serializer.deserialize(LootTable.java:294) ~[forge-1.20.1-47.2.0_mapped_parchment_2023.09.03-1.20.1.jar%23191!/:?]
	at net.minecraft.world.level.storage.loot.LootTable$Serializer.deserialize(LootTable.java:291) ~[forge-1.20.1-47.2.0_mapped_parchment_2023.09.03-1.20.1.jar%23191!/:?]
	at com.google.gson.internal.bind.TreeTypeAdapter.read(TreeTypeAdapter.java:76) ~[gson-2.10.jar%23130!/:?]
	at com.google.gson.Gson.fromJson(Gson.java:1214) ~[gson-2.10.jar%23130!/:?]
	at com.google.gson.Gson.fromJson(Gson.java:1319) ~[gson-2.10.jar%23130!/:?]
	at com.google.gson.Gson.fromJson(Gson.java:1261) ~[gson-2.10.jar%23130!/:?]
	at net.minecraftforge.common.ForgeHooks.loadLootTable(ForgeHooks.java:871) ~[forge-1.20.1-47.2.0_mapped_parchment_2023.09.03-1.20.1.jar%23190%23197!/:?]
	at net.minecraftforge.common.ForgeHooks.lambda$getLootTableDeserializer$3(ForgeHooks.java:848) ~[forge-1.20.1-47.2.0_mapped_parchment_2023.09.03-1.20.1.jar%23190%23197!/:?]
	at net.minecraft.world.level.storage.loot.LootDataType.deserialize(LootDataType.java:45) ~[forge-1.20.1-47.2.0_mapped_parchment_2023.09.03-1.20.1.jar%23191!/:?]
	at net.minecraft.world.level.storage.loot.LootDataManager.lambda$scheduleElementParse$4(LootDataManager.java:56) ~[forge-1.20.1-47.2.0_mapped_parchment_2023.09.03-1.20.1.jar%23191!/:?]
	at java.util.HashMap.forEach(HashMap.java:1421) ~[?:?]
	at net.minecraft.world.level.storage.loot.LootDataManager.lambda$scheduleElementParse$5(LootDataManager.java:55) ~[forge-1.20.1-47.2.0_mapped_parchment_2023.09.03-1.20.1.jar%23191!/:?]
	at java.util.concurrent.CompletableFuture$AsyncRun.run(CompletableFuture.java:1804) ~[?:?]
	at java.util.concurrent.CompletableFuture$AsyncRun.exec(CompletableFuture.java:1796) ~[?:?]
	at java.util.concurrent.ForkJoinTask.doExec(ForkJoinTask.java:373) ~[?:?]
	at java.util.concurrent.ForkJoinPool$WorkQueue.topLevelExec(ForkJoinPool.java:1182) ~[?:?]
	at java.util.concurrent.ForkJoinPool.scan(ForkJoinPool.java:1655) ~[?:?]
	at java.util.concurrent.ForkJoinPool.runWorker(ForkJoinPool.java:1622) ~[?:?]
	at java.util.concurrent.ForkJoinWorkerThread.run(ForkJoinWorkerThread.java:165) ~[?:?]
[17Jun2025 23:52:25.997] [Worker-Main-9/ERROR] [net.minecraftforge.common.ForgeHooks/]: Couldn't parse element loot_tables:simplemissiles:blocks/trapdooropen
com.google.gson.JsonSyntaxException: Expected name to be an item, was unknown string 'simplemissiles:trapdooropen'
	at net.minecraft.util.GsonHelper.lambda$convertToItem$0(GsonHelper.java:145) ~[forge-1.20.1-47.2.0_mapped_parchment_2023.09.03-1.20.1.jar%23191!/:?]
	at java.util.Optional.orElseThrow(Optional.java:403) ~[?:?]
	at net.minecraft.util.GsonHelper.convertToItem(GsonHelper.java:145) ~[forge-1.20.1-47.2.0_mapped_parchment_2023.09.03-1.20.1.jar%23191!/:?]
	at net.minecraft.util.GsonHelper.getAsItem(GsonHelper.java:153) ~[forge-1.20.1-47.2.0_mapped_parchment_2023.09.03-1.20.1.jar%23191!/:?]
	at net.minecraft.world.level.storage.loot.entries.LootItem$Serializer.deserialize(LootItem.java:55) ~[forge-1.20.1-47.2.0_mapped_parchment_2023.09.03-1.20.1.jar%23191!/:?]
	at net.minecraft.world.level.storage.loot.entries.LootItem$Serializer.deserialize(LootItem.java:40) ~[forge-1.20.1-47.2.0_mapped_parchment_2023.09.03-1.20.1.jar%23191!/:?]
	at net.minecraft.world.level.storage.loot.entries.LootPoolSingletonContainer$Serializer.deserializeCustom(LootPoolSingletonContainer.java:151) ~[forge-1.20.1-47.2.0_mapped_parchment_2023.09.03-1.20.1.jar%23191!/:?]
	at net.minecraft.world.level.storage.loot.entries.LootPoolSingletonContainer$Serializer.deserializeCustom(LootPoolSingletonContainer.java:129) ~[forge-1.20.1-47.2.0_mapped_parchment_2023.09.03-1.20.1.jar%23191!/:?]
	at net.minecraft.world.level.storage.loot.entries.LootPoolEntryContainer$Serializer.deserialize(LootPoolEntryContainer.java:86) ~[forge-1.20.1-47.2.0_mapped_parchment_2023.09.03-1.20.1.jar%23191!/:?]
	at net.minecraft.world.level.storage.loot.entries.LootPoolEntryContainer$Serializer.deserialize(LootPoolEntryContainer.java:74) ~[forge-1.20.1-47.2.0_mapped_parchment_2023.09.03-1.20.1.jar%23191!/:?]
	at net.minecraft.world.level.storage.loot.GsonAdapterFactory$JsonAdapter.deserialize(GsonAdapterFactory.java:102) ~[forge-1.20.1-47.2.0_mapped_parchment_2023.09.03-1.20.1.jar%23191!/:?]
	at com.google.gson.internal.bind.TreeTypeAdapter.read(TreeTypeAdapter.java:76) ~[gson-2.10.jar%23130!/:?]
	at com.google.gson.internal.bind.TypeAdapterRuntimeTypeWrapper.read(TypeAdapterRuntimeTypeWrapper.java:40) ~[gson-2.10.jar%23130!/:?]
	at com.google.gson.internal.bind.ArrayTypeAdapter.read(ArrayTypeAdapter.java:72) ~[gson-2.10.jar%23130!/:?]
	at com.google.gson.Gson.fromJson(Gson.java:1214) ~[gson-2.10.jar%23130!/:?]
	at com.google.gson.Gson.fromJson(Gson.java:1319) ~[gson-2.10.jar%23130!/:?]
	at com.google.gson.Gson.fromJson(Gson.java:1290) ~[gson-2.10.jar%23130!/:?]
	at com.google.gson.internal.bind.TreeTypeAdapter$GsonContextImpl.deserialize(TreeTypeAdapter.java:179) ~[gson-2.10.jar%23130!/:?]
	at net.minecraft.util.GsonHelper.convertToObject(GsonHelper.java:463) ~[forge-1.20.1-47.2.0_mapped_parchment_2023.09.03-1.20.1.jar%23191!/:?]
	at net.minecraft.util.GsonHelper.getAsObject(GsonHelper.java:471) ~[forge-1.20.1-47.2.0_mapped_parchment_2023.09.03-1.20.1.jar%23191!/:?]
	at net.minecraft.world.level.storage.loot.LootPool$Serializer.deserialize(LootPool.java:192) ~[forge-1.20.1-47.2.0_mapped_parchment_2023.09.03-1.20.1.jar%23191!/:?]
	at net.minecraft.world.level.storage.loot.LootPool$Serializer.deserialize(LootPool.java:189) ~[forge-1.20.1-47.2.0_mapped_parchment_2023.09.03-1.20.1.jar%23191!/:?]
	at com.google.gson.internal.bind.TreeTypeAdapter.read(TreeTypeAdapter.java:76) ~[gson-2.10.jar%23130!/:?]
	at com.google.gson.internal.bind.TypeAdapterRuntimeTypeWrapper.read(TypeAdapterRuntimeTypeWrapper.java:40) ~[gson-2.10.jar%23130!/:?]
	at com.google.gson.internal.bind.ArrayTypeAdapter.read(ArrayTypeAdapter.java:72) ~[gson-2.10.jar%23130!/:?]
	at com.google.gson.Gson.fromJson(Gson.java:1214) ~[gson-2.10.jar%23130!/:?]
	at com.google.gson.Gson.fromJson(Gson.java:1319) ~[gson-2.10.jar%23130!/:?]
	at com.google.gson.Gson.fromJson(Gson.java:1290) ~[gson-2.10.jar%23130!/:?]
	at com.google.gson.internal.bind.TreeTypeAdapter$GsonContextImpl.deserialize(TreeTypeAdapter.java:179) ~[gson-2.10.jar%23130!/:?]
	at net.minecraft.util.GsonHelper.convertToObject(GsonHelper.java:463) ~[forge-1.20.1-47.2.0_mapped_parchment_2023.09.03-1.20.1.jar%23191!/:?]
	at net.minecraft.util.GsonHelper.getAsObject(GsonHelper.java:481) ~[forge-1.20.1-47.2.0_mapped_parchment_2023.09.03-1.20.1.jar%23191!/:?]
	at net.minecraft.world.level.storage.loot.LootTable$Serializer.deserialize(LootTable.java:294) ~[forge-1.20.1-47.2.0_mapped_parchment_2023.09.03-1.20.1.jar%23191!/:?]
	at net.minecraft.world.level.storage.loot.LootTable$Serializer.deserialize(LootTable.java:291) ~[forge-1.20.1-47.2.0_mapped_parchment_2023.09.03-1.20.1.jar%23191!/:?]
	at com.google.gson.internal.bind.TreeTypeAdapter.read(TreeTypeAdapter.java:76) ~[gson-2.10.jar%23130!/:?]
	at com.google.gson.Gson.fromJson(Gson.java:1214) ~[gson-2.10.jar%23130!/:?]
	at com.google.gson.Gson.fromJson(Gson.java:1319) ~[gson-2.10.jar%23130!/:?]
	at com.google.gson.Gson.fromJson(Gson.java:1261) ~[gson-2.10.jar%23130!/:?]
	at net.minecraftforge.common.ForgeHooks.loadLootTable(ForgeHooks.java:871) ~[forge-1.20.1-47.2.0_mapped_parchment_2023.09.03-1.20.1.jar%23190%23197!/:?]
	at net.minecraftforge.common.ForgeHooks.lambda$getLootTableDeserializer$3(ForgeHooks.java:848) ~[forge-1.20.1-47.2.0_mapped_parchment_2023.09.03-1.20.1.jar%23190%23197!/:?]
	at net.minecraft.world.level.storage.loot.LootDataType.deserialize(LootDataType.java:45) ~[forge-1.20.1-47.2.0_mapped_parchment_2023.09.03-1.20.1.jar%23191!/:?]
	at net.minecraft.world.level.storage.loot.LootDataManager.lambda$scheduleElementParse$4(LootDataManager.java:56) ~[forge-1.20.1-47.2.0_mapped_parchment_2023.09.03-1.20.1.jar%23191!/:?]
	at java.util.HashMap.forEach(HashMap.java:1421) ~[?:?]
	at net.minecraft.world.level.storage.loot.LootDataManager.lambda$scheduleElementParse$5(LootDataManager.java:55) ~[forge-1.20.1-47.2.0_mapped_parchment_2023.09.03-1.20.1.jar%23191!/:?]
	at java.util.concurrent.CompletableFuture$AsyncRun.run(CompletableFuture.java:1804) ~[?:?]
	at java.util.concurrent.CompletableFuture$AsyncRun.exec(CompletableFuture.java:1796) ~[?:?]
	at java.util.concurrent.ForkJoinTask.doExec(ForkJoinTask.java:373) ~[?:?]
	at java.util.concurrent.ForkJoinPool$WorkQueue.topLevelExec(ForkJoinPool.java:1182) ~[?:?]
	at java.util.concurrent.ForkJoinPool.scan(ForkJoinPool.java:1655) ~[?:?]
	at java.util.concurrent.ForkJoinPool.runWorker(ForkJoinPool.java:1622) ~[?:?]
	at java.util.concurrent.ForkJoinWorkerThread.run(ForkJoinWorkerThread.java:165) ~[?:?]
[17Jun2025 23:52:25.999] [Worker-Main-9/ERROR] [net.minecraftforge.common.ForgeHooks/]: Couldn't parse element loot_tables:simplemissiles:blocks/missilelocatorfound
com.google.gson.JsonSyntaxException: Expected name to be an item, was unknown string 'simplemissiles:missilelocator'
	at net.minecraft.util.GsonHelper.lambda$convertToItem$0(GsonHelper.java:145) ~[forge-1.20.1-47.2.0_mapped_parchment_2023.09.03-1.20.1.jar%23191!/:?]
	at java.util.Optional.orElseThrow(Optional.java:403) ~[?:?]
	at net.minecraft.util.GsonHelper.convertToItem(GsonHelper.java:145) ~[forge-1.20.1-47.2.0_mapped_parchment_2023.09.03-1.20.1.jar%23191!/:?]
	at net.minecraft.util.GsonHelper.getAsItem(GsonHelper.java:153) ~[forge-1.20.1-47.2.0_mapped_parchment_2023.09.03-1.20.1.jar%23191!/:?]
	at net.minecraft.world.level.storage.loot.entries.LootItem$Serializer.deserialize(LootItem.java:55) ~[forge-1.20.1-47.2.0_mapped_parchment_2023.09.03-1.20.1.jar%23191!/:?]
	at net.minecraft.world.level.storage.loot.entries.LootItem$Serializer.deserialize(LootItem.java:40) ~[forge-1.20.1-47.2.0_mapped_parchment_2023.09.03-1.20.1.jar%23191!/:?]
	at net.minecraft.world.level.storage.loot.entries.LootPoolSingletonContainer$Serializer.deserializeCustom(LootPoolSingletonContainer.java:151) ~[forge-1.20.1-47.2.0_mapped_parchment_2023.09.03-1.20.1.jar%23191!/:?]
	at net.minecraft.world.level.storage.loot.entries.LootPoolSingletonContainer$Serializer.deserializeCustom(LootPoolSingletonContainer.java:129) ~[forge-1.20.1-47.2.0_mapped_parchment_2023.09.03-1.20.1.jar%23191!/:?]
	at net.minecraft.world.level.storage.loot.entries.LootPoolEntryContainer$Serializer.deserialize(LootPoolEntryContainer.java:86) ~[forge-1.20.1-47.2.0_mapped_parchment_2023.09.03-1.20.1.jar%23191!/:?]
	at net.minecraft.world.level.storage.loot.entries.LootPoolEntryContainer$Serializer.deserialize(LootPoolEntryContainer.java:74) ~[forge-1.20.1-47.2.0_mapped_parchment_2023.09.03-1.20.1.jar%23191!/:?]
	at net.minecraft.world.level.storage.loot.GsonAdapterFactory$JsonAdapter.deserialize(GsonAdapterFactory.java:102) ~[forge-1.20.1-47.2.0_mapped_parchment_2023.09.03-1.20.1.jar%23191!/:?]
	at com.google.gson.internal.bind.TreeTypeAdapter.read(TreeTypeAdapter.java:76) ~[gson-2.10.jar%23130!/:?]
	at com.google.gson.internal.bind.TypeAdapterRuntimeTypeWrapper.read(TypeAdapterRuntimeTypeWrapper.java:40) ~[gson-2.10.jar%23130!/:?]
	at com.google.gson.internal.bind.ArrayTypeAdapter.read(ArrayTypeAdapter.java:72) ~[gson-2.10.jar%23130!/:?]
	at com.google.gson.Gson.fromJson(Gson.java:1214) ~[gson-2.10.jar%23130!/:?]
	at com.google.gson.Gson.fromJson(Gson.java:1319) ~[gson-2.10.jar%23130!/:?]
	at com.google.gson.Gson.fromJson(Gson.java:1290) ~[gson-2.10.jar%23130!/:?]
	at com.google.gson.internal.bind.TreeTypeAdapter$GsonContextImpl.deserialize(TreeTypeAdapter.java:179) ~[gson-2.10.jar%23130!/:?]
	at net.minecraft.util.GsonHelper.convertToObject(GsonHelper.java:463) ~[forge-1.20.1-47.2.0_mapped_parchment_2023.09.03-1.20.1.jar%23191!/:?]
	at net.minecraft.util.GsonHelper.getAsObject(GsonHelper.java:471) ~[forge-1.20.1-47.2.0_mapped_parchment_2023.09.03-1.20.1.jar%23191!/:?]
	at net.minecraft.world.level.storage.loot.LootPool$Serializer.deserialize(LootPool.java:192) ~[forge-1.20.1-47.2.0_mapped_parchment_2023.09.03-1.20.1.jar%23191!/:?]
	at net.minecraft.world.level.storage.loot.LootPool$Serializer.deserialize(LootPool.java:189) ~[forge-1.20.1-47.2.0_mapped_parchment_2023.09.03-1.20.1.jar%23191!/:?]
	at com.google.gson.internal.bind.TreeTypeAdapter.read(TreeTypeAdapter.java:76) ~[gson-2.10.jar%23130!/:?]
	at com.google.gson.internal.bind.TypeAdapterRuntimeTypeWrapper.read(TypeAdapterRuntimeTypeWrapper.java:40) ~[gson-2.10.jar%23130!/:?]
	at com.google.gson.internal.bind.ArrayTypeAdapter.read(ArrayTypeAdapter.java:72) ~[gson-2.10.jar%23130!/:?]
	at com.google.gson.Gson.fromJson(Gson.java:1214) ~[gson-2.10.jar%23130!/:?]
	at com.google.gson.Gson.fromJson(Gson.java:1319) ~[gson-2.10.jar%23130!/:?]
	at com.google.gson.Gson.fromJson(Gson.java:1290) ~[gson-2.10.jar%23130!/:?]
	at com.google.gson.internal.bind.TreeTypeAdapter$GsonContextImpl.deserialize(TreeTypeAdapter.java:179) ~[gson-2.10.jar%23130!/:?]
	at net.minecraft.util.GsonHelper.convertToObject(GsonHelper.java:463) ~[forge-1.20.1-47.2.0_mapped_parchment_2023.09.03-1.20.1.jar%23191!/:?]
	at net.minecraft.util.GsonHelper.getAsObject(GsonHelper.java:481) ~[forge-1.20.1-47.2.0_mapped_parchment_2023.09.03-1.20.1.jar%23191!/:?]
	at net.minecraft.world.level.storage.loot.LootTable$Serializer.deserialize(LootTable.java:294) ~[forge-1.20.1-47.2.0_mapped_parchment_2023.09.03-1.20.1.jar%23191!/:?]
	at net.minecraft.world.level.storage.loot.LootTable$Serializer.deserialize(LootTable.java:291) ~[forge-1.20.1-47.2.0_mapped_parchment_2023.09.03-1.20.1.jar%23191!/:?]
	at com.google.gson.internal.bind.TreeTypeAdapter.read(TreeTypeAdapter.java:76) ~[gson-2.10.jar%23130!/:?]
	at com.google.gson.Gson.fromJson(Gson.java:1214) ~[gson-2.10.jar%23130!/:?]
	at com.google.gson.Gson.fromJson(Gson.java:1319) ~[gson-2.10.jar%23130!/:?]
	at com.google.gson.Gson.fromJson(Gson.java:1261) ~[gson-2.10.jar%23130!/:?]
	at net.minecraftforge.common.ForgeHooks.loadLootTable(ForgeHooks.java:871) ~[forge-1.20.1-47.2.0_mapped_parchment_2023.09.03-1.20.1.jar%23190%23197!/:?]
	at net.minecraftforge.common.ForgeHooks.lambda$getLootTableDeserializer$3(ForgeHooks.java:848) ~[forge-1.20.1-47.2.0_mapped_parchment_2023.09.03-1.20.1.jar%23190%23197!/:?]
	at net.minecraft.world.level.storage.loot.LootDataType.deserialize(LootDataType.java:45) ~[forge-1.20.1-47.2.0_mapped_parchment_2023.09.03-1.20.1.jar%23191!/:?]
	at net.minecraft.world.level.storage.loot.LootDataManager.lambda$scheduleElementParse$4(LootDataManager.java:56) ~[forge-1.20.1-47.2.0_mapped_parchment_2023.09.03-1.20.1.jar%23191!/:?]
	at java.util.HashMap.forEach(HashMap.java:1421) ~[?:?]
	at net.minecraft.world.level.storage.loot.LootDataManager.lambda$scheduleElementParse$5(LootDataManager.java:55) ~[forge-1.20.1-47.2.0_mapped_parchment_2023.09.03-1.20.1.jar%23191!/:?]
	at java.util.concurrent.CompletableFuture$AsyncRun.run(CompletableFuture.java:1804) ~[?:?]
	at java.util.concurrent.CompletableFuture$AsyncRun.exec(CompletableFuture.java:1796) ~[?:?]
	at java.util.concurrent.ForkJoinTask.doExec(ForkJoinTask.java:373) ~[?:?]
	at java.util.concurrent.ForkJoinPool$WorkQueue.topLevelExec(ForkJoinPool.java:1182) ~[?:?]
	at java.util.concurrent.ForkJoinPool.scan(ForkJoinPool.java:1655) ~[?:?]
	at java.util.concurrent.ForkJoinPool.runWorker(ForkJoinPool.java:1622) ~[?:?]
	at java.util.concurrent.ForkJoinWorkerThread.run(ForkJoinWorkerThread.java:165) ~[?:?]
[17Jun2025 23:52:26.002] [Worker-Main-9/ERROR] [net.minecraftforge.common.ForgeHooks/]: Couldn't parse element loot_tables:simplemissiles:blocks/napalm_missle
com.google.gson.JsonSyntaxException: Expected name to be an item, was unknown string 'simplemissiles:napalm_missle'
	at net.minecraft.util.GsonHelper.lambda$convertToItem$0(GsonHelper.java:145) ~[forge-1.20.1-47.2.0_mapped_parchment_2023.09.03-1.20.1.jar%23191!/:?]
	at java.util.Optional.orElseThrow(Optional.java:403) ~[?:?]
	at net.minecraft.util.GsonHelper.convertToItem(GsonHelper.java:145) ~[forge-1.20.1-47.2.0_mapped_parchment_2023.09.03-1.20.1.jar%23191!/:?]
	at net.minecraft.util.GsonHelper.getAsItem(GsonHelper.java:153) ~[forge-1.20.1-47.2.0_mapped_parchment_2023.09.03-1.20.1.jar%23191!/:?]
	at net.minecraft.world.level.storage.loot.entries.LootItem$Serializer.deserialize(LootItem.java:55) ~[forge-1.20.1-47.2.0_mapped_parchment_2023.09.03-1.20.1.jar%23191!/:?]
	at net.minecraft.world.level.storage.loot.entries.LootItem$Serializer.deserialize(LootItem.java:40) ~[forge-1.20.1-47.2.0_mapped_parchment_2023.09.03-1.20.1.jar%23191!/:?]
	at net.minecraft.world.level.storage.loot.entries.LootPoolSingletonContainer$Serializer.deserializeCustom(LootPoolSingletonContainer.java:151) ~[forge-1.20.1-47.2.0_mapped_parchment_2023.09.03-1.20.1.jar%23191!/:?]
	at net.minecraft.world.level.storage.loot.entries.LootPoolSingletonContainer$Serializer.deserializeCustom(LootPoolSingletonContainer.java:129) ~[forge-1.20.1-47.2.0_mapped_parchment_2023.09.03-1.20.1.jar%23191!/:?]
	at net.minecraft.world.level.storage.loot.entries.LootPoolEntryContainer$Serializer.deserialize(LootPoolEntryContainer.java:86) ~[forge-1.20.1-47.2.0_mapped_parchment_2023.09.03-1.20.1.jar%23191!/:?]
	at net.minecraft.world.level.storage.loot.entries.LootPoolEntryContainer$Serializer.deserialize(LootPoolEntryContainer.java:74) ~[forge-1.20.1-47.2.0_mapped_parchment_2023.09.03-1.20.1.jar%23191!/:?]
	at net.minecraft.world.level.storage.loot.GsonAdapterFactory$JsonAdapter.deserialize(GsonAdapterFactory.java:102) ~[forge-1.20.1-47.2.0_mapped_parchment_2023.09.03-1.20.1.jar%23191!/:?]
	at com.google.gson.internal.bind.TreeTypeAdapter.read(TreeTypeAdapter.java:76) ~[gson-2.10.jar%23130!/:?]
	at com.google.gson.internal.bind.TypeAdapterRuntimeTypeWrapper.read(TypeAdapterRuntimeTypeWrapper.java:40) ~[gson-2.10.jar%23130!/:?]
	at com.google.gson.internal.bind.ArrayTypeAdapter.read(ArrayTypeAdapter.java:72) ~[gson-2.10.jar%23130!/:?]
	at com.google.gson.Gson.fromJson(Gson.java:1214) ~[gson-2.10.jar%23130!/:?]
	at com.google.gson.Gson.fromJson(Gson.java:1319) ~[gson-2.10.jar%23130!/:?]
	at com.google.gson.Gson.fromJson(Gson.java:1290) ~[gson-2.10.jar%23130!/:?]
	at com.google.gson.internal.bind.TreeTypeAdapter$GsonContextImpl.deserialize(TreeTypeAdapter.java:179) ~[gson-2.10.jar%23130!/:?]
	at net.minecraft.util.GsonHelper.convertToObject(GsonHelper.java:463) ~[forge-1.20.1-47.2.0_mapped_parchment_2023.09.03-1.20.1.jar%23191!/:?]
	at net.minecraft.util.GsonHelper.getAsObject(GsonHelper.java:471) ~[forge-1.20.1-47.2.0_mapped_parchment_2023.09.03-1.20.1.jar%23191!/:?]
	at net.minecraft.world.level.storage.loot.LootPool$Serializer.deserialize(LootPool.java:192) ~[forge-1.20.1-47.2.0_mapped_parchment_2023.09.03-1.20.1.jar%23191!/:?]
	at net.minecraft.world.level.storage.loot.LootPool$Serializer.deserialize(LootPool.java:189) ~[forge-1.20.1-47.2.0_mapped_parchment_2023.09.03-1.20.1.jar%23191!/:?]
	at com.google.gson.internal.bind.TreeTypeAdapter.read(TreeTypeAdapter.java:76) ~[gson-2.10.jar%23130!/:?]
	at com.google.gson.internal.bind.TypeAdapterRuntimeTypeWrapper.read(TypeAdapterRuntimeTypeWrapper.java:40) ~[gson-2.10.jar%23130!/:?]
	at com.google.gson.internal.bind.ArrayTypeAdapter.read(ArrayTypeAdapter.java:72) ~[gson-2.10.jar%23130!/:?]
	at com.google.gson.Gson.fromJson(Gson.java:1214) ~[gson-2.10.jar%23130!/:?]
	at com.google.gson.Gson.fromJson(Gson.java:1319) ~[gson-2.10.jar%23130!/:?]
	at com.google.gson.Gson.fromJson(Gson.java:1290) ~[gson-2.10.jar%23130!/:?]
	at com.google.gson.internal.bind.TreeTypeAdapter$GsonContextImpl.deserialize(TreeTypeAdapter.java:179) ~[gson-2.10.jar%23130!/:?]
	at net.minecraft.util.GsonHelper.convertToObject(GsonHelper.java:463) ~[forge-1.20.1-47.2.0_mapped_parchment_2023.09.03-1.20.1.jar%23191!/:?]
	at net.minecraft.util.GsonHelper.getAsObject(GsonHelper.java:481) ~[forge-1.20.1-47.2.0_mapped_parchment_2023.09.03-1.20.1.jar%23191!/:?]
	at net.minecraft.world.level.storage.loot.LootTable$Serializer.deserialize(LootTable.java:294) ~[forge-1.20.1-47.2.0_mapped_parchment_2023.09.03-1.20.1.jar%23191!/:?]
	at net.minecraft.world.level.storage.loot.LootTable$Serializer.deserialize(LootTable.java:291) ~[forge-1.20.1-47.2.0_mapped_parchment_2023.09.03-1.20.1.jar%23191!/:?]
	at com.google.gson.internal.bind.TreeTypeAdapter.read(TreeTypeAdapter.java:76) ~[gson-2.10.jar%23130!/:?]
	at com.google.gson.Gson.fromJson(Gson.java:1214) ~[gson-2.10.jar%23130!/:?]
	at com.google.gson.Gson.fromJson(Gson.java:1319) ~[gson-2.10.jar%23130!/:?]
	at com.google.gson.Gson.fromJson(Gson.java:1261) ~[gson-2.10.jar%23130!/:?]
	at net.minecraftforge.common.ForgeHooks.loadLootTable(ForgeHooks.java:871) ~[forge-1.20.1-47.2.0_mapped_parchment_2023.09.03-1.20.1.jar%23190%23197!/:?]
	at net.minecraftforge.common.ForgeHooks.lambda$getLootTableDeserializer$3(ForgeHooks.java:848) ~[forge-1.20.1-47.2.0_mapped_parchment_2023.09.03-1.20.1.jar%23190%23197!/:?]
	at net.minecraft.world.level.storage.loot.LootDataType.deserialize(LootDataType.java:45) ~[forge-1.20.1-47.2.0_mapped_parchment_2023.09.03-1.20.1.jar%23191!/:?]
	at net.minecraft.world.level.storage.loot.LootDataManager.lambda$scheduleElementParse$4(LootDataManager.java:56) ~[forge-1.20.1-47.2.0_mapped_parchment_2023.09.03-1.20.1.jar%23191!/:?]
	at java.util.HashMap.forEach(HashMap.java:1421) ~[?:?]
	at net.minecraft.world.level.storage.loot.LootDataManager.lambda$scheduleElementParse$5(LootDataManager.java:55) ~[forge-1.20.1-47.2.0_mapped_parchment_2023.09.03-1.20.1.jar%23191!/:?]
	at java.util.concurrent.CompletableFuture$AsyncRun.run(CompletableFuture.java:1804) ~[?:?]
	at java.util.concurrent.CompletableFuture$AsyncRun.exec(CompletableFuture.java:1796) ~[?:?]
	at java.util.concurrent.ForkJoinTask.doExec(ForkJoinTask.java:373) ~[?:?]
	at java.util.concurrent.ForkJoinPool$WorkQueue.topLevelExec(ForkJoinPool.java:1182) ~[?:?]
	at java.util.concurrent.ForkJoinPool.scan(ForkJoinPool.java:1655) ~[?:?]
	at java.util.concurrent.ForkJoinPool.runWorker(ForkJoinPool.java:1622) ~[?:?]
	at java.util.concurrent.ForkJoinWorkerThread.run(ForkJoinWorkerThread.java:165) ~[?:?]
[17Jun2025 23:52:26.009] [Worker-Main-9/ERROR] [net.minecraftforge.common.ForgeHooks/]: Couldn't parse element loot_tables:simplemissiles:blocks/cluster_bomb
com.google.gson.JsonSyntaxException: Expected name to be an item, was unknown string 'simplemissiles:cluster_bomb'
	at net.minecraft.util.GsonHelper.lambda$convertToItem$0(GsonHelper.java:145) ~[forge-1.20.1-47.2.0_mapped_parchment_2023.09.03-1.20.1.jar%23191!/:?]
	at java.util.Optional.orElseThrow(Optional.java:403) ~[?:?]
	at net.minecraft.util.GsonHelper.convertToItem(GsonHelper.java:145) ~[forge-1.20.1-47.2.0_mapped_parchment_2023.09.03-1.20.1.jar%23191!/:?]
	at net.minecraft.util.GsonHelper.getAsItem(GsonHelper.java:153) ~[forge-1.20.1-47.2.0_mapped_parchment_2023.09.03-1.20.1.jar%23191!/:?]
	at net.minecraft.world.level.storage.loot.entries.LootItem$Serializer.deserialize(LootItem.java:55) ~[forge-1.20.1-47.2.0_mapped_parchment_2023.09.03-1.20.1.jar%23191!/:?]
	at net.minecraft.world.level.storage.loot.entries.LootItem$Serializer.deserialize(LootItem.java:40) ~[forge-1.20.1-47.2.0_mapped_parchment_2023.09.03-1.20.1.jar%23191!/:?]
	at net.minecraft.world.level.storage.loot.entries.LootPoolSingletonContainer$Serializer.deserializeCustom(LootPoolSingletonContainer.java:151) ~[forge-1.20.1-47.2.0_mapped_parchment_2023.09.03-1.20.1.jar%23191!/:?]
	at net.minecraft.world.level.storage.loot.entries.LootPoolSingletonContainer$Serializer.deserializeCustom(LootPoolSingletonContainer.java:129) ~[forge-1.20.1-47.2.0_mapped_parchment_2023.09.03-1.20.1.jar%23191!/:?]
	at net.minecraft.world.level.storage.loot.entries.LootPoolEntryContainer$Serializer.deserialize(LootPoolEntryContainer.java:86) ~[forge-1.20.1-47.2.0_mapped_parchment_2023.09.03-1.20.1.jar%23191!/:?]
	at net.minecraft.world.level.storage.loot.entries.LootPoolEntryContainer$Serializer.deserialize(LootPoolEntryContainer.java:74) ~[forge-1.20.1-47.2.0_mapped_parchment_2023.09.03-1.20.1.jar%23191!/:?]
	at net.minecraft.world.level.storage.loot.GsonAdapterFactory$JsonAdapter.deserialize(GsonAdapterFactory.java:102) ~[forge-1.20.1-47.2.0_mapped_parchment_2023.09.03-1.20.1.jar%23191!/:?]
	at com.google.gson.internal.bind.TreeTypeAdapter.read(TreeTypeAdapter.java:76) ~[gson-2.10.jar%23130!/:?]
	at com.google.gson.internal.bind.TypeAdapterRuntimeTypeWrapper.read(TypeAdapterRuntimeTypeWrapper.java:40) ~[gson-2.10.jar%23130!/:?]
	at com.google.gson.internal.bind.ArrayTypeAdapter.read(ArrayTypeAdapter.java:72) ~[gson-2.10.jar%23130!/:?]
	at com.google.gson.Gson.fromJson(Gson.java:1214) ~[gson-2.10.jar%23130!/:?]
	at com.google.gson.Gson.fromJson(Gson.java:1319) ~[gson-2.10.jar%23130!/:?]
	at com.google.gson.Gson.fromJson(Gson.java:1290) ~[gson-2.10.jar%23130!/:?]
	at com.google.gson.internal.bind.TreeTypeAdapter$GsonContextImpl.deserialize(TreeTypeAdapter.java:179) ~[gson-2.10.jar%23130!/:?]
	at net.minecraft.util.GsonHelper.convertToObject(GsonHelper.java:463) ~[forge-1.20.1-47.2.0_mapped_parchment_2023.09.03-1.20.1.jar%23191!/:?]
	at net.minecraft.util.GsonHelper.getAsObject(GsonHelper.java:471) ~[forge-1.20.1-47.2.0_mapped_parchment_2023.09.03-1.20.1.jar%23191!/:?]
	at net.minecraft.world.level.storage.loot.LootPool$Serializer.deserialize(LootPool.java:192) ~[forge-1.20.1-47.2.0_mapped_parchment_2023.09.03-1.20.1.jar%23191!/:?]
	at net.minecraft.world.level.storage.loot.LootPool$Serializer.deserialize(LootPool.java:189) ~[forge-1.20.1-47.2.0_mapped_parchment_2023.09.03-1.20.1.jar%23191!/:?]
	at com.google.gson.internal.bind.TreeTypeAdapter.read(TreeTypeAdapter.java:76) ~[gson-2.10.jar%23130!/:?]
	at com.google.gson.internal.bind.TypeAdapterRuntimeTypeWrapper.read(TypeAdapterRuntimeTypeWrapper.java:40) ~[gson-2.10.jar%23130!/:?]
	at com.google.gson.internal.bind.ArrayTypeAdapter.read(ArrayTypeAdapter.java:72) ~[gson-2.10.jar%23130!/:?]
	at com.google.gson.Gson.fromJson(Gson.java:1214) ~[gson-2.10.jar%23130!/:?]
	at com.google.gson.Gson.fromJson(Gson.java:1319) ~[gson-2.10.jar%23130!/:?]
	at com.google.gson.Gson.fromJson(Gson.java:1290) ~[gson-2.10.jar%23130!/:?]
	at com.google.gson.internal.bind.TreeTypeAdapter$GsonContextImpl.deserialize(TreeTypeAdapter.java:179) ~[gson-2.10.jar%23130!/:?]
	at net.minecraft.util.GsonHelper.convertToObject(GsonHelper.java:463) ~[forge-1.20.1-47.2.0_mapped_parchment_2023.09.03-1.20.1.jar%23191!/:?]
	at net.minecraft.util.GsonHelper.getAsObject(GsonHelper.java:481) ~[forge-1.20.1-47.2.0_mapped_parchment_2023.09.03-1.20.1.jar%23191!/:?]
	at net.minecraft.world.level.storage.loot.LootTable$Serializer.deserialize(LootTable.java:294) ~[forge-1.20.1-47.2.0_mapped_parchment_2023.09.03-1.20.1.jar%23191!/:?]
	at net.minecraft.world.level.storage.loot.LootTable$Serializer.deserialize(LootTable.java:291) ~[forge-1.20.1-47.2.0_mapped_parchment_2023.09.03-1.20.1.jar%23191!/:?]
	at com.google.gson.internal.bind.TreeTypeAdapter.read(TreeTypeAdapter.java:76) ~[gson-2.10.jar%23130!/:?]
	at com.google.gson.Gson.fromJson(Gson.java:1214) ~[gson-2.10.jar%23130!/:?]
	at com.google.gson.Gson.fromJson(Gson.java:1319) ~[gson-2.10.jar%23130!/:?]
	at com.google.gson.Gson.fromJson(Gson.java:1261) ~[gson-2.10.jar%23130!/:?]
	at net.minecraftforge.common.ForgeHooks.loadLootTable(ForgeHooks.java:871) ~[forge-1.20.1-47.2.0_mapped_parchment_2023.09.03-1.20.1.jar%23190%23197!/:?]
	at net.minecraftforge.common.ForgeHooks.lambda$getLootTableDeserializer$3(ForgeHooks.java:848) ~[forge-1.20.1-47.2.0_mapped_parchment_2023.09.03-1.20.1.jar%23190%23197!/:?]
	at net.minecraft.world.level.storage.loot.LootDataType.deserialize(LootDataType.java:45) ~[forge-1.20.1-47.2.0_mapped_parchment_2023.09.03-1.20.1.jar%23191!/:?]
	at net.minecraft.world.level.storage.loot.LootDataManager.lambda$scheduleElementParse$4(LootDataManager.java:56) ~[forge-1.20.1-47.2.0_mapped_parchment_2023.09.03-1.20.1.jar%23191!/:?]
	at java.util.HashMap.forEach(HashMap.java:1421) ~[?:?]
	at net.minecraft.world.level.storage.loot.LootDataManager.lambda$scheduleElementParse$5(LootDataManager.java:55) ~[forge-1.20.1-47.2.0_mapped_parchment_2023.09.03-1.20.1.jar%23191!/:?]
	at java.util.concurrent.CompletableFuture$AsyncRun.run(CompletableFuture.java:1804) ~[?:?]
	at java.util.concurrent.CompletableFuture$AsyncRun.exec(CompletableFuture.java:1796) ~[?:?]
	at java.util.concurrent.ForkJoinTask.doExec(ForkJoinTask.java:373) ~[?:?]
	at java.util.concurrent.ForkJoinPool$WorkQueue.topLevelExec(ForkJoinPool.java:1182) ~[?:?]
	at java.util.concurrent.ForkJoinPool.scan(ForkJoinPool.java:1655) ~[?:?]
	at java.util.concurrent.ForkJoinPool.runWorker(ForkJoinPool.java:1622) ~[?:?]
	at java.util.concurrent.ForkJoinWorkerThread.run(ForkJoinWorkerThread.java:165) ~[?:?]
[17Jun2025 23:52:26.013] [Worker-Main-9/ERROR] [net.minecraftforge.common.ForgeHooks/]: Couldn't parse element loot_tables:simplemissiles:blocks/overloaded_bmd
com.google.gson.JsonSyntaxException: Expected name to be an item, was unknown string 'simplemissiles:overloaded_bmd'
	at net.minecraft.util.GsonHelper.lambda$convertToItem$0(GsonHelper.java:145) ~[forge-1.20.1-47.2.0_mapped_parchment_2023.09.03-1.20.1.jar%23191!/:?]
	at java.util.Optional.orElseThrow(Optional.java:403) ~[?:?]
	at net.minecraft.util.GsonHelper.convertToItem(GsonHelper.java:145) ~[forge-1.20.1-47.2.0_mapped_parchment_2023.09.03-1.20.1.jar%23191!/:?]
	at net.minecraft.util.GsonHelper.getAsItem(GsonHelper.java:153) ~[forge-1.20.1-47.2.0_mapped_parchment_2023.09.03-1.20.1.jar%23191!/:?]
	at net.minecraft.world.level.storage.loot.entries.LootItem$Serializer.deserialize(LootItem.java:55) ~[forge-1.20.1-47.2.0_mapped_parchment_2023.09.03-1.20.1.jar%23191!/:?]
	at net.minecraft.world.level.storage.loot.entries.LootItem$Serializer.deserialize(LootItem.java:40) ~[forge-1.20.1-47.2.0_mapped_parchment_2023.09.03-1.20.1.jar%23191!/:?]
	at net.minecraft.world.level.storage.loot.entries.LootPoolSingletonContainer$Serializer.deserializeCustom(LootPoolSingletonContainer.java:151) ~[forge-1.20.1-47.2.0_mapped_parchment_2023.09.03-1.20.1.jar%23191!/:?]
	at net.minecraft.world.level.storage.loot.entries.LootPoolSingletonContainer$Serializer.deserializeCustom(LootPoolSingletonContainer.java:129) ~[forge-1.20.1-47.2.0_mapped_parchment_2023.09.03-1.20.1.jar%23191!/:?]
	at net.minecraft.world.level.storage.loot.entries.LootPoolEntryContainer$Serializer.deserialize(LootPoolEntryContainer.java:86) ~[forge-1.20.1-47.2.0_mapped_parchment_2023.09.03-1.20.1.jar%23191!/:?]
	at net.minecraft.world.level.storage.loot.entries.LootPoolEntryContainer$Serializer.deserialize(LootPoolEntryContainer.java:74) ~[forge-1.20.1-47.2.0_mapped_parchment_2023.09.03-1.20.1.jar%23191!/:?]
	at net.minecraft.world.level.storage.loot.GsonAdapterFactory$JsonAdapter.deserialize(GsonAdapterFactory.java:102) ~[forge-1.20.1-47.2.0_mapped_parchment_2023.09.03-1.20.1.jar%23191!/:?]
	at com.google.gson.internal.bind.TreeTypeAdapter.read(TreeTypeAdapter.java:76) ~[gson-2.10.jar%23130!/:?]
	at com.google.gson.internal.bind.TypeAdapterRuntimeTypeWrapper.read(TypeAdapterRuntimeTypeWrapper.java:40) ~[gson-2.10.jar%23130!/:?]
	at com.google.gson.internal.bind.ArrayTypeAdapter.read(ArrayTypeAdapter.java:72) ~[gson-2.10.jar%23130!/:?]
	at com.google.gson.Gson.fromJson(Gson.java:1214) ~[gson-2.10.jar%23130!/:?]
	at com.google.gson.Gson.fromJson(Gson.java:1319) ~[gson-2.10.jar%23130!/:?]
	at com.google.gson.Gson.fromJson(Gson.java:1290) ~[gson-2.10.jar%23130!/:?]
	at com.google.gson.internal.bind.TreeTypeAdapter$GsonContextImpl.deserialize(TreeTypeAdapter.java:179) ~[gson-2.10.jar%23130!/:?]
	at net.minecraft.util.GsonHelper.convertToObject(GsonHelper.java:463) ~[forge-1.20.1-47.2.0_mapped_parchment_2023.09.03-1.20.1.jar%23191!/:?]
	at net.minecraft.util.GsonHelper.getAsObject(GsonHelper.java:471) ~[forge-1.20.1-47.2.0_mapped_parchment_2023.09.03-1.20.1.jar%23191!/:?]
	at net.minecraft.world.level.storage.loot.LootPool$Serializer.deserialize(LootPool.java:192) ~[forge-1.20.1-47.2.0_mapped_parchment_2023.09.03-1.20.1.jar%23191!/:?]
	at net.minecraft.world.level.storage.loot.LootPool$Serializer.deserialize(LootPool.java:189) ~[forge-1.20.1-47.2.0_mapped_parchment_2023.09.03-1.20.1.jar%23191!/:?]
	at com.google.gson.internal.bind.TreeTypeAdapter.read(TreeTypeAdapter.java:76) ~[gson-2.10.jar%23130!/:?]
	at com.google.gson.internal.bind.TypeAdapterRuntimeTypeWrapper.read(TypeAdapterRuntimeTypeWrapper.java:40) ~[gson-2.10.jar%23130!/:?]
	at com.google.gson.internal.bind.ArrayTypeAdapter.read(ArrayTypeAdapter.java:72) ~[gson-2.10.jar%23130!/:?]
	at com.google.gson.Gson.fromJson(Gson.java:1214) ~[gson-2.10.jar%23130!/:?]
	at com.google.gson.Gson.fromJson(Gson.java:1319) ~[gson-2.10.jar%23130!/:?]
	at com.google.gson.Gson.fromJson(Gson.java:1290) ~[gson-2.10.jar%23130!/:?]
	at com.google.gson.internal.bind.TreeTypeAdapter$GsonContextImpl.deserialize(TreeTypeAdapter.java:179) ~[gson-2.10.jar%23130!/:?]
	at net.minecraft.util.GsonHelper.convertToObject(GsonHelper.java:463) ~[forge-1.20.1-47.2.0_mapped_parchment_2023.09.03-1.20.1.jar%23191!/:?]
	at net.minecraft.util.GsonHelper.getAsObject(GsonHelper.java:481) ~[forge-1.20.1-47.2.0_mapped_parchment_2023.09.03-1.20.1.jar%23191!/:?]
	at net.minecraft.world.level.storage.loot.LootTable$Serializer.deserialize(LootTable.java:294) ~[forge-1.20.1-47.2.0_mapped_parchment_2023.09.03-1.20.1.jar%23191!/:?]
	at net.minecraft.world.level.storage.loot.LootTable$Serializer.deserialize(LootTable.java:291) ~[forge-1.20.1-47.2.0_mapped_parchment_2023.09.03-1.20.1.jar%23191!/:?]
	at com.google.gson.internal.bind.TreeTypeAdapter.read(TreeTypeAdapter.java:76) ~[gson-2.10.jar%23130!/:?]
	at com.google.gson.Gson.fromJson(Gson.java:1214) ~[gson-2.10.jar%23130!/:?]
	at com.google.gson.Gson.fromJson(Gson.java:1319) ~[gson-2.10.jar%23130!/:?]
	at com.google.gson.Gson.fromJson(Gson.java:1261) ~[gson-2.10.jar%23130!/:?]
	at net.minecraftforge.common.ForgeHooks.loadLootTable(ForgeHooks.java:871) ~[forge-1.20.1-47.2.0_mapped_parchment_2023.09.03-1.20.1.jar%23190%23197!/:?]
	at net.minecraftforge.common.ForgeHooks.lambda$getLootTableDeserializer$3(ForgeHooks.java:848) ~[forge-1.20.1-47.2.0_mapped_parchment_2023.09.03-1.20.1.jar%23190%23197!/:?]
	at net.minecraft.world.level.storage.loot.LootDataType.deserialize(LootDataType.java:45) ~[forge-1.20.1-47.2.0_mapped_parchment_2023.09.03-1.20.1.jar%23191!/:?]
	at net.minecraft.world.level.storage.loot.LootDataManager.lambda$scheduleElementParse$4(LootDataManager.java:56) ~[forge-1.20.1-47.2.0_mapped_parchment_2023.09.03-1.20.1.jar%23191!/:?]
	at java.util.HashMap.forEach(HashMap.java:1421) ~[?:?]
	at net.minecraft.world.level.storage.loot.LootDataManager.lambda$scheduleElementParse$5(LootDataManager.java:55) ~[forge-1.20.1-47.2.0_mapped_parchment_2023.09.03-1.20.1.jar%23191!/:?]
	at java.util.concurrent.CompletableFuture$AsyncRun.run(CompletableFuture.java:1804) ~[?:?]
	at java.util.concurrent.CompletableFuture$AsyncRun.exec(CompletableFuture.java:1796) ~[?:?]
	at java.util.concurrent.ForkJoinTask.doExec(ForkJoinTask.java:373) ~[?:?]
	at java.util.concurrent.ForkJoinPool$WorkQueue.topLevelExec(ForkJoinPool.java:1182) ~[?:?]
	at java.util.concurrent.ForkJoinPool.scan(ForkJoinPool.java:1655) ~[?:?]
	at java.util.concurrent.ForkJoinPool.runWorker(ForkJoinPool.java:1622) ~[?:?]
	at java.util.concurrent.ForkJoinWorkerThread.run(ForkJoinWorkerThread.java:165) ~[?:?]
[17Jun2025 23:52:26.018] [Worker-Main-9/ERROR] [net.minecraftforge.common.ForgeHooks/]: Couldn't parse element loot_tables:simplemissiles:blocks/empstable
com.google.gson.JsonSyntaxException: Expected name to be an item, was unknown string 'simplemissiles:empstable'
	at net.minecraft.util.GsonHelper.lambda$convertToItem$0(GsonHelper.java:145) ~[forge-1.20.1-47.2.0_mapped_parchment_2023.09.03-1.20.1.jar%23191!/:?]
	at java.util.Optional.orElseThrow(Optional.java:403) ~[?:?]
	at net.minecraft.util.GsonHelper.convertToItem(GsonHelper.java:145) ~[forge-1.20.1-47.2.0_mapped_parchment_2023.09.03-1.20.1.jar%23191!/:?]
	at net.minecraft.util.GsonHelper.getAsItem(GsonHelper.java:153) ~[forge-1.20.1-47.2.0_mapped_parchment_2023.09.03-1.20.1.jar%23191!/:?]
	at net.minecraft.world.level.storage.loot.entries.LootItem$Serializer.deserialize(LootItem.java:55) ~[forge-1.20.1-47.2.0_mapped_parchment_2023.09.03-1.20.1.jar%23191!/:?]
	at net.minecraft.world.level.storage.loot.entries.LootItem$Serializer.deserialize(LootItem.java:40) ~[forge-1.20.1-47.2.0_mapped_parchment_2023.09.03-1.20.1.jar%23191!/:?]
	at net.minecraft.world.level.storage.loot.entries.LootPoolSingletonContainer$Serializer.deserializeCustom(LootPoolSingletonContainer.java:151) ~[forge-1.20.1-47.2.0_mapped_parchment_2023.09.03-1.20.1.jar%23191!/:?]
	at net.minecraft.world.level.storage.loot.entries.LootPoolSingletonContainer$Serializer.deserializeCustom(LootPoolSingletonContainer.java:129) ~[forge-1.20.1-47.2.0_mapped_parchment_2023.09.03-1.20.1.jar%23191!/:?]
	at net.minecraft.world.level.storage.loot.entries.LootPoolEntryContainer$Serializer.deserialize(LootPoolEntryContainer.java:86) ~[forge-1.20.1-47.2.0_mapped_parchment_2023.09.03-1.20.1.jar%23191!/:?]
	at net.minecraft.world.level.storage.loot.entries.LootPoolEntryContainer$Serializer.deserialize(LootPoolEntryContainer.java:74) ~[forge-1.20.1-47.2.0_mapped_parchment_2023.09.03-1.20.1.jar%23191!/:?]
	at net.minecraft.world.level.storage.loot.GsonAdapterFactory$JsonAdapter.deserialize(GsonAdapterFactory.java:102) ~[forge-1.20.1-47.2.0_mapped_parchment_2023.09.03-1.20.1.jar%23191!/:?]
	at com.google.gson.internal.bind.TreeTypeAdapter.read(TreeTypeAdapter.java:76) ~[gson-2.10.jar%23130!/:?]
	at com.google.gson.internal.bind.TypeAdapterRuntimeTypeWrapper.read(TypeAdapterRuntimeTypeWrapper.java:40) ~[gson-2.10.jar%23130!/:?]
	at com.google.gson.internal.bind.ArrayTypeAdapter.read(ArrayTypeAdapter.java:72) ~[gson-2.10.jar%23130!/:?]
	at com.google.gson.Gson.fromJson(Gson.java:1214) ~[gson-2.10.jar%23130!/:?]
	at com.google.gson.Gson.fromJson(Gson.java:1319) ~[gson-2.10.jar%23130!/:?]
	at com.google.gson.Gson.fromJson(Gson.java:1290) ~[gson-2.10.jar%23130!/:?]
	at com.google.gson.internal.bind.TreeTypeAdapter$GsonContextImpl.deserialize(TreeTypeAdapter.java:179) ~[gson-2.10.jar%23130!/:?]
	at net.minecraft.util.GsonHelper.convertToObject(GsonHelper.java:463) ~[forge-1.20.1-47.2.0_mapped_parchment_2023.09.03-1.20.1.jar%23191!/:?]
	at net.minecraft.util.GsonHelper.getAsObject(GsonHelper.java:471) ~[forge-1.20.1-47.2.0_mapped_parchment_2023.09.03-1.20.1.jar%23191!/:?]
	at net.minecraft.world.level.storage.loot.LootPool$Serializer.deserialize(LootPool.java:192) ~[forge-1.20.1-47.2.0_mapped_parchment_2023.09.03-1.20.1.jar%23191!/:?]
	at net.minecraft.world.level.storage.loot.LootPool$Serializer.deserialize(LootPool.java:189) ~[forge-1.20.1-47.2.0_mapped_parchment_2023.09.03-1.20.1.jar%23191!/:?]
	at com.google.gson.internal.bind.TreeTypeAdapter.read(TreeTypeAdapter.java:76) ~[gson-2.10.jar%23130!/:?]
	at com.google.gson.internal.bind.TypeAdapterRuntimeTypeWrapper.read(TypeAdapterRuntimeTypeWrapper.java:40) ~[gson-2.10.jar%23130!/:?]
	at com.google.gson.internal.bind.ArrayTypeAdapter.read(ArrayTypeAdapter.java:72) ~[gson-2.10.jar%23130!/:?]
	at com.google.gson.Gson.fromJson(Gson.java:1214) ~[gson-2.10.jar%23130!/:?]
	at com.google.gson.Gson.fromJson(Gson.java:1319) ~[gson-2.10.jar%23130!/:?]
	at com.google.gson.Gson.fromJson(Gson.java:1290) ~[gson-2.10.jar%23130!/:?]
	at com.google.gson.internal.bind.TreeTypeAdapter$GsonContextImpl.deserialize(TreeTypeAdapter.java:179) ~[gson-2.10.jar%23130!/:?]
	at net.minecraft.util.GsonHelper.convertToObject(GsonHelper.java:463) ~[forge-1.20.1-47.2.0_mapped_parchment_2023.09.03-1.20.1.jar%23191!/:?]
	at net.minecraft.util.GsonHelper.getAsObject(GsonHelper.java:481) ~[forge-1.20.1-47.2.0_mapped_parchment_2023.09.03-1.20.1.jar%23191!/:?]
	at net.minecraft.world.level.storage.loot.LootTable$Serializer.deserialize(LootTable.java:294) ~[forge-1.20.1-47.2.0_mapped_parchment_2023.09.03-1.20.1.jar%23191!/:?]
	at net.minecraft.world.level.storage.loot.LootTable$Serializer.deserialize(LootTable.java:291) ~[forge-1.20.1-47.2.0_mapped_parchment_2023.09.03-1.20.1.jar%23191!/:?]
	at com.google.gson.internal.bind.TreeTypeAdapter.read(TreeTypeAdapter.java:76) ~[gson-2.10.jar%23130!/:?]
	at com.google.gson.Gson.fromJson(Gson.java:1214) ~[gson-2.10.jar%23130!/:?]
	at com.google.gson.Gson.fromJson(Gson.java:1319) ~[gson-2.10.jar%23130!/:?]
	at com.google.gson.Gson.fromJson(Gson.java:1261) ~[gson-2.10.jar%23130!/:?]
	at net.minecraftforge.common.ForgeHooks.loadLootTable(ForgeHooks.java:871) ~[forge-1.20.1-47.2.0_mapped_parchment_2023.09.03-1.20.1.jar%23190%23197!/:?]
	at net.minecraftforge.common.ForgeHooks.lambda$getLootTableDeserializer$3(ForgeHooks.java:848) ~[forge-1.20.1-47.2.0_mapped_parchment_2023.09.03-1.20.1.jar%23190%23197!/:?]
	at net.minecraft.world.level.storage.loot.LootDataType.deserialize(LootDataType.java:45) ~[forge-1.20.1-47.2.0_mapped_parchment_2023.09.03-1.20.1.jar%23191!/:?]
	at net.minecraft.world.level.storage.loot.LootDataManager.lambda$scheduleElementParse$4(LootDataManager.java:56) ~[forge-1.20.1-47.2.0_mapped_parchment_2023.09.03-1.20.1.jar%23191!/:?]
	at java.util.HashMap.forEach(HashMap.java:1421) ~[?:?]
	at net.minecraft.world.level.storage.loot.LootDataManager.lambda$scheduleElementParse$5(LootDataManager.java:55) ~[forge-1.20.1-47.2.0_mapped_parchment_2023.09.03-1.20.1.jar%23191!/:?]
	at java.util.concurrent.CompletableFuture$AsyncRun.run(CompletableFuture.java:1804) ~[?:?]
	at java.util.concurrent.CompletableFuture$AsyncRun.exec(CompletableFuture.java:1796) ~[?:?]
	at java.util.concurrent.ForkJoinTask.doExec(ForkJoinTask.java:373) ~[?:?]
	at java.util.concurrent.ForkJoinPool$WorkQueue.topLevelExec(ForkJoinPool.java:1182) ~[?:?]
	at java.util.concurrent.ForkJoinPool.scan(ForkJoinPool.java:1655) ~[?:?]
	at java.util.concurrent.ForkJoinPool.runWorker(ForkJoinPool.java:1622) ~[?:?]
	at java.util.concurrent.ForkJoinWorkerThread.run(ForkJoinWorkerThread.java:165) ~[?:?]
[17Jun2025 23:52:26.049] [Render thread/ERROR] [net.minecraft.world.item.crafting.RecipeManager/]: Parsing error loading recipe simplemissiles:missile_locator_craft
com.google.gson.JsonSyntaxException: Unknown item 'simplemissiles:navigation_system'
	at net.minecraft.world.item.crafting.ShapedRecipe.lambda$itemFromJson$2(ShapedRecipe.java:292) ~[forge-1.20.1-47.2.0_mapped_parchment_2023.09.03-1.20.1.jar:?]
	at java.util.Optional.orElseThrow(Optional.java:403) ~[?:?]
	at net.minecraft.world.item.crafting.ShapedRecipe.itemFromJson(ShapedRecipe.java:291) ~[forge-1.20.1-47.2.0_mapped_parchment_2023.09.03-1.20.1.jar:?]
	at net.minecraft.world.item.crafting.Ingredient.valueFromJson(Ingredient.java:219) ~[forge-1.20.1-47.2.0_mapped_parchment_2023.09.03-1.20.1.jar:?]
	at net.minecraftforge.common.crafting.VanillaIngredientSerializer.parse(VanillaIngredientSerializer.java:27) ~[forge-1.20.1-47.2.0_mapped_parchment_2023.09.03-1.20.1.jar:?]
	at net.minecraftforge.common.crafting.CraftingHelper.getIngredient(CraftingHelper.java:148) ~[forge-1.20.1-47.2.0_mapped_parchment_2023.09.03-1.20.1.jar:?]
	at net.minecraft.world.item.crafting.Ingredient.fromJson(Ingredient.java:194) ~[forge-1.20.1-47.2.0_mapped_parchment_2023.09.03-1.20.1.jar:?]
	at net.minecraft.world.item.crafting.ShapedRecipe.keyFromJson(ShapedRecipe.java:278) ~[forge-1.20.1-47.2.0_mapped_parchment_2023.09.03-1.20.1.jar:?]
	at net.minecraft.world.item.crafting.ShapedRecipe$Serializer.fromJson(ShapedRecipe.java:306) ~[forge-1.20.1-47.2.0_mapped_parchment_2023.09.03-1.20.1.jar:?]
	at net.minecraft.world.item.crafting.ShapedRecipe$Serializer.fromJson(ShapedRecipe.java:301) ~[forge-1.20.1-47.2.0_mapped_parchment_2023.09.03-1.20.1.jar:?]
	at net.minecraftforge.common.extensions.IForgeRecipeSerializer.fromJson(IForgeRecipeSerializer.java:23) ~[forge-1.20.1-47.2.0_mapped_parchment_2023.09.03-1.20.1.jar:?]
	at net.minecraft.world.item.crafting.RecipeManager.fromJson(RecipeManager.java:171) ~[forge-1.20.1-47.2.0_mapped_parchment_2023.09.03-1.20.1.jar:?]
	at net.minecraft.world.item.crafting.RecipeManager.apply(RecipeManager.java:67) ~[forge-1.20.1-47.2.0_mapped_parchment_2023.09.03-1.20.1.jar:?]
	at net.minecraft.world.item.crafting.RecipeManager.apply(RecipeManager.java:34) ~[forge-1.20.1-47.2.0_mapped_parchment_2023.09.03-1.20.1.jar:?]
	at net.minecraft.server.packs.resources.SimplePreparableReloadListener.lambda$reload$1(SimplePreparableReloadListener.java:13) ~[forge-1.20.1-47.2.0_mapped_parchment_2023.09.03-1.20.1.jar:?]
	at java.util.concurrent.CompletableFuture$UniAccept.tryFire(CompletableFuture.java:718) ~[?:?]
	at java.util.concurrent.CompletableFuture$Completion.run(CompletableFuture.java:482) ~[?:?]
	at net.minecraft.server.packs.resources.SimpleReloadInstance.lambda$new$3(SimpleReloadInstance.java:69) ~[forge-1.20.1-47.2.0_mapped_parchment_2023.09.03-1.20.1.jar:?]
	at net.minecraft.util.thread.BlockableEventLoop.doRunTask(BlockableEventLoop.java:156) ~[forge-1.20.1-47.2.0_mapped_parchment_2023.09.03-1.20.1.jar:?]
	at net.minecraft.util.thread.ReentrantBlockableEventLoop.doRunTask(ReentrantBlockableEventLoop.java:23) ~[forge-1.20.1-47.2.0_mapped_parchment_2023.09.03-1.20.1.jar:?]
	at net.minecraft.util.thread.BlockableEventLoop.pollTask(BlockableEventLoop.java:130) ~[forge-1.20.1-47.2.0_mapped_parchment_2023.09.03-1.20.1.jar:?]
	at net.minecraft.util.thread.BlockableEventLoop.managedBlock(BlockableEventLoop.java:139) ~[forge-1.20.1-47.2.0_mapped_parchment_2023.09.03-1.20.1.jar:?]
	at net.minecraft.client.gui.screens.worldselection.WorldOpenFlows.loadWorldDataBlocking(WorldOpenFlows.java:163) ~[forge-1.20.1-47.2.0_mapped_parchment_2023.09.03-1.20.1.jar:?]
	at net.minecraft.client.gui.screens.worldselection.WorldOpenFlows.loadWorldStem(WorldOpenFlows.java:113) ~[forge-1.20.1-47.2.0_mapped_parchment_2023.09.03-1.20.1.jar:?]
	at net.minecraft.client.gui.screens.worldselection.WorldOpenFlows.doLoadLevel(WorldOpenFlows.java:181) ~[forge-1.20.1-47.2.0_mapped_parchment_2023.09.03-1.20.1.jar:?]
	at net.minecraft.client.gui.screens.worldselection.WorldOpenFlows.doLoadLevel(WorldOpenFlows.java:169) ~[forge-1.20.1-47.2.0_mapped_parchment_2023.09.03-1.20.1.jar:?]
	at net.minecraft.client.gui.screens.worldselection.WorldOpenFlows.loadLevel(WorldOpenFlows.java:65) ~[forge-1.20.1-47.2.0_mapped_parchment_2023.09.03-1.20.1.jar:?]
	at net.minecraft.client.gui.screens.worldselection.WorldSelectionList$WorldListEntry.loadWorld(WorldSelectionList.java:575) ~[forge-1.20.1-47.2.0_mapped_parchment_2023.09.03-1.20.1.jar:?]
	at net.minecraft.client.gui.screens.worldselection.WorldSelectionList$WorldListEntry.joinWorld(WorldSelectionList.java:474) ~[forge-1.20.1-47.2.0_mapped_parchment_2023.09.03-1.20.1.jar:?]
	at net.minecraft.client.gui.screens.worldselection.WorldSelectionList$WorldListEntry.mouseClicked(WorldSelectionList.java:416) ~[forge-1.20.1-47.2.0_mapped_parchment_2023.09.03-1.20.1.jar:?]
	at net.minecraft.client.gui.components.AbstractSelectionList.mouseClicked(AbstractSelectionList.java:298) ~[forge-1.20.1-47.2.0_mapped_parchment_2023.09.03-1.20.1.jar:?]
	at net.minecraft.client.gui.components.events.ContainerEventHandler.mouseClicked(ContainerEventHandler.java:38) ~[forge-1.20.1-47.2.0_mapped_parchment_2023.09.03-1.20.1.jar:?]
	at net.minecraft.client.MouseHandler.lambda$onPress$0(MouseHandler.java:92) ~[forge-1.20.1-47.2.0_mapped_parchment_2023.09.03-1.20.1.jar:?]
	at net.minecraft.client.gui.screens.Screen.wrapScreenError(Screen.java:437) ~[forge-1.20.1-47.2.0_mapped_parchment_2023.09.03-1.20.1.jar:?]
	at net.minecraft.client.MouseHandler.onPress(MouseHandler.java:89) ~[forge-1.20.1-47.2.0_mapped_parchment_2023.09.03-1.20.1.jar:?]
	at net.minecraft.client.MouseHandler.lambda$setup$4(MouseHandler.java:189) ~[forge-1.20.1-47.2.0_mapped_parchment_2023.09.03-1.20.1.jar:?]
	at net.minecraft.util.thread.BlockableEventLoop.execute(BlockableEventLoop.java:102) ~[forge-1.20.1-47.2.0_mapped_parchment_2023.09.03-1.20.1.jar:?]
	at net.minecraft.client.MouseHandler.lambda$setup$5(MouseHandler.java:188) ~[forge-1.20.1-47.2.0_mapped_parchment_2023.09.03-1.20.1.jar:?]
	at org.lwjgl.glfw.GLFWMouseButtonCallbackI.callback(GLFWMouseButtonCallbackI.java:43) ~[lwjgl-glfw-3.3.1.jar:build 7]
	at org.lwjgl.system.JNI.invokeV(Native Method) ~[lwjgl-3.3.1.jar:build 7]
	at org.lwjgl.glfw.GLFW.glfwWaitEventsTimeout(GLFW.java:3474) ~[lwjgl-glfw-3.3.1.jar:build 7]
	at com.mojang.blaze3d.systems.RenderSystem.limitDisplayFPS(RenderSystem.java:237) ~[forge-1.20.1-47.2.0_mapped_parchment_2023.09.03-1.20.1.jar:?]
	at net.minecraft.client.Minecraft.runTick(Minecraft.java:1173) ~[forge-1.20.1-47.2.0_mapped_parchment_2023.09.03-1.20.1.jar:?]
	at net.minecraft.client.Minecraft.run(Minecraft.java:718) ~[forge-1.20.1-47.2.0_mapped_parchment_2023.09.03-1.20.1.jar:?]
	at net.minecraft.client.main.Main.main(Main.java:218) ~[forge-1.20.1-47.2.0_mapped_parchment_2023.09.03-1.20.1.jar:?]
	at jdk.internal.reflect.NativeMethodAccessorImpl.invoke0(Native Method) ~[?:?]
	at jdk.internal.reflect.NativeMethodAccessorImpl.invoke(NativeMethodAccessorImpl.java:77) ~[?:?]
	at jdk.internal.reflect.DelegatingMethodAccessorImpl.invoke(DelegatingMethodAccessorImpl.java:43) ~[?:?]
	at java.lang.reflect.Method.invoke(Method.java:569) ~[?:?]
	at net.minecraftforge.fml.loading.targets.CommonLaunchHandler.runTarget(CommonLaunchHandler.java:111) ~[fmlloader-1.20.1-47.2.0.jar:?]
	at net.minecraftforge.fml.loading.targets.CommonLaunchHandler.clientService(CommonLaunchHandler.java:99) ~[fmlloader-1.20.1-47.2.0.jar:?]
	at net.minecraftforge.fml.loading.targets.ForgeClientUserdevLaunchHandler.devService(ForgeClientUserdevLaunchHandler.java:19) ~[fmlloader-1.20.1-47.2.0.jar:?]
	at net.minecraftforge.fml.loading.targets.CommonDevLaunchHandler.lambda$makeService$7(CommonDevLaunchHandler.java:135) ~[fmlloader-1.20.1-47.2.0.jar:?]
	at cpw.mods.modlauncher.LaunchServiceHandlerDecorator.launch(LaunchServiceHandlerDecorator.java:30) ~[modlauncher-10.0.9.jar:?]
	at cpw.mods.modlauncher.LaunchServiceHandler.launch(LaunchServiceHandler.java:53) ~[modlauncher-10.0.9.jar:?]
	at cpw.mods.modlauncher.LaunchServiceHandler.launch(LaunchServiceHandler.java:71) ~[modlauncher-10.0.9.jar:?]
	at cpw.mods.modlauncher.Launcher.run(Launcher.java:108) ~[modlauncher-10.0.9.jar:?]
	at cpw.mods.modlauncher.Launcher.main(Launcher.java:78) ~[modlauncher-10.0.9.jar:?]
	at cpw.mods.modlauncher.BootstrapLaunchConsumer.accept(BootstrapLaunchConsumer.java:26) ~[modlauncher-10.0.9.jar:?]
	at cpw.mods.modlauncher.BootstrapLaunchConsumer.accept(BootstrapLaunchConsumer.java:23) ~[modlauncher-10.0.9.jar:?]
	at cpw.mods.bootstraplauncher.BootstrapLauncher.main(BootstrapLauncher.java:141) ~[bootstraplauncher-1.1.2.jar:?]
[17Jun2025 23:52:26.073] [Render thread/ERROR] [net.minecraft.world.item.crafting.RecipeManager/]: Parsing error loading recipe simplemissiles:missilelocatorfixing
com.google.gson.JsonSyntaxException: Unknown item 'simplemissiles:navigation_system'
	at net.minecraft.world.item.crafting.ShapedRecipe.lambda$itemFromJson$2(ShapedRecipe.java:292) ~[forge-1.20.1-47.2.0_mapped_parchment_2023.09.03-1.20.1.jar:?]
	at java.util.Optional.orElseThrow(Optional.java:403) ~[?:?]
	at net.minecraft.world.item.crafting.ShapedRecipe.itemFromJson(ShapedRecipe.java:291) ~[forge-1.20.1-47.2.0_mapped_parchment_2023.09.03-1.20.1.jar:?]
	at net.minecraft.world.item.crafting.Ingredient.valueFromJson(Ingredient.java:219) ~[forge-1.20.1-47.2.0_mapped_parchment_2023.09.03-1.20.1.jar:?]
	at net.minecraftforge.common.crafting.VanillaIngredientSerializer.parse(VanillaIngredientSerializer.java:27) ~[forge-1.20.1-47.2.0_mapped_parchment_2023.09.03-1.20.1.jar:?]
	at net.minecraftforge.common.crafting.CraftingHelper.getIngredient(CraftingHelper.java:148) ~[forge-1.20.1-47.2.0_mapped_parchment_2023.09.03-1.20.1.jar:?]
	at net.minecraft.world.item.crafting.Ingredient.fromJson(Ingredient.java:194) ~[forge-1.20.1-47.2.0_mapped_parchment_2023.09.03-1.20.1.jar:?]
	at net.minecraft.world.item.crafting.ShapelessRecipe$Serializer.itemsFromJson(ShapelessRecipe.java:104) ~[forge-1.20.1-47.2.0_mapped_parchment_2023.09.03-1.20.1.jar:?]
	at net.minecraft.world.item.crafting.ShapelessRecipe$Serializer.fromJson(ShapelessRecipe.java:89) ~[forge-1.20.1-47.2.0_mapped_parchment_2023.09.03-1.20.1.jar:?]
	at net.minecraft.world.item.crafting.ShapelessRecipe$Serializer.fromJson(ShapelessRecipe.java:84) ~[forge-1.20.1-47.2.0_mapped_parchment_2023.09.03-1.20.1.jar:?]
	at net.minecraftforge.common.extensions.IForgeRecipeSerializer.fromJson(IForgeRecipeSerializer.java:23) ~[forge-1.20.1-47.2.0_mapped_parchment_2023.09.03-1.20.1.jar:?]
	at net.minecraft.world.item.crafting.RecipeManager.fromJson(RecipeManager.java:171) ~[forge-1.20.1-47.2.0_mapped_parchment_2023.09.03-1.20.1.jar:?]
	at net.minecraft.world.item.crafting.RecipeManager.apply(RecipeManager.java:67) ~[forge-1.20.1-47.2.0_mapped_parchment_2023.09.03-1.20.1.jar:?]
	at net.minecraft.world.item.crafting.RecipeManager.apply(RecipeManager.java:34) ~[forge-1.20.1-47.2.0_mapped_parchment_2023.09.03-1.20.1.jar:?]
	at net.minecraft.server.packs.resources.SimplePreparableReloadListener.lambda$reload$1(SimplePreparableReloadListener.java:13) ~[forge-1.20.1-47.2.0_mapped_parchment_2023.09.03-1.20.1.jar:?]
	at java.util.concurrent.CompletableFuture$UniAccept.tryFire(CompletableFuture.java:718) ~[?:?]
	at java.util.concurrent.CompletableFuture$Completion.run(CompletableFuture.java:482) ~[?:?]
	at net.minecraft.server.packs.resources.SimpleReloadInstance.lambda$new$3(SimpleReloadInstance.java:69) ~[forge-1.20.1-47.2.0_mapped_parchment_2023.09.03-1.20.1.jar:?]
	at net.minecraft.util.thread.BlockableEventLoop.doRunTask(BlockableEventLoop.java:156) ~[forge-1.20.1-47.2.0_mapped_parchment_2023.09.03-1.20.1.jar:?]
	at net.minecraft.util.thread.ReentrantBlockableEventLoop.doRunTask(ReentrantBlockableEventLoop.java:23) ~[forge-1.20.1-47.2.0_mapped_parchment_2023.09.03-1.20.1.jar:?]
	at net.minecraft.util.thread.BlockableEventLoop.pollTask(BlockableEventLoop.java:130) ~[forge-1.20.1-47.2.0_mapped_parchment_2023.09.03-1.20.1.jar:?]
	at net.minecraft.util.thread.BlockableEventLoop.managedBlock(BlockableEventLoop.java:139) ~[forge-1.20.1-47.2.0_mapped_parchment_2023.09.03-1.20.1.jar:?]
	at net.minecraft.client.gui.screens.worldselection.WorldOpenFlows.loadWorldDataBlocking(WorldOpenFlows.java:163) ~[forge-1.20.1-47.2.0_mapped_parchment_2023.09.03-1.20.1.jar:?]
	at net.minecraft.client.gui.screens.worldselection.WorldOpenFlows.loadWorldStem(WorldOpenFlows.java:113) ~[forge-1.20.1-47.2.0_mapped_parchment_2023.09.03-1.20.1.jar:?]
	at net.minecraft.client.gui.screens.worldselection.WorldOpenFlows.doLoadLevel(WorldOpenFlows.java:181) ~[forge-1.20.1-47.2.0_mapped_parchment_2023.09.03-1.20.1.jar:?]
	at net.minecraft.client.gui.screens.worldselection.WorldOpenFlows.doLoadLevel(WorldOpenFlows.java:169) ~[forge-1.20.1-47.2.0_mapped_parchment_2023.09.03-1.20.1.jar:?]
	at net.minecraft.client.gui.screens.worldselection.WorldOpenFlows.loadLevel(WorldOpenFlows.java:65) ~[forge-1.20.1-47.2.0_mapped_parchment_2023.09.03-1.20.1.jar:?]
	at net.minecraft.client.gui.screens.worldselection.WorldSelectionList$WorldListEntry.loadWorld(WorldSelectionList.java:575) ~[forge-1.20.1-47.2.0_mapped_parchment_2023.09.03-1.20.1.jar:?]
	at net.minecraft.client.gui.screens.worldselection.WorldSelectionList$WorldListEntry.joinWorld(WorldSelectionList.java:474) ~[forge-1.20.1-47.2.0_mapped_parchment_2023.09.03-1.20.1.jar:?]
	at net.minecraft.client.gui.screens.worldselection.WorldSelectionList$WorldListEntry.mouseClicked(WorldSelectionList.java:416) ~[forge-1.20.1-47.2.0_mapped_parchment_2023.09.03-1.20.1.jar:?]
	at net.minecraft.client.gui.components.AbstractSelectionList.mouseClicked(AbstractSelectionList.java:298) ~[forge-1.20.1-47.2.0_mapped_parchment_2023.09.03-1.20.1.jar:?]
	at net.minecraft.client.gui.components.events.ContainerEventHandler.mouseClicked(ContainerEventHandler.java:38) ~[forge-1.20.1-47.2.0_mapped_parchment_2023.09.03-1.20.1.jar:?]
	at net.minecraft.client.MouseHandler.lambda$onPress$0(MouseHandler.java:92) ~[forge-1.20.1-47.2.0_mapped_parchment_2023.09.03-1.20.1.jar:?]
	at net.minecraft.client.gui.screens.Screen.wrapScreenError(Screen.java:437) ~[forge-1.20.1-47.2.0_mapped_parchment_2023.09.03-1.20.1.jar:?]
	at net.minecraft.client.MouseHandler.onPress(MouseHandler.java:89) ~[forge-1.20.1-47.2.0_mapped_parchment_2023.09.03-1.20.1.jar:?]
	at net.minecraft.client.MouseHandler.lambda$setup$4(MouseHandler.java:189) ~[forge-1.20.1-47.2.0_mapped_parchment_2023.09.03-1.20.1.jar:?]
	at net.minecraft.util.thread.BlockableEventLoop.execute(BlockableEventLoop.java:102) ~[forge-1.20.1-47.2.0_mapped_parchment_2023.09.03-1.20.1.jar:?]
	at net.minecraft.client.MouseHandler.lambda$setup$5(MouseHandler.java:188) ~[forge-1.20.1-47.2.0_mapped_parchment_2023.09.03-1.20.1.jar:?]
	at org.lwjgl.glfw.GLFWMouseButtonCallbackI.callback(GLFWMouseButtonCallbackI.java:43) ~[lwjgl-glfw-3.3.1.jar:build 7]
	at org.lwjgl.system.JNI.invokeV(Native Method) ~[lwjgl-3.3.1.jar:build 7]
	at org.lwjgl.glfw.GLFW.glfwWaitEventsTimeout(GLFW.java:3474) ~[lwjgl-glfw-3.3.1.jar:build 7]
	at com.mojang.blaze3d.systems.RenderSystem.limitDisplayFPS(RenderSystem.java:237) ~[forge-1.20.1-47.2.0_mapped_parchment_2023.09.03-1.20.1.jar:?]
	at net.minecraft.client.Minecraft.runTick(Minecraft.java:1173) ~[forge-1.20.1-47.2.0_mapped_parchment_2023.09.03-1.20.1.jar:?]
	at net.minecraft.client.Minecraft.run(Minecraft.java:718) ~[forge-1.20.1-47.2.0_mapped_parchment_2023.09.03-1.20.1.jar:?]
	at net.minecraft.client.main.Main.main(Main.java:218) ~[forge-1.20.1-47.2.0_mapped_parchment_2023.09.03-1.20.1.jar:?]
	at jdk.internal.reflect.NativeMethodAccessorImpl.invoke0(Native Method) ~[?:?]
	at jdk.internal.reflect.NativeMethodAccessorImpl.invoke(NativeMethodAccessorImpl.java:77) ~[?:?]
	at jdk.internal.reflect.DelegatingMethodAccessorImpl.invoke(DelegatingMethodAccessorImpl.java:43) ~[?:?]
	at java.lang.reflect.Method.invoke(Method.java:569) ~[?:?]
	at net.minecraftforge.fml.loading.targets.CommonLaunchHandler.runTarget(CommonLaunchHandler.java:111) ~[fmlloader-1.20.1-47.2.0.jar:?]
	at net.minecraftforge.fml.loading.targets.CommonLaunchHandler.clientService(CommonLaunchHandler.java:99) ~[fmlloader-1.20.1-47.2.0.jar:?]
	at net.minecraftforge.fml.loading.targets.ForgeClientUserdevLaunchHandler.devService(ForgeClientUserdevLaunchHandler.java:19) ~[fmlloader-1.20.1-47.2.0.jar:?]
	at net.minecraftforge.fml.loading.targets.CommonDevLaunchHandler.lambda$makeService$7(CommonDevLaunchHandler.java:135) ~[fmlloader-1.20.1-47.2.0.jar:?]
	at cpw.mods.modlauncher.LaunchServiceHandlerDecorator.launch(LaunchServiceHandlerDecorator.java:30) ~[modlauncher-10.0.9.jar:?]
	at cpw.mods.modlauncher.LaunchServiceHandler.launch(LaunchServiceHandler.java:53) ~[modlauncher-10.0.9.jar:?]
	at cpw.mods.modlauncher.LaunchServiceHandler.launch(LaunchServiceHandler.java:71) ~[modlauncher-10.0.9.jar:?]
	at cpw.mods.modlauncher.Launcher.run(Launcher.java:108) ~[modlauncher-10.0.9.jar:?]
	at cpw.mods.modlauncher.Launcher.main(Launcher.java:78) ~[modlauncher-10.0.9.jar:?]
	at cpw.mods.modlauncher.BootstrapLaunchConsumer.accept(BootstrapLaunchConsumer.java:26) ~[modlauncher-10.0.9.jar:?]
	at cpw.mods.modlauncher.BootstrapLaunchConsumer.accept(BootstrapLaunchConsumer.java:23) ~[modlauncher-10.0.9.jar:?]
	at cpw.mods.bootstraplauncher.BootstrapLauncher.main(BootstrapLauncher.java:141) ~[bootstraplauncher-1.1.2.jar:?]
[17Jun2025 23:52:26.078] [Render thread/ERROR] [net.minecraft.world.item.crafting.RecipeManager/]: Parsing error loading recipe simplemissiles:hazmat_armor_armor_helmet_recipe
com.google.gson.JsonSyntaxException: Unknown item 'simplemissiles:hazmat_armor_armor_helmet'
	at net.minecraftforge.common.crafting.CraftingHelper.getItem(CraftingHelper.java:160) ~[forge-1.20.1-47.2.0_mapped_parchment_2023.09.03-1.20.1.jar:?]
	at net.minecraftforge.common.crafting.CraftingHelper.getItemStack(CraftingHelper.java:186) ~[forge-1.20.1-47.2.0_mapped_parchment_2023.09.03-1.20.1.jar:?]
	at net.minecraft.world.item.crafting.ShapedRecipe.itemStackFromJson(ShapedRecipe.java:286) ~[forge-1.20.1-47.2.0_mapped_parchment_2023.09.03-1.20.1.jar:?]
	at net.minecraft.world.item.crafting.ShapedRecipe$Serializer.fromJson(ShapedRecipe.java:311) ~[forge-1.20.1-47.2.0_mapped_parchment_2023.09.03-1.20.1.jar:?]
	at net.minecraft.world.item.crafting.ShapedRecipe$Serializer.fromJson(ShapedRecipe.java:301) ~[forge-1.20.1-47.2.0_mapped_parchment_2023.09.03-1.20.1.jar:?]
	at net.minecraftforge.common.extensions.IForgeRecipeSerializer.fromJson(IForgeRecipeSerializer.java:23) ~[forge-1.20.1-47.2.0_mapped_parchment_2023.09.03-1.20.1.jar:?]
	at net.minecraft.world.item.crafting.RecipeManager.fromJson(RecipeManager.java:171) ~[forge-1.20.1-47.2.0_mapped_parchment_2023.09.03-1.20.1.jar:?]
	at net.minecraft.world.item.crafting.RecipeManager.apply(RecipeManager.java:67) ~[forge-1.20.1-47.2.0_mapped_parchment_2023.09.03-1.20.1.jar:?]
	at net.minecraft.world.item.crafting.RecipeManager.apply(RecipeManager.java:34) ~[forge-1.20.1-47.2.0_mapped_parchment_2023.09.03-1.20.1.jar:?]
	at net.minecraft.server.packs.resources.SimplePreparableReloadListener.lambda$reload$1(SimplePreparableReloadListener.java:13) ~[forge-1.20.1-47.2.0_mapped_parchment_2023.09.03-1.20.1.jar:?]
	at java.util.concurrent.CompletableFuture$UniAccept.tryFire(CompletableFuture.java:718) ~[?:?]
	at java.util.concurrent.CompletableFuture$Completion.run(CompletableFuture.java:482) ~[?:?]
	at net.minecraft.server.packs.resources.SimpleReloadInstance.lambda$new$3(SimpleReloadInstance.java:69) ~[forge-1.20.1-47.2.0_mapped_parchment_2023.09.03-1.20.1.jar:?]
	at net.minecraft.util.thread.BlockableEventLoop.doRunTask(BlockableEventLoop.java:156) ~[forge-1.20.1-47.2.0_mapped_parchment_2023.09.03-1.20.1.jar:?]
	at net.minecraft.util.thread.ReentrantBlockableEventLoop.doRunTask(ReentrantBlockableEventLoop.java:23) ~[forge-1.20.1-47.2.0_mapped_parchment_2023.09.03-1.20.1.jar:?]
	at net.minecraft.util.thread.BlockableEventLoop.pollTask(BlockableEventLoop.java:130) ~[forge-1.20.1-47.2.0_mapped_parchment_2023.09.03-1.20.1.jar:?]
	at net.minecraft.util.thread.BlockableEventLoop.managedBlock(BlockableEventLoop.java:139) ~[forge-1.20.1-47.2.0_mapped_parchment_2023.09.03-1.20.1.jar:?]
	at net.minecraft.client.gui.screens.worldselection.WorldOpenFlows.loadWorldDataBlocking(WorldOpenFlows.java:163) ~[forge-1.20.1-47.2.0_mapped_parchment_2023.09.03-1.20.1.jar:?]
	at net.minecraft.client.gui.screens.worldselection.WorldOpenFlows.loadWorldStem(WorldOpenFlows.java:113) ~[forge-1.20.1-47.2.0_mapped_parchment_2023.09.03-1.20.1.jar:?]
	at net.minecraft.client.gui.screens.worldselection.WorldOpenFlows.doLoadLevel(WorldOpenFlows.java:181) ~[forge-1.20.1-47.2.0_mapped_parchment_2023.09.03-1.20.1.jar:?]
	at net.minecraft.client.gui.screens.worldselection.WorldOpenFlows.doLoadLevel(WorldOpenFlows.java:169) ~[forge-1.20.1-47.2.0_mapped_parchment_2023.09.03-1.20.1.jar:?]
	at net.minecraft.client.gui.screens.worldselection.WorldOpenFlows.loadLevel(WorldOpenFlows.java:65) ~[forge-1.20.1-47.2.0_mapped_parchment_2023.09.03-1.20.1.jar:?]
	at net.minecraft.client.gui.screens.worldselection.WorldSelectionList$WorldListEntry.loadWorld(WorldSelectionList.java:575) ~[forge-1.20.1-47.2.0_mapped_parchment_2023.09.03-1.20.1.jar:?]
	at net.minecraft.client.gui.screens.worldselection.WorldSelectionList$WorldListEntry.joinWorld(WorldSelectionList.java:474) ~[forge-1.20.1-47.2.0_mapped_parchment_2023.09.03-1.20.1.jar:?]
	at net.minecraft.client.gui.screens.worldselection.WorldSelectionList$WorldListEntry.mouseClicked(WorldSelectionList.java:416) ~[forge-1.20.1-47.2.0_mapped_parchment_2023.09.03-1.20.1.jar:?]
	at net.minecraft.client.gui.components.AbstractSelectionList.mouseClicked(AbstractSelectionList.java:298) ~[forge-1.20.1-47.2.0_mapped_parchment_2023.09.03-1.20.1.jar:?]
	at net.minecraft.client.gui.components.events.ContainerEventHandler.mouseClicked(ContainerEventHandler.java:38) ~[forge-1.20.1-47.2.0_mapped_parchment_2023.09.03-1.20.1.jar:?]
	at net.minecraft.client.MouseHandler.lambda$onPress$0(MouseHandler.java:92) ~[forge-1.20.1-47.2.0_mapped_parchment_2023.09.03-1.20.1.jar:?]
	at net.minecraft.client.gui.screens.Screen.wrapScreenError(Screen.java:437) ~[forge-1.20.1-47.2.0_mapped_parchment_2023.09.03-1.20.1.jar:?]
	at net.minecraft.client.MouseHandler.onPress(MouseHandler.java:89) ~[forge-1.20.1-47.2.0_mapped_parchment_2023.09.03-1.20.1.jar:?]
	at net.minecraft.client.MouseHandler.lambda$setup$4(MouseHandler.java:189) ~[forge-1.20.1-47.2.0_mapped_parchment_2023.09.03-1.20.1.jar:?]
	at net.minecraft.util.thread.BlockableEventLoop.execute(BlockableEventLoop.java:102) ~[forge-1.20.1-47.2.0_mapped_parchment_2023.09.03-1.20.1.jar:?]
	at net.minecraft.client.MouseHandler.lambda$setup$5(MouseHandler.java:188) ~[forge-1.20.1-47.2.0_mapped_parchment_2023.09.03-1.20.1.jar:?]
	at org.lwjgl.glfw.GLFWMouseButtonCallbackI.callback(GLFWMouseButtonCallbackI.java:43) ~[lwjgl-glfw-3.3.1.jar:build 7]
	at org.lwjgl.system.JNI.invokeV(Native Method) ~[lwjgl-3.3.1.jar:build 7]
	at org.lwjgl.glfw.GLFW.glfwWaitEventsTimeout(GLFW.java:3474) ~[lwjgl-glfw-3.3.1.jar:build 7]
	at com.mojang.blaze3d.systems.RenderSystem.limitDisplayFPS(RenderSystem.java:237) ~[forge-1.20.1-47.2.0_mapped_parchment_2023.09.03-1.20.1.jar:?]
	at net.minecraft.client.Minecraft.runTick(Minecraft.java:1173) ~[forge-1.20.1-47.2.0_mapped_parchment_2023.09.03-1.20.1.jar:?]
	at net.minecraft.client.Minecraft.run(Minecraft.java:718) ~[forge-1.20.1-47.2.0_mapped_parchment_2023.09.03-1.20.1.jar:?]
	at net.minecraft.client.main.Main.main(Main.java:218) ~[forge-1.20.1-47.2.0_mapped_parchment_2023.09.03-1.20.1.jar:?]
	at jdk.internal.reflect.NativeMethodAccessorImpl.invoke0(Native Method) ~[?:?]
	at jdk.internal.reflect.NativeMethodAccessorImpl.invoke(NativeMethodAccessorImpl.java:77) ~[?:?]
	at jdk.internal.reflect.DelegatingMethodAccessorImpl.invoke(DelegatingMethodAccessorImpl.java:43) ~[?:?]
	at java.lang.reflect.Method.invoke(Method.java:569) ~[?:?]
	at net.minecraftforge.fml.loading.targets.CommonLaunchHandler.runTarget(CommonLaunchHandler.java:111) ~[fmlloader-1.20.1-47.2.0.jar:?]
	at net.minecraftforge.fml.loading.targets.CommonLaunchHandler.clientService(CommonLaunchHandler.java:99) ~[fmlloader-1.20.1-47.2.0.jar:?]
	at net.minecraftforge.fml.loading.targets.ForgeClientUserdevLaunchHandler.devService(ForgeClientUserdevLaunchHandler.java:19) ~[fmlloader-1.20.1-47.2.0.jar:?]
	at net.minecraftforge.fml.loading.targets.CommonDevLaunchHandler.lambda$makeService$7(CommonDevLaunchHandler.java:135) ~[fmlloader-1.20.1-47.2.0.jar:?]
	at cpw.mods.modlauncher.LaunchServiceHandlerDecorator.launch(LaunchServiceHandlerDecorator.java:30) ~[modlauncher-10.0.9.jar:?]
	at cpw.mods.modlauncher.LaunchServiceHandler.launch(LaunchServiceHandler.java:53) ~[modlauncher-10.0.9.jar:?]
	at cpw.mods.modlauncher.LaunchServiceHandler.launch(LaunchServiceHandler.java:71) ~[modlauncher-10.0.9.jar:?]
	at cpw.mods.modlauncher.Launcher.run(Launcher.java:108) ~[modlauncher-10.0.9.jar:?]
	at cpw.mods.modlauncher.Launcher.main(Launcher.java:78) ~[modlauncher-10.0.9.jar:?]
	at cpw.mods.modlauncher.BootstrapLaunchConsumer.accept(BootstrapLaunchConsumer.java:26) ~[modlauncher-10.0.9.jar:?]
	at cpw.mods.modlauncher.BootstrapLaunchConsumer.accept(BootstrapLaunchConsumer.java:23) ~[modlauncher-10.0.9.jar:?]
	at cpw.mods.bootstraplauncher.BootstrapLauncher.main(BootstrapLauncher.java:141) ~[bootstraplauncher-1.1.2.jar:?]
[17Jun2025 23:52:26.081] [Render thread/ERROR] [net.minecraft.world.item.crafting.RecipeManager/]: Parsing error loading recipe simplemissiles:hazmat_armor_armor_leggings_recipe
com.google.gson.JsonSyntaxException: Unknown item 'simplemissiles:hazmat_armor_armor_leggings'
	at net.minecraftforge.common.crafting.CraftingHelper.getItem(CraftingHelper.java:160) ~[forge-1.20.1-47.2.0_mapped_parchment_2023.09.03-1.20.1.jar:?]
	at net.minecraftforge.common.crafting.CraftingHelper.getItemStack(CraftingHelper.java:186) ~[forge-1.20.1-47.2.0_mapped_parchment_2023.09.03-1.20.1.jar:?]
	at net.minecraft.world.item.crafting.ShapedRecipe.itemStackFromJson(ShapedRecipe.java:286) ~[forge-1.20.1-47.2.0_mapped_parchment_2023.09.03-1.20.1.jar:?]
	at net.minecraft.world.item.crafting.ShapedRecipe$Serializer.fromJson(ShapedRecipe.java:311) ~[forge-1.20.1-47.2.0_mapped_parchment_2023.09.03-1.20.1.jar:?]
	at net.minecraft.world.item.crafting.ShapedRecipe$Serializer.fromJson(ShapedRecipe.java:301) ~[forge-1.20.1-47.2.0_mapped_parchment_2023.09.03-1.20.1.jar:?]
	at net.minecraftforge.common.extensions.IForgeRecipeSerializer.fromJson(IForgeRecipeSerializer.java:23) ~[forge-1.20.1-47.2.0_mapped_parchment_2023.09.03-1.20.1.jar:?]
	at net.minecraft.world.item.crafting.RecipeManager.fromJson(RecipeManager.java:171) ~[forge-1.20.1-47.2.0_mapped_parchment_2023.09.03-1.20.1.jar:?]
	at net.minecraft.world.item.crafting.RecipeManager.apply(RecipeManager.java:67) ~[forge-1.20.1-47.2.0_mapped_parchment_2023.09.03-1.20.1.jar:?]
	at net.minecraft.world.item.crafting.RecipeManager.apply(RecipeManager.java:34) ~[forge-1.20.1-47.2.0_mapped_parchment_2023.09.03-1.20.1.jar:?]
	at net.minecraft.server.packs.resources.SimplePreparableReloadListener.lambda$reload$1(SimplePreparableReloadListener.java:13) ~[forge-1.20.1-47.2.0_mapped_parchment_2023.09.03-1.20.1.jar:?]
	at java.util.concurrent.CompletableFuture$UniAccept.tryFire(CompletableFuture.java:718) ~[?:?]
	at java.util.concurrent.CompletableFuture$Completion.run(CompletableFuture.java:482) ~[?:?]
	at net.minecraft.server.packs.resources.SimpleReloadInstance.lambda$new$3(SimpleReloadInstance.java:69) ~[forge-1.20.1-47.2.0_mapped_parchment_2023.09.03-1.20.1.jar:?]
	at net.minecraft.util.thread.BlockableEventLoop.doRunTask(BlockableEventLoop.java:156) ~[forge-1.20.1-47.2.0_mapped_parchment_2023.09.03-1.20.1.jar:?]
	at net.minecraft.util.thread.ReentrantBlockableEventLoop.doRunTask(ReentrantBlockableEventLoop.java:23) ~[forge-1.20.1-47.2.0_mapped_parchment_2023.09.03-1.20.1.jar:?]
	at net.minecraft.util.thread.BlockableEventLoop.pollTask(BlockableEventLoop.java:130) ~[forge-1.20.1-47.2.0_mapped_parchment_2023.09.03-1.20.1.jar:?]
	at net.minecraft.util.thread.BlockableEventLoop.managedBlock(BlockableEventLoop.java:139) ~[forge-1.20.1-47.2.0_mapped_parchment_2023.09.03-1.20.1.jar:?]
	at net.minecraft.client.gui.screens.worldselection.WorldOpenFlows.loadWorldDataBlocking(WorldOpenFlows.java:163) ~[forge-1.20.1-47.2.0_mapped_parchment_2023.09.03-1.20.1.jar:?]
	at net.minecraft.client.gui.screens.worldselection.WorldOpenFlows.loadWorldStem(WorldOpenFlows.java:113) ~[forge-1.20.1-47.2.0_mapped_parchment_2023.09.03-1.20.1.jar:?]
	at net.minecraft.client.gui.screens.worldselection.WorldOpenFlows.doLoadLevel(WorldOpenFlows.java:181) ~[forge-1.20.1-47.2.0_mapped_parchment_2023.09.03-1.20.1.jar:?]
	at net.minecraft.client.gui.screens.worldselection.WorldOpenFlows.doLoadLevel(WorldOpenFlows.java:169) ~[forge-1.20.1-47.2.0_mapped_parchment_2023.09.03-1.20.1.jar:?]
	at net.minecraft.client.gui.screens.worldselection.WorldOpenFlows.loadLevel(WorldOpenFlows.java:65) ~[forge-1.20.1-47.2.0_mapped_parchment_2023.09.03-1.20.1.jar:?]
	at net.minecraft.client.gui.screens.worldselection.WorldSelectionList$WorldListEntry.loadWorld(WorldSelectionList.java:575) ~[forge-1.20.1-47.2.0_mapped_parchment_2023.09.03-1.20.1.jar:?]
	at net.minecraft.client.gui.screens.worldselection.WorldSelectionList$WorldListEntry.joinWorld(WorldSelectionList.java:474) ~[forge-1.20.1-47.2.0_mapped_parchment_2023.09.03-1.20.1.jar:?]
	at net.minecraft.client.gui.screens.worldselection.WorldSelectionList$WorldListEntry.mouseClicked(WorldSelectionList.java:416) ~[forge-1.20.1-47.2.0_mapped_parchment_2023.09.03-1.20.1.jar:?]
	at net.minecraft.client.gui.components.AbstractSelectionList.mouseClicked(AbstractSelectionList.java:298) ~[forge-1.20.1-47.2.0_mapped_parchment_2023.09.03-1.20.1.jar:?]
	at net.minecraft.client.gui.components.events.ContainerEventHandler.mouseClicked(ContainerEventHandler.java:38) ~[forge-1.20.1-47.2.0_mapped_parchment_2023.09.03-1.20.1.jar:?]
	at net.minecraft.client.MouseHandler.lambda$onPress$0(MouseHandler.java:92) ~[forge-1.20.1-47.2.0_mapped_parchment_2023.09.03-1.20.1.jar:?]
	at net.minecraft.client.gui.screens.Screen.wrapScreenError(Screen.java:437) ~[forge-1.20.1-47.2.0_mapped_parchment_2023.09.03-1.20.1.jar:?]
	at net.minecraft.client.MouseHandler.onPress(MouseHandler.java:89) ~[forge-1.20.1-47.2.0_mapped_parchment_2023.09.03-1.20.1.jar:?]
	at net.minecraft.client.MouseHandler.lambda$setup$4(MouseHandler.java:189) ~[forge-1.20.1-47.2.0_mapped_parchment_2023.09.03-1.20.1.jar:?]
	at net.minecraft.util.thread.BlockableEventLoop.execute(BlockableEventLoop.java:102) ~[forge-1.20.1-47.2.0_mapped_parchment_2023.09.03-1.20.1.jar:?]
	at net.minecraft.client.MouseHandler.lambda$setup$5(MouseHandler.java:188) ~[forge-1.20.1-47.2.0_mapped_parchment_2023.09.03-1.20.1.jar:?]
	at org.lwjgl.glfw.GLFWMouseButtonCallbackI.callback(GLFWMouseButtonCallbackI.java:43) ~[lwjgl-glfw-3.3.1.jar:build 7]
	at org.lwjgl.system.JNI.invokeV(Native Method) ~[lwjgl-3.3.1.jar:build 7]
	at org.lwjgl.glfw.GLFW.glfwWaitEventsTimeout(GLFW.java:3474) ~[lwjgl-glfw-3.3.1.jar:build 7]
	at com.mojang.blaze3d.systems.RenderSystem.limitDisplayFPS(RenderSystem.java:237) ~[forge-1.20.1-47.2.0_mapped_parchment_2023.09.03-1.20.1.jar:?]
	at net.minecraft.client.Minecraft.runTick(Minecraft.java:1173) ~[forge-1.20.1-47.2.0_mapped_parchment_2023.09.03-1.20.1.jar:?]
	at net.minecraft.client.Minecraft.run(Minecraft.java:718) ~[forge-1.20.1-47.2.0_mapped_parchment_2023.09.03-1.20.1.jar:?]
	at net.minecraft.client.main.Main.main(Main.java:218) ~[forge-1.20.1-47.2.0_mapped_parchment_2023.09.03-1.20.1.jar:?]
	at jdk.internal.reflect.NativeMethodAccessorImpl.invoke0(Native Method) ~[?:?]
	at jdk.internal.reflect.NativeMethodAccessorImpl.invoke(NativeMethodAccessorImpl.java:77) ~[?:?]
	at jdk.internal.reflect.DelegatingMethodAccessorImpl.invoke(DelegatingMethodAccessorImpl.java:43) ~[?:?]
	at java.lang.reflect.Method.invoke(Method.java:569) ~[?:?]
	at net.minecraftforge.fml.loading.targets.CommonLaunchHandler.runTarget(CommonLaunchHandler.java:111) ~[fmlloader-1.20.1-47.2.0.jar:?]
	at net.minecraftforge.fml.loading.targets.CommonLaunchHandler.clientService(CommonLaunchHandler.java:99) ~[fmlloader-1.20.1-47.2.0.jar:?]
	at net.minecraftforge.fml.loading.targets.ForgeClientUserdevLaunchHandler.devService(ForgeClientUserdevLaunchHandler.java:19) ~[fmlloader-1.20.1-47.2.0.jar:?]
	at net.minecraftforge.fml.loading.targets.CommonDevLaunchHandler.lambda$makeService$7(CommonDevLaunchHandler.java:135) ~[fmlloader-1.20.1-47.2.0.jar:?]
	at cpw.mods.modlauncher.LaunchServiceHandlerDecorator.launch(LaunchServiceHandlerDecorator.java:30) ~[modlauncher-10.0.9.jar:?]
	at cpw.mods.modlauncher.LaunchServiceHandler.launch(LaunchServiceHandler.java:53) ~[modlauncher-10.0.9.jar:?]
	at cpw.mods.modlauncher.LaunchServiceHandler.launch(LaunchServiceHandler.java:71) ~[modlauncher-10.0.9.jar:?]
	at cpw.mods.modlauncher.Launcher.run(Launcher.java:108) ~[modlauncher-10.0.9.jar:?]
	at cpw.mods.modlauncher.Launcher.main(Launcher.java:78) ~[modlauncher-10.0.9.jar:?]
	at cpw.mods.modlauncher.BootstrapLaunchConsumer.accept(BootstrapLaunchConsumer.java:26) ~[modlauncher-10.0.9.jar:?]
	at cpw.mods.modlauncher.BootstrapLaunchConsumer.accept(BootstrapLaunchConsumer.java:23) ~[modlauncher-10.0.9.jar:?]
	at cpw.mods.bootstraplauncher.BootstrapLauncher.main(BootstrapLauncher.java:141) ~[bootstraplauncher-1.1.2.jar:?]
[17Jun2025 23:52:26.082] [Render thread/ERROR] [net.minecraft.world.item.crafting.RecipeManager/]: Parsing error loading recipe simplemissiles:tnt_missle_recipe
com.google.gson.JsonSyntaxException: Unknown item 'simplemissiles:navigation_system'
	at net.minecraft.world.item.crafting.ShapedRecipe.lambda$itemFromJson$2(ShapedRecipe.java:292) ~[forge-1.20.1-47.2.0_mapped_parchment_2023.09.03-1.20.1.jar:?]
	at java.util.Optional.orElseThrow(Optional.java:403) ~[?:?]
	at net.minecraft.world.item.crafting.ShapedRecipe.itemFromJson(ShapedRecipe.java:291) ~[forge-1.20.1-47.2.0_mapped_parchment_2023.09.03-1.20.1.jar:?]
	at net.minecraft.world.item.crafting.Ingredient.valueFromJson(Ingredient.java:219) ~[forge-1.20.1-47.2.0_mapped_parchment_2023.09.03-1.20.1.jar:?]
	at net.minecraftforge.common.crafting.VanillaIngredientSerializer.parse(VanillaIngredientSerializer.java:27) ~[forge-1.20.1-47.2.0_mapped_parchment_2023.09.03-1.20.1.jar:?]
	at net.minecraftforge.common.crafting.CraftingHelper.getIngredient(CraftingHelper.java:148) ~[forge-1.20.1-47.2.0_mapped_parchment_2023.09.03-1.20.1.jar:?]
	at net.minecraft.world.item.crafting.Ingredient.fromJson(Ingredient.java:194) ~[forge-1.20.1-47.2.0_mapped_parchment_2023.09.03-1.20.1.jar:?]
	at net.minecraft.world.item.crafting.ShapedRecipe.keyFromJson(ShapedRecipe.java:278) ~[forge-1.20.1-47.2.0_mapped_parchment_2023.09.03-1.20.1.jar:?]
	at net.minecraft.world.item.crafting.ShapedRecipe$Serializer.fromJson(ShapedRecipe.java:306) ~[forge-1.20.1-47.2.0_mapped_parchment_2023.09.03-1.20.1.jar:?]
	at net.minecraft.world.item.crafting.ShapedRecipe$Serializer.fromJson(ShapedRecipe.java:301) ~[forge-1.20.1-47.2.0_mapped_parchment_2023.09.03-1.20.1.jar:?]
	at net.minecraftforge.common.extensions.IForgeRecipeSerializer.fromJson(IForgeRecipeSerializer.java:23) ~[forge-1.20.1-47.2.0_mapped_parchment_2023.09.03-1.20.1.jar:?]
	at net.minecraft.world.item.crafting.RecipeManager.fromJson(RecipeManager.java:171) ~[forge-1.20.1-47.2.0_mapped_parchment_2023.09.03-1.20.1.jar:?]
	at net.minecraft.world.item.crafting.RecipeManager.apply(RecipeManager.java:67) ~[forge-1.20.1-47.2.0_mapped_parchment_2023.09.03-1.20.1.jar:?]
	at net.minecraft.world.item.crafting.RecipeManager.apply(RecipeManager.java:34) ~[forge-1.20.1-47.2.0_mapped_parchment_2023.09.03-1.20.1.jar:?]
	at net.minecraft.server.packs.resources.SimplePreparableReloadListener.lambda$reload$1(SimplePreparableReloadListener.java:13) ~[forge-1.20.1-47.2.0_mapped_parchment_2023.09.03-1.20.1.jar:?]
	at java.util.concurrent.CompletableFuture$UniAccept.tryFire(CompletableFuture.java:718) ~[?:?]
	at java.util.concurrent.CompletableFuture$Completion.run(CompletableFuture.java:482) ~[?:?]
	at net.minecraft.server.packs.resources.SimpleReloadInstance.lambda$new$3(SimpleReloadInstance.java:69) ~[forge-1.20.1-47.2.0_mapped_parchment_2023.09.03-1.20.1.jar:?]
	at net.minecraft.util.thread.BlockableEventLoop.doRunTask(BlockableEventLoop.java:156) ~[forge-1.20.1-47.2.0_mapped_parchment_2023.09.03-1.20.1.jar:?]
	at net.minecraft.util.thread.ReentrantBlockableEventLoop.doRunTask(ReentrantBlockableEventLoop.java:23) ~[forge-1.20.1-47.2.0_mapped_parchment_2023.09.03-1.20.1.jar:?]
	at net.minecraft.util.thread.BlockableEventLoop.pollTask(BlockableEventLoop.java:130) ~[forge-1.20.1-47.2.0_mapped_parchment_2023.09.03-1.20.1.jar:?]
	at net.minecraft.util.thread.BlockableEventLoop.managedBlock(BlockableEventLoop.java:139) ~[forge-1.20.1-47.2.0_mapped_parchment_2023.09.03-1.20.1.jar:?]
	at net.minecraft.client.gui.screens.worldselection.WorldOpenFlows.loadWorldDataBlocking(WorldOpenFlows.java:163) ~[forge-1.20.1-47.2.0_mapped_parchment_2023.09.03-1.20.1.jar:?]
	at net.minecraft.client.gui.screens.worldselection.WorldOpenFlows.loadWorldStem(WorldOpenFlows.java:113) ~[forge-1.20.1-47.2.0_mapped_parchment_2023.09.03-1.20.1.jar:?]
	at net.minecraft.client.gui.screens.worldselection.WorldOpenFlows.doLoadLevel(WorldOpenFlows.java:181) ~[forge-1.20.1-47.2.0_mapped_parchment_2023.09.03-1.20.1.jar:?]
	at net.minecraft.client.gui.screens.worldselection.WorldOpenFlows.doLoadLevel(WorldOpenFlows.java:169) ~[forge-1.20.1-47.2.0_mapped_parchment_2023.09.03-1.20.1.jar:?]
	at net.minecraft.client.gui.screens.worldselection.WorldOpenFlows.loadLevel(WorldOpenFlows.java:65) ~[forge-1.20.1-47.2.0_mapped_parchment_2023.09.03-1.20.1.jar:?]
	at net.minecraft.client.gui.screens.worldselection.WorldSelectionList$WorldListEntry.loadWorld(WorldSelectionList.java:575) ~[forge-1.20.1-47.2.0_mapped_parchment_2023.09.03-1.20.1.jar:?]
	at net.minecraft.client.gui.screens.worldselection.WorldSelectionList$WorldListEntry.joinWorld(WorldSelectionList.java:474) ~[forge-1.20.1-47.2.0_mapped_parchment_2023.09.03-1.20.1.jar:?]
	at net.minecraft.client.gui.screens.worldselection.WorldSelectionList$WorldListEntry.mouseClicked(WorldSelectionList.java:416) ~[forge-1.20.1-47.2.0_mapped_parchment_2023.09.03-1.20.1.jar:?]
	at net.minecraft.client.gui.components.AbstractSelectionList.mouseClicked(AbstractSelectionList.java:298) ~[forge-1.20.1-47.2.0_mapped_parchment_2023.09.03-1.20.1.jar:?]
	at net.minecraft.client.gui.components.events.ContainerEventHandler.mouseClicked(ContainerEventHandler.java:38) ~[forge-1.20.1-47.2.0_mapped_parchment_2023.09.03-1.20.1.jar:?]
	at net.minecraft.client.MouseHandler.lambda$onPress$0(MouseHandler.java:92) ~[forge-1.20.1-47.2.0_mapped_parchment_2023.09.03-1.20.1.jar:?]
	at net.minecraft.client.gui.screens.Screen.wrapScreenError(Screen.java:437) ~[forge-1.20.1-47.2.0_mapped_parchment_2023.09.03-1.20.1.jar:?]
	at net.minecraft.client.MouseHandler.onPress(MouseHandler.java:89) ~[forge-1.20.1-47.2.0_mapped_parchment_2023.09.03-1.20.1.jar:?]
	at net.minecraft.client.MouseHandler.lambda$setup$4(MouseHandler.java:189) ~[forge-1.20.1-47.2.0_mapped_parchment_2023.09.03-1.20.1.jar:?]
	at net.minecraft.util.thread.BlockableEventLoop.execute(BlockableEventLoop.java:102) ~[forge-1.20.1-47.2.0_mapped_parchment_2023.09.03-1.20.1.jar:?]
	at net.minecraft.client.MouseHandler.lambda$setup$5(MouseHandler.java:188) ~[forge-1.20.1-47.2.0_mapped_parchment_2023.09.03-1.20.1.jar:?]
	at org.lwjgl.glfw.GLFWMouseButtonCallbackI.callback(GLFWMouseButtonCallbackI.java:43) ~[lwjgl-glfw-3.3.1.jar:build 7]
	at org.lwjgl.system.JNI.invokeV(Native Method) ~[lwjgl-3.3.1.jar:build 7]
	at org.lwjgl.glfw.GLFW.glfwWaitEventsTimeout(GLFW.java:3474) ~[lwjgl-glfw-3.3.1.jar:build 7]
	at com.mojang.blaze3d.systems.RenderSystem.limitDisplayFPS(RenderSystem.java:237) ~[forge-1.20.1-47.2.0_mapped_parchment_2023.09.03-1.20.1.jar:?]
	at net.minecraft.client.Minecraft.runTick(Minecraft.java:1173) ~[forge-1.20.1-47.2.0_mapped_parchment_2023.09.03-1.20.1.jar:?]
	at net.minecraft.client.Minecraft.run(Minecraft.java:718) ~[forge-1.20.1-47.2.0_mapped_parchment_2023.09.03-1.20.1.jar:?]
	at net.minecraft.client.main.Main.main(Main.java:218) ~[forge-1.20.1-47.2.0_mapped_parchment_2023.09.03-1.20.1.jar:?]
	at jdk.internal.reflect.NativeMethodAccessorImpl.invoke0(Native Method) ~[?:?]
	at jdk.internal.reflect.NativeMethodAccessorImpl.invoke(NativeMethodAccessorImpl.java:77) ~[?:?]
	at jdk.internal.reflect.DelegatingMethodAccessorImpl.invoke(DelegatingMethodAccessorImpl.java:43) ~[?:?]
	at java.lang.reflect.Method.invoke(Method.java:569) ~[?:?]
	at net.minecraftforge.fml.loading.targets.CommonLaunchHandler.runTarget(CommonLaunchHandler.java:111) ~[fmlloader-1.20.1-47.2.0.jar:?]
	at net.minecraftforge.fml.loading.targets.CommonLaunchHandler.clientService(CommonLaunchHandler.java:99) ~[fmlloader-1.20.1-47.2.0.jar:?]
	at net.minecraftforge.fml.loading.targets.ForgeClientUserdevLaunchHandler.devService(ForgeClientUserdevLaunchHandler.java:19) ~[fmlloader-1.20.1-47.2.0.jar:?]
	at net.minecraftforge.fml.loading.targets.CommonDevLaunchHandler.lambda$makeService$7(CommonDevLaunchHandler.java:135) ~[fmlloader-1.20.1-47.2.0.jar:?]
	at cpw.mods.modlauncher.LaunchServiceHandlerDecorator.launch(LaunchServiceHandlerDecorator.java:30) ~[modlauncher-10.0.9.jar:?]
	at cpw.mods.modlauncher.LaunchServiceHandler.launch(LaunchServiceHandler.java:53) ~[modlauncher-10.0.9.jar:?]
	at cpw.mods.modlauncher.LaunchServiceHandler.launch(LaunchServiceHandler.java:71) ~[modlauncher-10.0.9.jar:?]
	at cpw.mods.modlauncher.Launcher.run(Launcher.java:108) ~[modlauncher-10.0.9.jar:?]
	at cpw.mods.modlauncher.Launcher.main(Launcher.java:78) ~[modlauncher-10.0.9.jar:?]
	at cpw.mods.modlauncher.BootstrapLaunchConsumer.accept(BootstrapLaunchConsumer.java:26) ~[modlauncher-10.0.9.jar:?]
	at cpw.mods.modlauncher.BootstrapLaunchConsumer.accept(BootstrapLaunchConsumer.java:23) ~[modlauncher-10.0.9.jar:?]
	at cpw.mods.bootstraplauncher.BootstrapLauncher.main(BootstrapLauncher.java:141) ~[bootstraplauncher-1.1.2.jar:?]
[17Jun2025 23:52:26.083] [Render thread/ERROR] [net.minecraft.world.item.crafting.RecipeManager/]: Parsing error loading recipe simplemissiles:playerlocatorrecipe
com.google.gson.JsonSyntaxException: Unknown item 'simplemissiles:navigation_system'
	at net.minecraft.world.item.crafting.ShapedRecipe.lambda$itemFromJson$2(ShapedRecipe.java:292) ~[forge-1.20.1-47.2.0_mapped_parchment_2023.09.03-1.20.1.jar:?]
	at java.util.Optional.orElseThrow(Optional.java:403) ~[?:?]
	at net.minecraft.world.item.crafting.ShapedRecipe.itemFromJson(ShapedRecipe.java:291) ~[forge-1.20.1-47.2.0_mapped_parchment_2023.09.03-1.20.1.jar:?]
	at net.minecraft.world.item.crafting.Ingredient.valueFromJson(Ingredient.java:219) ~[forge-1.20.1-47.2.0_mapped_parchment_2023.09.03-1.20.1.jar:?]
	at net.minecraftforge.common.crafting.VanillaIngredientSerializer.parse(VanillaIngredientSerializer.java:27) ~[forge-1.20.1-47.2.0_mapped_parchment_2023.09.03-1.20.1.jar:?]
	at net.minecraftforge.common.crafting.CraftingHelper.getIngredient(CraftingHelper.java:148) ~[forge-1.20.1-47.2.0_mapped_parchment_2023.09.03-1.20.1.jar:?]
	at net.minecraft.world.item.crafting.Ingredient.fromJson(Ingredient.java:194) ~[forge-1.20.1-47.2.0_mapped_parchment_2023.09.03-1.20.1.jar:?]
	at net.minecraft.world.item.crafting.ShapedRecipe.keyFromJson(ShapedRecipe.java:278) ~[forge-1.20.1-47.2.0_mapped_parchment_2023.09.03-1.20.1.jar:?]
	at net.minecraft.world.item.crafting.ShapedRecipe$Serializer.fromJson(ShapedRecipe.java:306) ~[forge-1.20.1-47.2.0_mapped_parchment_2023.09.03-1.20.1.jar:?]
	at net.minecraft.world.item.crafting.ShapedRecipe$Serializer.fromJson(ShapedRecipe.java:301) ~[forge-1.20.1-47.2.0_mapped_parchment_2023.09.03-1.20.1.jar:?]
	at net.minecraftforge.common.extensions.IForgeRecipeSerializer.fromJson(IForgeRecipeSerializer.java:23) ~[forge-1.20.1-47.2.0_mapped_parchment_2023.09.03-1.20.1.jar:?]
	at net.minecraft.world.item.crafting.RecipeManager.fromJson(RecipeManager.java:171) ~[forge-1.20.1-47.2.0_mapped_parchment_2023.09.03-1.20.1.jar:?]
	at net.minecraft.world.item.crafting.RecipeManager.apply(RecipeManager.java:67) ~[forge-1.20.1-47.2.0_mapped_parchment_2023.09.03-1.20.1.jar:?]
	at net.minecraft.world.item.crafting.RecipeManager.apply(RecipeManager.java:34) ~[forge-1.20.1-47.2.0_mapped_parchment_2023.09.03-1.20.1.jar:?]
	at net.minecraft.server.packs.resources.SimplePreparableReloadListener.lambda$reload$1(SimplePreparableReloadListener.java:13) ~[forge-1.20.1-47.2.0_mapped_parchment_2023.09.03-1.20.1.jar:?]
	at java.util.concurrent.CompletableFuture$UniAccept.tryFire(CompletableFuture.java:718) ~[?:?]
	at java.util.concurrent.CompletableFuture$Completion.run(CompletableFuture.java:482) ~[?:?]
	at net.minecraft.server.packs.resources.SimpleReloadInstance.lambda$new$3(SimpleReloadInstance.java:69) ~[forge-1.20.1-47.2.0_mapped_parchment_2023.09.03-1.20.1.jar:?]
	at net.minecraft.util.thread.BlockableEventLoop.doRunTask(BlockableEventLoop.java:156) ~[forge-1.20.1-47.2.0_mapped_parchment_2023.09.03-1.20.1.jar:?]
	at net.minecraft.util.thread.ReentrantBlockableEventLoop.doRunTask(ReentrantBlockableEventLoop.java:23) ~[forge-1.20.1-47.2.0_mapped_parchment_2023.09.03-1.20.1.jar:?]
	at net.minecraft.util.thread.BlockableEventLoop.pollTask(BlockableEventLoop.java:130) ~[forge-1.20.1-47.2.0_mapped_parchment_2023.09.03-1.20.1.jar:?]
	at net.minecraft.util.thread.BlockableEventLoop.managedBlock(BlockableEventLoop.java:139) ~[forge-1.20.1-47.2.0_mapped_parchment_2023.09.03-1.20.1.jar:?]
	at net.minecraft.client.gui.screens.worldselection.WorldOpenFlows.loadWorldDataBlocking(WorldOpenFlows.java:163) ~[forge-1.20.1-47.2.0_mapped_parchment_2023.09.03-1.20.1.jar:?]
	at net.minecraft.client.gui.screens.worldselection.WorldOpenFlows.loadWorldStem(WorldOpenFlows.java:113) ~[forge-1.20.1-47.2.0_mapped_parchment_2023.09.03-1.20.1.jar:?]
	at net.minecraft.client.gui.screens.worldselection.WorldOpenFlows.doLoadLevel(WorldOpenFlows.java:181) ~[forge-1.20.1-47.2.0_mapped_parchment_2023.09.03-1.20.1.jar:?]
	at net.minecraft.client.gui.screens.worldselection.WorldOpenFlows.doLoadLevel(WorldOpenFlows.java:169) ~[forge-1.20.1-47.2.0_mapped_parchment_2023.09.03-1.20.1.jar:?]
	at net.minecraft.client.gui.screens.worldselection.WorldOpenFlows.loadLevel(WorldOpenFlows.java:65) ~[forge-1.20.1-47.2.0_mapped_parchment_2023.09.03-1.20.1.jar:?]
	at net.minecraft.client.gui.screens.worldselection.WorldSelectionList$WorldListEntry.loadWorld(WorldSelectionList.java:575) ~[forge-1.20.1-47.2.0_mapped_parchment_2023.09.03-1.20.1.jar:?]
	at net.minecraft.client.gui.screens.worldselection.WorldSelectionList$WorldListEntry.joinWorld(WorldSelectionList.java:474) ~[forge-1.20.1-47.2.0_mapped_parchment_2023.09.03-1.20.1.jar:?]
	at net.minecraft.client.gui.screens.worldselection.WorldSelectionList$WorldListEntry.mouseClicked(WorldSelectionList.java:416) ~[forge-1.20.1-47.2.0_mapped_parchment_2023.09.03-1.20.1.jar:?]
	at net.minecraft.client.gui.components.AbstractSelectionList.mouseClicked(AbstractSelectionList.java:298) ~[forge-1.20.1-47.2.0_mapped_parchment_2023.09.03-1.20.1.jar:?]
	at net.minecraft.client.gui.components.events.ContainerEventHandler.mouseClicked(ContainerEventHandler.java:38) ~[forge-1.20.1-47.2.0_mapped_parchment_2023.09.03-1.20.1.jar:?]
	at net.minecraft.client.MouseHandler.lambda$onPress$0(MouseHandler.java:92) ~[forge-1.20.1-47.2.0_mapped_parchment_2023.09.03-1.20.1.jar:?]
	at net.minecraft.client.gui.screens.Screen.wrapScreenError(Screen.java:437) ~[forge-1.20.1-47.2.0_mapped_parchment_2023.09.03-1.20.1.jar:?]
	at net.minecraft.client.MouseHandler.onPress(MouseHandler.java:89) ~[forge-1.20.1-47.2.0_mapped_parchment_2023.09.03-1.20.1.jar:?]
	at net.minecraft.client.MouseHandler.lambda$setup$4(MouseHandler.java:189) ~[forge-1.20.1-47.2.0_mapped_parchment_2023.09.03-1.20.1.jar:?]
	at net.minecraft.util.thread.BlockableEventLoop.execute(BlockableEventLoop.java:102) ~[forge-1.20.1-47.2.0_mapped_parchment_2023.09.03-1.20.1.jar:?]
	at net.minecraft.client.MouseHandler.lambda$setup$5(MouseHandler.java:188) ~[forge-1.20.1-47.2.0_mapped_parchment_2023.09.03-1.20.1.jar:?]
	at org.lwjgl.glfw.GLFWMouseButtonCallbackI.callback(GLFWMouseButtonCallbackI.java:43) ~[lwjgl-glfw-3.3.1.jar:build 7]
	at org.lwjgl.system.JNI.invokeV(Native Method) ~[lwjgl-3.3.1.jar:build 7]
	at org.lwjgl.glfw.GLFW.glfwWaitEventsTimeout(GLFW.java:3474) ~[lwjgl-glfw-3.3.1.jar:build 7]
	at com.mojang.blaze3d.systems.RenderSystem.limitDisplayFPS(RenderSystem.java:237) ~[forge-1.20.1-47.2.0_mapped_parchment_2023.09.03-1.20.1.jar:?]
	at net.minecraft.client.Minecraft.runTick(Minecraft.java:1173) ~[forge-1.20.1-47.2.0_mapped_parchment_2023.09.03-1.20.1.jar:?]
	at net.minecraft.client.Minecraft.run(Minecraft.java:718) ~[forge-1.20.1-47.2.0_mapped_parchment_2023.09.03-1.20.1.jar:?]
	at net.minecraft.client.main.Main.main(Main.java:218) ~[forge-1.20.1-47.2.0_mapped_parchment_2023.09.03-1.20.1.jar:?]
	at jdk.internal.reflect.NativeMethodAccessorImpl.invoke0(Native Method) ~[?:?]
	at jdk.internal.reflect.NativeMethodAccessorImpl.invoke(NativeMethodAccessorImpl.java:77) ~[?:?]
	at jdk.internal.reflect.DelegatingMethodAccessorImpl.invoke(DelegatingMethodAccessorImpl.java:43) ~[?:?]
	at java.lang.reflect.Method.invoke(Method.java:569) ~[?:?]
	at net.minecraftforge.fml.loading.targets.CommonLaunchHandler.runTarget(CommonLaunchHandler.java:111) ~[fmlloader-1.20.1-47.2.0.jar:?]
	at net.minecraftforge.fml.loading.targets.CommonLaunchHandler.clientService(CommonLaunchHandler.java:99) ~[fmlloader-1.20.1-47.2.0.jar:?]
	at net.minecraftforge.fml.loading.targets.ForgeClientUserdevLaunchHandler.devService(ForgeClientUserdevLaunchHandler.java:19) ~[fmlloader-1.20.1-47.2.0.jar:?]
	at net.minecraftforge.fml.loading.targets.CommonDevLaunchHandler.lambda$makeService$7(CommonDevLaunchHandler.java:135) ~[fmlloader-1.20.1-47.2.0.jar:?]
	at cpw.mods.modlauncher.LaunchServiceHandlerDecorator.launch(LaunchServiceHandlerDecorator.java:30) ~[modlauncher-10.0.9.jar:?]
	at cpw.mods.modlauncher.LaunchServiceHandler.launch(LaunchServiceHandler.java:53) ~[modlauncher-10.0.9.jar:?]
	at cpw.mods.modlauncher.LaunchServiceHandler.launch(LaunchServiceHandler.java:71) ~[modlauncher-10.0.9.jar:?]
	at cpw.mods.modlauncher.Launcher.run(Launcher.java:108) ~[modlauncher-10.0.9.jar:?]
	at cpw.mods.modlauncher.Launcher.main(Launcher.java:78) ~[modlauncher-10.0.9.jar:?]
	at cpw.mods.modlauncher.BootstrapLaunchConsumer.accept(BootstrapLaunchConsumer.java:26) ~[modlauncher-10.0.9.jar:?]
	at cpw.mods.modlauncher.BootstrapLaunchConsumer.accept(BootstrapLaunchConsumer.java:23) ~[modlauncher-10.0.9.jar:?]
	at cpw.mods.bootstraplauncher.BootstrapLauncher.main(BootstrapLauncher.java:141) ~[bootstraplauncher-1.1.2.jar:?]
[17Jun2025 23:52:26.084] [Render thread/ERROR] [net.minecraft.world.item.crafting.RecipeManager/]: Parsing error loading recipe simplemissiles:leensrecipe
com.google.gson.JsonSyntaxException: Unknown item 'simplemissiles:leens'
	at net.minecraftforge.common.crafting.CraftingHelper.getItem(CraftingHelper.java:160) ~[forge-1.20.1-47.2.0_mapped_parchment_2023.09.03-1.20.1.jar:?]
	at net.minecraftforge.common.crafting.CraftingHelper.getItemStack(CraftingHelper.java:186) ~[forge-1.20.1-47.2.0_mapped_parchment_2023.09.03-1.20.1.jar:?]
	at net.minecraft.world.item.crafting.ShapedRecipe.itemStackFromJson(ShapedRecipe.java:286) ~[forge-1.20.1-47.2.0_mapped_parchment_2023.09.03-1.20.1.jar:?]
	at net.minecraft.world.item.crafting.ShapedRecipe$Serializer.fromJson(ShapedRecipe.java:311) ~[forge-1.20.1-47.2.0_mapped_parchment_2023.09.03-1.20.1.jar:?]
	at net.minecraft.world.item.crafting.ShapedRecipe$Serializer.fromJson(ShapedRecipe.java:301) ~[forge-1.20.1-47.2.0_mapped_parchment_2023.09.03-1.20.1.jar:?]
	at net.minecraftforge.common.extensions.IForgeRecipeSerializer.fromJson(IForgeRecipeSerializer.java:23) ~[forge-1.20.1-47.2.0_mapped_parchment_2023.09.03-1.20.1.jar:?]
	at net.minecraft.world.item.crafting.RecipeManager.fromJson(RecipeManager.java:171) ~[forge-1.20.1-47.2.0_mapped_parchment_2023.09.03-1.20.1.jar:?]
	at net.minecraft.world.item.crafting.RecipeManager.apply(RecipeManager.java:67) ~[forge-1.20.1-47.2.0_mapped_parchment_2023.09.03-1.20.1.jar:?]
	at net.minecraft.world.item.crafting.RecipeManager.apply(RecipeManager.java:34) ~[forge-1.20.1-47.2.0_mapped_parchment_2023.09.03-1.20.1.jar:?]
	at net.minecraft.server.packs.resources.SimplePreparableReloadListener.lambda$reload$1(SimplePreparableReloadListener.java:13) ~[forge-1.20.1-47.2.0_mapped_parchment_2023.09.03-1.20.1.jar:?]
	at java.util.concurrent.CompletableFuture$UniAccept.tryFire(CompletableFuture.java:718) ~[?:?]
	at java.util.concurrent.CompletableFuture$Completion.run(CompletableFuture.java:482) ~[?:?]
	at net.minecraft.server.packs.resources.SimpleReloadInstance.lambda$new$3(SimpleReloadInstance.java:69) ~[forge-1.20.1-47.2.0_mapped_parchment_2023.09.03-1.20.1.jar:?]
	at net.minecraft.util.thread.BlockableEventLoop.doRunTask(BlockableEventLoop.java:156) ~[forge-1.20.1-47.2.0_mapped_parchment_2023.09.03-1.20.1.jar:?]
	at net.minecraft.util.thread.ReentrantBlockableEventLoop.doRunTask(ReentrantBlockableEventLoop.java:23) ~[forge-1.20.1-47.2.0_mapped_parchment_2023.09.03-1.20.1.jar:?]
	at net.minecraft.util.thread.BlockableEventLoop.pollTask(BlockableEventLoop.java:130) ~[forge-1.20.1-47.2.0_mapped_parchment_2023.09.03-1.20.1.jar:?]
	at net.minecraft.util.thread.BlockableEventLoop.managedBlock(BlockableEventLoop.java:139) ~[forge-1.20.1-47.2.0_mapped_parchment_2023.09.03-1.20.1.jar:?]
	at net.minecraft.client.gui.screens.worldselection.WorldOpenFlows.loadWorldDataBlocking(WorldOpenFlows.java:163) ~[forge-1.20.1-47.2.0_mapped_parchment_2023.09.03-1.20.1.jar:?]
	at net.minecraft.client.gui.screens.worldselection.WorldOpenFlows.loadWorldStem(WorldOpenFlows.java:113) ~[forge-1.20.1-47.2.0_mapped_parchment_2023.09.03-1.20.1.jar:?]
	at net.minecraft.client.gui.screens.worldselection.WorldOpenFlows.doLoadLevel(WorldOpenFlows.java:181) ~[forge-1.20.1-47.2.0_mapped_parchment_2023.09.03-1.20.1.jar:?]
	at net.minecraft.client.gui.screens.worldselection.WorldOpenFlows.doLoadLevel(WorldOpenFlows.java:169) ~[forge-1.20.1-47.2.0_mapped_parchment_2023.09.03-1.20.1.jar:?]
	at net.minecraft.client.gui.screens.worldselection.WorldOpenFlows.loadLevel(WorldOpenFlows.java:65) ~[forge-1.20.1-47.2.0_mapped_parchment_2023.09.03-1.20.1.jar:?]
	at net.minecraft.client.gui.screens.worldselection.WorldSelectionList$WorldListEntry.loadWorld(WorldSelectionList.java:575) ~[forge-1.20.1-47.2.0_mapped_parchment_2023.09.03-1.20.1.jar:?]
	at net.minecraft.client.gui.screens.worldselection.WorldSelectionList$WorldListEntry.joinWorld(WorldSelectionList.java:474) ~[forge-1.20.1-47.2.0_mapped_parchment_2023.09.03-1.20.1.jar:?]
	at net.minecraft.client.gui.screens.worldselection.WorldSelectionList$WorldListEntry.mouseClicked(WorldSelectionList.java:416) ~[forge-1.20.1-47.2.0_mapped_parchment_2023.09.03-1.20.1.jar:?]
	at net.minecraft.client.gui.components.AbstractSelectionList.mouseClicked(AbstractSelectionList.java:298) ~[forge-1.20.1-47.2.0_mapped_parchment_2023.09.03-1.20.1.jar:?]
	at net.minecraft.client.gui.components.events.ContainerEventHandler.mouseClicked(ContainerEventHandler.java:38) ~[forge-1.20.1-47.2.0_mapped_parchment_2023.09.03-1.20.1.jar:?]
	at net.minecraft.client.MouseHandler.lambda$onPress$0(MouseHandler.java:92) ~[forge-1.20.1-47.2.0_mapped_parchment_2023.09.03-1.20.1.jar:?]
	at net.minecraft.client.gui.screens.Screen.wrapScreenError(Screen.java:437) ~[forge-1.20.1-47.2.0_mapped_parchment_2023.09.03-1.20.1.jar:?]
	at net.minecraft.client.MouseHandler.onPress(MouseHandler.java:89) ~[forge-1.20.1-47.2.0_mapped_parchment_2023.09.03-1.20.1.jar:?]
	at net.minecraft.client.MouseHandler.lambda$setup$4(MouseHandler.java:189) ~[forge-1.20.1-47.2.0_mapped_parchment_2023.09.03-1.20.1.jar:?]
	at net.minecraft.util.thread.BlockableEventLoop.execute(BlockableEventLoop.java:102) ~[forge-1.20.1-47.2.0_mapped_parchment_2023.09.03-1.20.1.jar:?]
	at net.minecraft.client.MouseHandler.lambda$setup$5(MouseHandler.java:188) ~[forge-1.20.1-47.2.0_mapped_parchment_2023.09.03-1.20.1.jar:?]
	at org.lwjgl.glfw.GLFWMouseButtonCallbackI.callback(GLFWMouseButtonCallbackI.java:43) ~[lwjgl-glfw-3.3.1.jar:build 7]
	at org.lwjgl.system.JNI.invokeV(Native Method) ~[lwjgl-3.3.1.jar:build 7]
	at org.lwjgl.glfw.GLFW.glfwWaitEventsTimeout(GLFW.java:3474) ~[lwjgl-glfw-3.3.1.jar:build 7]
	at com.mojang.blaze3d.systems.RenderSystem.limitDisplayFPS(RenderSystem.java:237) ~[forge-1.20.1-47.2.0_mapped_parchment_2023.09.03-1.20.1.jar:?]
	at net.minecraft.client.Minecraft.runTick(Minecraft.java:1173) ~[forge-1.20.1-47.2.0_mapped_parchment_2023.09.03-1.20.1.jar:?]
	at net.minecraft.client.Minecraft.run(Minecraft.java:718) ~[forge-1.20.1-47.2.0_mapped_parchment_2023.09.03-1.20.1.jar:?]
	at net.minecraft.client.main.Main.main(Main.java:218) ~[forge-1.20.1-47.2.0_mapped_parchment_2023.09.03-1.20.1.jar:?]
	at jdk.internal.reflect.NativeMethodAccessorImpl.invoke0(Native Method) ~[?:?]
	at jdk.internal.reflect.NativeMethodAccessorImpl.invoke(NativeMethodAccessorImpl.java:77) ~[?:?]
	at jdk.internal.reflect.DelegatingMethodAccessorImpl.invoke(DelegatingMethodAccessorImpl.java:43) ~[?:?]
	at java.lang.reflect.Method.invoke(Method.java:569) ~[?:?]
	at net.minecraftforge.fml.loading.targets.CommonLaunchHandler.runTarget(CommonLaunchHandler.java:111) ~[fmlloader-1.20.1-47.2.0.jar:?]
	at net.minecraftforge.fml.loading.targets.CommonLaunchHandler.clientService(CommonLaunchHandler.java:99) ~[fmlloader-1.20.1-47.2.0.jar:?]
	at net.minecraftforge.fml.loading.targets.ForgeClientUserdevLaunchHandler.devService(ForgeClientUserdevLaunchHandler.java:19) ~[fmlloader-1.20.1-47.2.0.jar:?]
	at net.minecraftforge.fml.loading.targets.CommonDevLaunchHandler.lambda$makeService$7(CommonDevLaunchHandler.java:135) ~[fmlloader-1.20.1-47.2.0.jar:?]
	at cpw.mods.modlauncher.LaunchServiceHandlerDecorator.launch(LaunchServiceHandlerDecorator.java:30) ~[modlauncher-10.0.9.jar:?]
	at cpw.mods.modlauncher.LaunchServiceHandler.launch(LaunchServiceHandler.java:53) ~[modlauncher-10.0.9.jar:?]
	at cpw.mods.modlauncher.LaunchServiceHandler.launch(LaunchServiceHandler.java:71) ~[modlauncher-10.0.9.jar:?]
	at cpw.mods.modlauncher.Launcher.run(Launcher.java:108) ~[modlauncher-10.0.9.jar:?]
	at cpw.mods.modlauncher.Launcher.main(Launcher.java:78) ~[modlauncher-10.0.9.jar:?]
	at cpw.mods.modlauncher.BootstrapLaunchConsumer.accept(BootstrapLaunchConsumer.java:26) ~[modlauncher-10.0.9.jar:?]
	at cpw.mods.modlauncher.BootstrapLaunchConsumer.accept(BootstrapLaunchConsumer.java:23) ~[modlauncher-10.0.9.jar:?]
	at cpw.mods.bootstraplauncher.BootstrapLauncher.main(BootstrapLauncher.java:141) ~[bootstraplauncher-1.1.2.jar:?]
[17Jun2025 23:52:26.085] [Render thread/ERROR] [net.minecraft.world.item.crafting.RecipeManager/]: Parsing error loading recipe simplemissiles:thrusterrecipe
com.google.gson.JsonSyntaxException: Unknown item 'simplemissiles:thruster'
	at net.minecraftforge.common.crafting.CraftingHelper.getItem(CraftingHelper.java:160) ~[forge-1.20.1-47.2.0_mapped_parchment_2023.09.03-1.20.1.jar:?]
	at net.minecraftforge.common.crafting.CraftingHelper.getItemStack(CraftingHelper.java:186) ~[forge-1.20.1-47.2.0_mapped_parchment_2023.09.03-1.20.1.jar:?]
	at net.minecraft.world.item.crafting.ShapedRecipe.itemStackFromJson(ShapedRecipe.java:286) ~[forge-1.20.1-47.2.0_mapped_parchment_2023.09.03-1.20.1.jar:?]
	at net.minecraft.world.item.crafting.ShapedRecipe$Serializer.fromJson(ShapedRecipe.java:311) ~[forge-1.20.1-47.2.0_mapped_parchment_2023.09.03-1.20.1.jar:?]
	at net.minecraft.world.item.crafting.ShapedRecipe$Serializer.fromJson(ShapedRecipe.java:301) ~[forge-1.20.1-47.2.0_mapped_parchment_2023.09.03-1.20.1.jar:?]
	at net.minecraftforge.common.extensions.IForgeRecipeSerializer.fromJson(IForgeRecipeSerializer.java:23) ~[forge-1.20.1-47.2.0_mapped_parchment_2023.09.03-1.20.1.jar:?]
	at net.minecraft.world.item.crafting.RecipeManager.fromJson(RecipeManager.java:171) ~[forge-1.20.1-47.2.0_mapped_parchment_2023.09.03-1.20.1.jar:?]
	at net.minecraft.world.item.crafting.RecipeManager.apply(RecipeManager.java:67) ~[forge-1.20.1-47.2.0_mapped_parchment_2023.09.03-1.20.1.jar:?]
	at net.minecraft.world.item.crafting.RecipeManager.apply(RecipeManager.java:34) ~[forge-1.20.1-47.2.0_mapped_parchment_2023.09.03-1.20.1.jar:?]
	at net.minecraft.server.packs.resources.SimplePreparableReloadListener.lambda$reload$1(SimplePreparableReloadListener.java:13) ~[forge-1.20.1-47.2.0_mapped_parchment_2023.09.03-1.20.1.jar:?]
	at java.util.concurrent.CompletableFuture$UniAccept.tryFire(CompletableFuture.java:718) ~[?:?]
	at java.util.concurrent.CompletableFuture$Completion.run(CompletableFuture.java:482) ~[?:?]
	at net.minecraft.server.packs.resources.SimpleReloadInstance.lambda$new$3(SimpleReloadInstance.java:69) ~[forge-1.20.1-47.2.0_mapped_parchment_2023.09.03-1.20.1.jar:?]
	at net.minecraft.util.thread.BlockableEventLoop.doRunTask(BlockableEventLoop.java:156) ~[forge-1.20.1-47.2.0_mapped_parchment_2023.09.03-1.20.1.jar:?]
	at net.minecraft.util.thread.ReentrantBlockableEventLoop.doRunTask(ReentrantBlockableEventLoop.java:23) ~[forge-1.20.1-47.2.0_mapped_parchment_2023.09.03-1.20.1.jar:?]
	at net.minecraft.util.thread.BlockableEventLoop.pollTask(BlockableEventLoop.java:130) ~[forge-1.20.1-47.2.0_mapped_parchment_2023.09.03-1.20.1.jar:?]
	at net.minecraft.util.thread.BlockableEventLoop.managedBlock(BlockableEventLoop.java:139) ~[forge-1.20.1-47.2.0_mapped_parchment_2023.09.03-1.20.1.jar:?]
	at net.minecraft.client.gui.screens.worldselection.WorldOpenFlows.loadWorldDataBlocking(WorldOpenFlows.java:163) ~[forge-1.20.1-47.2.0_mapped_parchment_2023.09.03-1.20.1.jar:?]
	at net.minecraft.client.gui.screens.worldselection.WorldOpenFlows.loadWorldStem(WorldOpenFlows.java:113) ~[forge-1.20.1-47.2.0_mapped_parchment_2023.09.03-1.20.1.jar:?]
	at net.minecraft.client.gui.screens.worldselection.WorldOpenFlows.doLoadLevel(WorldOpenFlows.java:181) ~[forge-1.20.1-47.2.0_mapped_parchment_2023.09.03-1.20.1.jar:?]
	at net.minecraft.client.gui.screens.worldselection.WorldOpenFlows.doLoadLevel(WorldOpenFlows.java:169) ~[forge-1.20.1-47.2.0_mapped_parchment_2023.09.03-1.20.1.jar:?]
	at net.minecraft.client.gui.screens.worldselection.WorldOpenFlows.loadLevel(WorldOpenFlows.java:65) ~[forge-1.20.1-47.2.0_mapped_parchment_2023.09.03-1.20.1.jar:?]
	at net.minecraft.client.gui.screens.worldselection.WorldSelectionList$WorldListEntry.loadWorld(WorldSelectionList.java:575) ~[forge-1.20.1-47.2.0_mapped_parchment_2023.09.03-1.20.1.jar:?]
	at net.minecraft.client.gui.screens.worldselection.WorldSelectionList$WorldListEntry.joinWorld(WorldSelectionList.java:474) ~[forge-1.20.1-47.2.0_mapped_parchment_2023.09.03-1.20.1.jar:?]
	at net.minecraft.client.gui.screens.worldselection.WorldSelectionList$WorldListEntry.mouseClicked(WorldSelectionList.java:416) ~[forge-1.20.1-47.2.0_mapped_parchment_2023.09.03-1.20.1.jar:?]
	at net.minecraft.client.gui.components.AbstractSelectionList.mouseClicked(AbstractSelectionList.java:298) ~[forge-1.20.1-47.2.0_mapped_parchment_2023.09.03-1.20.1.jar:?]
	at net.minecraft.client.gui.components.events.ContainerEventHandler.mouseClicked(ContainerEventHandler.java:38) ~[forge-1.20.1-47.2.0_mapped_parchment_2023.09.03-1.20.1.jar:?]
	at net.minecraft.client.MouseHandler.lambda$onPress$0(MouseHandler.java:92) ~[forge-1.20.1-47.2.0_mapped_parchment_2023.09.03-1.20.1.jar:?]
	at net.minecraft.client.gui.screens.Screen.wrapScreenError(Screen.java:437) ~[forge-1.20.1-47.2.0_mapped_parchment_2023.09.03-1.20.1.jar:?]
	at net.minecraft.client.MouseHandler.onPress(MouseHandler.java:89) ~[forge-1.20.1-47.2.0_mapped_parchment_2023.09.03-1.20.1.jar:?]
	at net.minecraft.client.MouseHandler.lambda$setup$4(MouseHandler.java:189) ~[forge-1.20.1-47.2.0_mapped_parchment_2023.09.03-1.20.1.jar:?]
	at net.minecraft.util.thread.BlockableEventLoop.execute(BlockableEventLoop.java:102) ~[forge-1.20.1-47.2.0_mapped_parchment_2023.09.03-1.20.1.jar:?]
	at net.minecraft.client.MouseHandler.lambda$setup$5(MouseHandler.java:188) ~[forge-1.20.1-47.2.0_mapped_parchment_2023.09.03-1.20.1.jar:?]
	at org.lwjgl.glfw.GLFWMouseButtonCallbackI.callback(GLFWMouseButtonCallbackI.java:43) ~[lwjgl-glfw-3.3.1.jar:build 7]
	at org.lwjgl.system.JNI.invokeV(Native Method) ~[lwjgl-3.3.1.jar:build 7]
	at org.lwjgl.glfw.GLFW.glfwWaitEventsTimeout(GLFW.java:3474) ~[lwjgl-glfw-3.3.1.jar:build 7]
	at com.mojang.blaze3d.systems.RenderSystem.limitDisplayFPS(RenderSystem.java:237) ~[forge-1.20.1-47.2.0_mapped_parchment_2023.09.03-1.20.1.jar:?]
	at net.minecraft.client.Minecraft.runTick(Minecraft.java:1173) ~[forge-1.20.1-47.2.0_mapped_parchment_2023.09.03-1.20.1.jar:?]
	at net.minecraft.client.Minecraft.run(Minecraft.java:718) ~[forge-1.20.1-47.2.0_mapped_parchment_2023.09.03-1.20.1.jar:?]
	at net.minecraft.client.main.Main.main(Main.java:218) ~[forge-1.20.1-47.2.0_mapped_parchment_2023.09.03-1.20.1.jar:?]
	at jdk.internal.reflect.NativeMethodAccessorImpl.invoke0(Native Method) ~[?:?]
	at jdk.internal.reflect.NativeMethodAccessorImpl.invoke(NativeMethodAccessorImpl.java:77) ~[?:?]
	at jdk.internal.reflect.DelegatingMethodAccessorImpl.invoke(DelegatingMethodAccessorImpl.java:43) ~[?:?]
	at java.lang.reflect.Method.invoke(Method.java:569) ~[?:?]
	at net.minecraftforge.fml.loading.targets.CommonLaunchHandler.runTarget(CommonLaunchHandler.java:111) ~[fmlloader-1.20.1-47.2.0.jar:?]
	at net.minecraftforge.fml.loading.targets.CommonLaunchHandler.clientService(CommonLaunchHandler.java:99) ~[fmlloader-1.20.1-47.2.0.jar:?]
	at net.minecraftforge.fml.loading.targets.ForgeClientUserdevLaunchHandler.devService(ForgeClientUserdevLaunchHandler.java:19) ~[fmlloader-1.20.1-47.2.0.jar:?]
	at net.minecraftforge.fml.loading.targets.CommonDevLaunchHandler.lambda$makeService$7(CommonDevLaunchHandler.java:135) ~[fmlloader-1.20.1-47.2.0.jar:?]
	at cpw.mods.modlauncher.LaunchServiceHandlerDecorator.launch(LaunchServiceHandlerDecorator.java:30) ~[modlauncher-10.0.9.jar:?]
	at cpw.mods.modlauncher.LaunchServiceHandler.launch(LaunchServiceHandler.java:53) ~[modlauncher-10.0.9.jar:?]
	at cpw.mods.modlauncher.LaunchServiceHandler.launch(LaunchServiceHandler.java:71) ~[modlauncher-10.0.9.jar:?]
	at cpw.mods.modlauncher.Launcher.run(Launcher.java:108) ~[modlauncher-10.0.9.jar:?]
	at cpw.mods.modlauncher.Launcher.main(Launcher.java:78) ~[modlauncher-10.0.9.jar:?]
	at cpw.mods.modlauncher.BootstrapLaunchConsumer.accept(BootstrapLaunchConsumer.java:26) ~[modlauncher-10.0.9.jar:?]
	at cpw.mods.modlauncher.BootstrapLaunchConsumer.accept(BootstrapLaunchConsumer.java:23) ~[modlauncher-10.0.9.jar:?]
	at cpw.mods.bootstraplauncher.BootstrapLauncher.main(BootstrapLauncher.java:141) ~[bootstraplauncher-1.1.2.jar:?]
[17Jun2025 23:52:26.088] [Render thread/ERROR] [net.minecraft.world.item.crafting.RecipeManager/]: Parsing error loading recipe simplemissiles:decreasedcraft
com.google.gson.JsonSyntaxException: Unknown item 'simplemissiles:desecrated_nether_star'
	at net.minecraftforge.common.crafting.CraftingHelper.getItem(CraftingHelper.java:160) ~[forge-1.20.1-47.2.0_mapped_parchment_2023.09.03-1.20.1.jar:?]
	at net.minecraftforge.common.crafting.CraftingHelper.getItemStack(CraftingHelper.java:186) ~[forge-1.20.1-47.2.0_mapped_parchment_2023.09.03-1.20.1.jar:?]
	at net.minecraft.world.item.crafting.ShapedRecipe.itemStackFromJson(ShapedRecipe.java:286) ~[forge-1.20.1-47.2.0_mapped_parchment_2023.09.03-1.20.1.jar:?]
	at net.minecraft.world.item.crafting.ShapedRecipe$Serializer.fromJson(ShapedRecipe.java:311) ~[forge-1.20.1-47.2.0_mapped_parchment_2023.09.03-1.20.1.jar:?]
	at net.minecraft.world.item.crafting.ShapedRecipe$Serializer.fromJson(ShapedRecipe.java:301) ~[forge-1.20.1-47.2.0_mapped_parchment_2023.09.03-1.20.1.jar:?]
	at net.minecraftforge.common.extensions.IForgeRecipeSerializer.fromJson(IForgeRecipeSerializer.java:23) ~[forge-1.20.1-47.2.0_mapped_parchment_2023.09.03-1.20.1.jar:?]
	at net.minecraft.world.item.crafting.RecipeManager.fromJson(RecipeManager.java:171) ~[forge-1.20.1-47.2.0_mapped_parchment_2023.09.03-1.20.1.jar:?]
	at net.minecraft.world.item.crafting.RecipeManager.apply(RecipeManager.java:67) ~[forge-1.20.1-47.2.0_mapped_parchment_2023.09.03-1.20.1.jar:?]
	at net.minecraft.world.item.crafting.RecipeManager.apply(RecipeManager.java:34) ~[forge-1.20.1-47.2.0_mapped_parchment_2023.09.03-1.20.1.jar:?]
	at net.minecraft.server.packs.resources.SimplePreparableReloadListener.lambda$reload$1(SimplePreparableReloadListener.java:13) ~[forge-1.20.1-47.2.0_mapped_parchment_2023.09.03-1.20.1.jar:?]
	at java.util.concurrent.CompletableFuture$UniAccept.tryFire(CompletableFuture.java:718) ~[?:?]
	at java.util.concurrent.CompletableFuture$Completion.run(CompletableFuture.java:482) ~[?:?]
	at net.minecraft.server.packs.resources.SimpleReloadInstance.lambda$new$3(SimpleReloadInstance.java:69) ~[forge-1.20.1-47.2.0_mapped_parchment_2023.09.03-1.20.1.jar:?]
	at net.minecraft.util.thread.BlockableEventLoop.doRunTask(BlockableEventLoop.java:156) ~[forge-1.20.1-47.2.0_mapped_parchment_2023.09.03-1.20.1.jar:?]
	at net.minecraft.util.thread.ReentrantBlockableEventLoop.doRunTask(ReentrantBlockableEventLoop.java:23) ~[forge-1.20.1-47.2.0_mapped_parchment_2023.09.03-1.20.1.jar:?]
	at net.minecraft.util.thread.BlockableEventLoop.pollTask(BlockableEventLoop.java:130) ~[forge-1.20.1-47.2.0_mapped_parchment_2023.09.03-1.20.1.jar:?]
	at net.minecraft.util.thread.BlockableEventLoop.managedBlock(BlockableEventLoop.java:139) ~[forge-1.20.1-47.2.0_mapped_parchment_2023.09.03-1.20.1.jar:?]
	at net.minecraft.client.gui.screens.worldselection.WorldOpenFlows.loadWorldDataBlocking(WorldOpenFlows.java:163) ~[forge-1.20.1-47.2.0_mapped_parchment_2023.09.03-1.20.1.jar:?]
	at net.minecraft.client.gui.screens.worldselection.WorldOpenFlows.loadWorldStem(WorldOpenFlows.java:113) ~[forge-1.20.1-47.2.0_mapped_parchment_2023.09.03-1.20.1.jar:?]
	at net.minecraft.client.gui.screens.worldselection.WorldOpenFlows.doLoadLevel(WorldOpenFlows.java:181) ~[forge-1.20.1-47.2.0_mapped_parchment_2023.09.03-1.20.1.jar:?]
	at net.minecraft.client.gui.screens.worldselection.WorldOpenFlows.doLoadLevel(WorldOpenFlows.java:169) ~[forge-1.20.1-47.2.0_mapped_parchment_2023.09.03-1.20.1.jar:?]
	at net.minecraft.client.gui.screens.worldselection.WorldOpenFlows.loadLevel(WorldOpenFlows.java:65) ~[forge-1.20.1-47.2.0_mapped_parchment_2023.09.03-1.20.1.jar:?]
	at net.minecraft.client.gui.screens.worldselection.WorldSelectionList$WorldListEntry.loadWorld(WorldSelectionList.java:575) ~[forge-1.20.1-47.2.0_mapped_parchment_2023.09.03-1.20.1.jar:?]
	at net.minecraft.client.gui.screens.worldselection.WorldSelectionList$WorldListEntry.joinWorld(WorldSelectionList.java:474) ~[forge-1.20.1-47.2.0_mapped_parchment_2023.09.03-1.20.1.jar:?]
	at net.minecraft.client.gui.screens.worldselection.WorldSelectionList$WorldListEntry.mouseClicked(WorldSelectionList.java:416) ~[forge-1.20.1-47.2.0_mapped_parchment_2023.09.03-1.20.1.jar:?]
	at net.minecraft.client.gui.components.AbstractSelectionList.mouseClicked(AbstractSelectionList.java:298) ~[forge-1.20.1-47.2.0_mapped_parchment_2023.09.03-1.20.1.jar:?]
	at net.minecraft.client.gui.components.events.ContainerEventHandler.mouseClicked(ContainerEventHandler.java:38) ~[forge-1.20.1-47.2.0_mapped_parchment_2023.09.03-1.20.1.jar:?]
	at net.minecraft.client.MouseHandler.lambda$onPress$0(MouseHandler.java:92) ~[forge-1.20.1-47.2.0_mapped_parchment_2023.09.03-1.20.1.jar:?]
	at net.minecraft.client.gui.screens.Screen.wrapScreenError(Screen.java:437) ~[forge-1.20.1-47.2.0_mapped_parchment_2023.09.03-1.20.1.jar:?]
	at net.minecraft.client.MouseHandler.onPress(MouseHandler.java:89) ~[forge-1.20.1-47.2.0_mapped_parchment_2023.09.03-1.20.1.jar:?]
	at net.minecraft.client.MouseHandler.lambda$setup$4(MouseHandler.java:189) ~[forge-1.20.1-47.2.0_mapped_parchment_2023.09.03-1.20.1.jar:?]
	at net.minecraft.util.thread.BlockableEventLoop.execute(BlockableEventLoop.java:102) ~[forge-1.20.1-47.2.0_mapped_parchment_2023.09.03-1.20.1.jar:?]
	at net.minecraft.client.MouseHandler.lambda$setup$5(MouseHandler.java:188) ~[forge-1.20.1-47.2.0_mapped_parchment_2023.09.03-1.20.1.jar:?]
	at org.lwjgl.glfw.GLFWMouseButtonCallbackI.callback(GLFWMouseButtonCallbackI.java:43) ~[lwjgl-glfw-3.3.1.jar:build 7]
	at org.lwjgl.system.JNI.invokeV(Native Method) ~[lwjgl-3.3.1.jar:build 7]
	at org.lwjgl.glfw.GLFW.glfwWaitEventsTimeout(GLFW.java:3474) ~[lwjgl-glfw-3.3.1.jar:build 7]
	at com.mojang.blaze3d.systems.RenderSystem.limitDisplayFPS(RenderSystem.java:237) ~[forge-1.20.1-47.2.0_mapped_parchment_2023.09.03-1.20.1.jar:?]
	at net.minecraft.client.Minecraft.runTick(Minecraft.java:1173) ~[forge-1.20.1-47.2.0_mapped_parchment_2023.09.03-1.20.1.jar:?]
	at net.minecraft.client.Minecraft.run(Minecraft.java:718) ~[forge-1.20.1-47.2.0_mapped_parchment_2023.09.03-1.20.1.jar:?]
	at net.minecraft.client.main.Main.main(Main.java:218) ~[forge-1.20.1-47.2.0_mapped_parchment_2023.09.03-1.20.1.jar:?]
	at jdk.internal.reflect.NativeMethodAccessorImpl.invoke0(Native Method) ~[?:?]
	at jdk.internal.reflect.NativeMethodAccessorImpl.invoke(NativeMethodAccessorImpl.java:77) ~[?:?]
	at jdk.internal.reflect.DelegatingMethodAccessorImpl.invoke(DelegatingMethodAccessorImpl.java:43) ~[?:?]
	at java.lang.reflect.Method.invoke(Method.java:569) ~[?:?]
	at net.minecraftforge.fml.loading.targets.CommonLaunchHandler.runTarget(CommonLaunchHandler.java:111) ~[fmlloader-1.20.1-47.2.0.jar:?]
	at net.minecraftforge.fml.loading.targets.CommonLaunchHandler.clientService(CommonLaunchHandler.java:99) ~[fmlloader-1.20.1-47.2.0.jar:?]
	at net.minecraftforge.fml.loading.targets.ForgeClientUserdevLaunchHandler.devService(ForgeClientUserdevLaunchHandler.java:19) ~[fmlloader-1.20.1-47.2.0.jar:?]
	at net.minecraftforge.fml.loading.targets.CommonDevLaunchHandler.lambda$makeService$7(CommonDevLaunchHandler.java:135) ~[fmlloader-1.20.1-47.2.0.jar:?]
	at cpw.mods.modlauncher.LaunchServiceHandlerDecorator.launch(LaunchServiceHandlerDecorator.java:30) ~[modlauncher-10.0.9.jar:?]
	at cpw.mods.modlauncher.LaunchServiceHandler.launch(LaunchServiceHandler.java:53) ~[modlauncher-10.0.9.jar:?]
	at cpw.mods.modlauncher.LaunchServiceHandler.launch(LaunchServiceHandler.java:71) ~[modlauncher-10.0.9.jar:?]
	at cpw.mods.modlauncher.Launcher.run(Launcher.java:108) ~[modlauncher-10.0.9.jar:?]
	at cpw.mods.modlauncher.Launcher.main(Launcher.java:78) ~[modlauncher-10.0.9.jar:?]
	at cpw.mods.modlauncher.BootstrapLaunchConsumer.accept(BootstrapLaunchConsumer.java:26) ~[modlauncher-10.0.9.jar:?]
	at cpw.mods.modlauncher.BootstrapLaunchConsumer.accept(BootstrapLaunchConsumer.java:23) ~[modlauncher-10.0.9.jar:?]
	at cpw.mods.bootstraplauncher.BootstrapLauncher.main(BootstrapLauncher.java:141) ~[bootstraplauncher-1.1.2.jar:?]
[17Jun2025 23:52:26.089] [Render thread/ERROR] [net.minecraft.world.item.crafting.RecipeManager/]: Parsing error loading recipe simplemissiles:omegabombrecipe
com.google.gson.JsonSyntaxException: Unknown item 'simplemissiles:navigation_system'
	at net.minecraft.world.item.crafting.ShapedRecipe.lambda$itemFromJson$2(ShapedRecipe.java:292) ~[forge-1.20.1-47.2.0_mapped_parchment_2023.09.03-1.20.1.jar:?]
	at java.util.Optional.orElseThrow(Optional.java:403) ~[?:?]
	at net.minecraft.world.item.crafting.ShapedRecipe.itemFromJson(ShapedRecipe.java:291) ~[forge-1.20.1-47.2.0_mapped_parchment_2023.09.03-1.20.1.jar:?]
	at net.minecraft.world.item.crafting.Ingredient.valueFromJson(Ingredient.java:219) ~[forge-1.20.1-47.2.0_mapped_parchment_2023.09.03-1.20.1.jar:?]
	at net.minecraftforge.common.crafting.VanillaIngredientSerializer.parse(VanillaIngredientSerializer.java:27) ~[forge-1.20.1-47.2.0_mapped_parchment_2023.09.03-1.20.1.jar:?]
	at net.minecraftforge.common.crafting.CraftingHelper.getIngredient(CraftingHelper.java:148) ~[forge-1.20.1-47.2.0_mapped_parchment_2023.09.03-1.20.1.jar:?]
	at net.minecraft.world.item.crafting.Ingredient.fromJson(Ingredient.java:194) ~[forge-1.20.1-47.2.0_mapped_parchment_2023.09.03-1.20.1.jar:?]
	at net.minecraft.world.item.crafting.ShapedRecipe.keyFromJson(ShapedRecipe.java:278) ~[forge-1.20.1-47.2.0_mapped_parchment_2023.09.03-1.20.1.jar:?]
	at net.minecraft.world.item.crafting.ShapedRecipe$Serializer.fromJson(ShapedRecipe.java:306) ~[forge-1.20.1-47.2.0_mapped_parchment_2023.09.03-1.20.1.jar:?]
	at net.minecraft.world.item.crafting.ShapedRecipe$Serializer.fromJson(ShapedRecipe.java:301) ~[forge-1.20.1-47.2.0_mapped_parchment_2023.09.03-1.20.1.jar:?]
	at net.minecraftforge.common.extensions.IForgeRecipeSerializer.fromJson(IForgeRecipeSerializer.java:23) ~[forge-1.20.1-47.2.0_mapped_parchment_2023.09.03-1.20.1.jar:?]
	at net.minecraft.world.item.crafting.RecipeManager.fromJson(RecipeManager.java:171) ~[forge-1.20.1-47.2.0_mapped_parchment_2023.09.03-1.20.1.jar:?]
	at net.minecraft.world.item.crafting.RecipeManager.apply(RecipeManager.java:67) ~[forge-1.20.1-47.2.0_mapped_parchment_2023.09.03-1.20.1.jar:?]
	at net.minecraft.world.item.crafting.RecipeManager.apply(RecipeManager.java:34) ~[forge-1.20.1-47.2.0_mapped_parchment_2023.09.03-1.20.1.jar:?]
	at net.minecraft.server.packs.resources.SimplePreparableReloadListener.lambda$reload$1(SimplePreparableReloadListener.java:13) ~[forge-1.20.1-47.2.0_mapped_parchment_2023.09.03-1.20.1.jar:?]
	at java.util.concurrent.CompletableFuture$UniAccept.tryFire(CompletableFuture.java:718) ~[?:?]
	at java.util.concurrent.CompletableFuture$Completion.run(CompletableFuture.java:482) ~[?:?]
	at net.minecraft.server.packs.resources.SimpleReloadInstance.lambda$new$3(SimpleReloadInstance.java:69) ~[forge-1.20.1-47.2.0_mapped_parchment_2023.09.03-1.20.1.jar:?]
	at net.minecraft.util.thread.BlockableEventLoop.doRunTask(BlockableEventLoop.java:156) ~[forge-1.20.1-47.2.0_mapped_parchment_2023.09.03-1.20.1.jar:?]
	at net.minecraft.util.thread.ReentrantBlockableEventLoop.doRunTask(ReentrantBlockableEventLoop.java:23) ~[forge-1.20.1-47.2.0_mapped_parchment_2023.09.03-1.20.1.jar:?]
	at net.minecraft.util.thread.BlockableEventLoop.pollTask(BlockableEventLoop.java:130) ~[forge-1.20.1-47.2.0_mapped_parchment_2023.09.03-1.20.1.jar:?]
	at net.minecraft.util.thread.BlockableEventLoop.managedBlock(BlockableEventLoop.java:139) ~[forge-1.20.1-47.2.0_mapped_parchment_2023.09.03-1.20.1.jar:?]
	at net.minecraft.client.gui.screens.worldselection.WorldOpenFlows.loadWorldDataBlocking(WorldOpenFlows.java:163) ~[forge-1.20.1-47.2.0_mapped_parchment_2023.09.03-1.20.1.jar:?]
	at net.minecraft.client.gui.screens.worldselection.WorldOpenFlows.loadWorldStem(WorldOpenFlows.java:113) ~[forge-1.20.1-47.2.0_mapped_parchment_2023.09.03-1.20.1.jar:?]
	at net.minecraft.client.gui.screens.worldselection.WorldOpenFlows.doLoadLevel(WorldOpenFlows.java:181) ~[forge-1.20.1-47.2.0_mapped_parchment_2023.09.03-1.20.1.jar:?]
	at net.minecraft.client.gui.screens.worldselection.WorldOpenFlows.doLoadLevel(WorldOpenFlows.java:169) ~[forge-1.20.1-47.2.0_mapped_parchment_2023.09.03-1.20.1.jar:?]
	at net.minecraft.client.gui.screens.worldselection.WorldOpenFlows.loadLevel(WorldOpenFlows.java:65) ~[forge-1.20.1-47.2.0_mapped_parchment_2023.09.03-1.20.1.jar:?]
	at net.minecraft.client.gui.screens.worldselection.WorldSelectionList$WorldListEntry.loadWorld(WorldSelectionList.java:575) ~[forge-1.20.1-47.2.0_mapped_parchment_2023.09.03-1.20.1.jar:?]
	at net.minecraft.client.gui.screens.worldselection.WorldSelectionList$WorldListEntry.joinWorld(WorldSelectionList.java:474) ~[forge-1.20.1-47.2.0_mapped_parchment_2023.09.03-1.20.1.jar:?]
	at net.minecraft.client.gui.screens.worldselection.WorldSelectionList$WorldListEntry.mouseClicked(WorldSelectionList.java:416) ~[forge-1.20.1-47.2.0_mapped_parchment_2023.09.03-1.20.1.jar:?]
	at net.minecraft.client.gui.components.AbstractSelectionList.mouseClicked(AbstractSelectionList.java:298) ~[forge-1.20.1-47.2.0_mapped_parchment_2023.09.03-1.20.1.jar:?]
	at net.minecraft.client.gui.components.events.ContainerEventHandler.mouseClicked(ContainerEventHandler.java:38) ~[forge-1.20.1-47.2.0_mapped_parchment_2023.09.03-1.20.1.jar:?]
	at net.minecraft.client.MouseHandler.lambda$onPress$0(MouseHandler.java:92) ~[forge-1.20.1-47.2.0_mapped_parchment_2023.09.03-1.20.1.jar:?]
	at net.minecraft.client.gui.screens.Screen.wrapScreenError(Screen.java:437) ~[forge-1.20.1-47.2.0_mapped_parchment_2023.09.03-1.20.1.jar:?]
	at net.minecraft.client.MouseHandler.onPress(MouseHandler.java:89) ~[forge-1.20.1-47.2.0_mapped_parchment_2023.09.03-1.20.1.jar:?]
	at net.minecraft.client.MouseHandler.lambda$setup$4(MouseHandler.java:189) ~[forge-1.20.1-47.2.0_mapped_parchment_2023.09.03-1.20.1.jar:?]
	at net.minecraft.util.thread.BlockableEventLoop.execute(BlockableEventLoop.java:102) ~[forge-1.20.1-47.2.0_mapped_parchment_2023.09.03-1.20.1.jar:?]
	at net.minecraft.client.MouseHandler.lambda$setup$5(MouseHandler.java:188) ~[forge-1.20.1-47.2.0_mapped_parchment_2023.09.03-1.20.1.jar:?]
	at org.lwjgl.glfw.GLFWMouseButtonCallbackI.callback(GLFWMouseButtonCallbackI.java:43) ~[lwjgl-glfw-3.3.1.jar:build 7]
	at org.lwjgl.system.JNI.invokeV(Native Method) ~[lwjgl-3.3.1.jar:build 7]
	at org.lwjgl.glfw.GLFW.glfwWaitEventsTimeout(GLFW.java:3474) ~[lwjgl-glfw-3.3.1.jar:build 7]
	at com.mojang.blaze3d.systems.RenderSystem.limitDisplayFPS(RenderSystem.java:237) ~[forge-1.20.1-47.2.0_mapped_parchment_2023.09.03-1.20.1.jar:?]
	at net.minecraft.client.Minecraft.runTick(Minecraft.java:1173) ~[forge-1.20.1-47.2.0_mapped_parchment_2023.09.03-1.20.1.jar:?]
	at net.minecraft.client.Minecraft.run(Minecraft.java:718) ~[forge-1.20.1-47.2.0_mapped_parchment_2023.09.03-1.20.1.jar:?]
	at net.minecraft.client.main.Main.main(Main.java:218) ~[forge-1.20.1-47.2.0_mapped_parchment_2023.09.03-1.20.1.jar:?]
	at jdk.internal.reflect.NativeMethodAccessorImpl.invoke0(Native Method) ~[?:?]
	at jdk.internal.reflect.NativeMethodAccessorImpl.invoke(NativeMethodAccessorImpl.java:77) ~[?:?]
	at jdk.internal.reflect.DelegatingMethodAccessorImpl.invoke(DelegatingMethodAccessorImpl.java:43) ~[?:?]
	at java.lang.reflect.Method.invoke(Method.java:569) ~[?:?]
	at net.minecraftforge.fml.loading.targets.CommonLaunchHandler.runTarget(CommonLaunchHandler.java:111) ~[fmlloader-1.20.1-47.2.0.jar:?]
	at net.minecraftforge.fml.loading.targets.CommonLaunchHandler.clientService(CommonLaunchHandler.java:99) ~[fmlloader-1.20.1-47.2.0.jar:?]
	at net.minecraftforge.fml.loading.targets.ForgeClientUserdevLaunchHandler.devService(ForgeClientUserdevLaunchHandler.java:19) ~[fmlloader-1.20.1-47.2.0.jar:?]
	at net.minecraftforge.fml.loading.targets.CommonDevLaunchHandler.lambda$makeService$7(CommonDevLaunchHandler.java:135) ~[fmlloader-1.20.1-47.2.0.jar:?]
	at cpw.mods.modlauncher.LaunchServiceHandlerDecorator.launch(LaunchServiceHandlerDecorator.java:30) ~[modlauncher-10.0.9.jar:?]
	at cpw.mods.modlauncher.LaunchServiceHandler.launch(LaunchServiceHandler.java:53) ~[modlauncher-10.0.9.jar:?]
	at cpw.mods.modlauncher.LaunchServiceHandler.launch(LaunchServiceHandler.java:71) ~[modlauncher-10.0.9.jar:?]
	at cpw.mods.modlauncher.Launcher.run(Launcher.java:108) ~[modlauncher-10.0.9.jar:?]
	at cpw.mods.modlauncher.Launcher.main(Launcher.java:78) ~[modlauncher-10.0.9.jar:?]
	at cpw.mods.modlauncher.BootstrapLaunchConsumer.accept(BootstrapLaunchConsumer.java:26) ~[modlauncher-10.0.9.jar:?]
	at cpw.mods.modlauncher.BootstrapLaunchConsumer.accept(BootstrapLaunchConsumer.java:23) ~[modlauncher-10.0.9.jar:?]
	at cpw.mods.bootstraplauncher.BootstrapLauncher.main(BootstrapLauncher.java:141) ~[bootstraplauncher-1.1.2.jar:?]
[17Jun2025 23:52:26.092] [Render thread/ERROR] [net.minecraft.world.item.crafting.RecipeManager/]: Parsing error loading recipe simplemissiles:clusterbombrecipe
com.google.gson.JsonSyntaxException: Unknown item 'simplemissiles:navigation_system'
	at net.minecraft.world.item.crafting.ShapedRecipe.lambda$itemFromJson$2(ShapedRecipe.java:292) ~[forge-1.20.1-47.2.0_mapped_parchment_2023.09.03-1.20.1.jar:?]
	at java.util.Optional.orElseThrow(Optional.java:403) ~[?:?]
	at net.minecraft.world.item.crafting.ShapedRecipe.itemFromJson(ShapedRecipe.java:291) ~[forge-1.20.1-47.2.0_mapped_parchment_2023.09.03-1.20.1.jar:?]
	at net.minecraft.world.item.crafting.Ingredient.valueFromJson(Ingredient.java:219) ~[forge-1.20.1-47.2.0_mapped_parchment_2023.09.03-1.20.1.jar:?]
	at net.minecraftforge.common.crafting.VanillaIngredientSerializer.parse(VanillaIngredientSerializer.java:27) ~[forge-1.20.1-47.2.0_mapped_parchment_2023.09.03-1.20.1.jar:?]
	at net.minecraftforge.common.crafting.CraftingHelper.getIngredient(CraftingHelper.java:148) ~[forge-1.20.1-47.2.0_mapped_parchment_2023.09.03-1.20.1.jar:?]
	at net.minecraft.world.item.crafting.Ingredient.fromJson(Ingredient.java:194) ~[forge-1.20.1-47.2.0_mapped_parchment_2023.09.03-1.20.1.jar:?]
	at net.minecraft.world.item.crafting.ShapedRecipe.keyFromJson(ShapedRecipe.java:278) ~[forge-1.20.1-47.2.0_mapped_parchment_2023.09.03-1.20.1.jar:?]
	at net.minecraft.world.item.crafting.ShapedRecipe$Serializer.fromJson(ShapedRecipe.java:306) ~[forge-1.20.1-47.2.0_mapped_parchment_2023.09.03-1.20.1.jar:?]
	at net.minecraft.world.item.crafting.ShapedRecipe$Serializer.fromJson(ShapedRecipe.java:301) ~[forge-1.20.1-47.2.0_mapped_parchment_2023.09.03-1.20.1.jar:?]
	at net.minecraftforge.common.extensions.IForgeRecipeSerializer.fromJson(IForgeRecipeSerializer.java:23) ~[forge-1.20.1-47.2.0_mapped_parchment_2023.09.03-1.20.1.jar:?]
	at net.minecraft.world.item.crafting.RecipeManager.fromJson(RecipeManager.java:171) ~[forge-1.20.1-47.2.0_mapped_parchment_2023.09.03-1.20.1.jar:?]
	at net.minecraft.world.item.crafting.RecipeManager.apply(RecipeManager.java:67) ~[forge-1.20.1-47.2.0_mapped_parchment_2023.09.03-1.20.1.jar:?]
	at net.minecraft.world.item.crafting.RecipeManager.apply(RecipeManager.java:34) ~[forge-1.20.1-47.2.0_mapped_parchment_2023.09.03-1.20.1.jar:?]
	at net.minecraft.server.packs.resources.SimplePreparableReloadListener.lambda$reload$1(SimplePreparableReloadListener.java:13) ~[forge-1.20.1-47.2.0_mapped_parchment_2023.09.03-1.20.1.jar:?]
	at java.util.concurrent.CompletableFuture$UniAccept.tryFire(CompletableFuture.java:718) ~[?:?]
	at java.util.concurrent.CompletableFuture$Completion.run(CompletableFuture.java:482) ~[?:?]
	at net.minecraft.server.packs.resources.SimpleReloadInstance.lambda$new$3(SimpleReloadInstance.java:69) ~[forge-1.20.1-47.2.0_mapped_parchment_2023.09.03-1.20.1.jar:?]
	at net.minecraft.util.thread.BlockableEventLoop.doRunTask(BlockableEventLoop.java:156) ~[forge-1.20.1-47.2.0_mapped_parchment_2023.09.03-1.20.1.jar:?]
	at net.minecraft.util.thread.ReentrantBlockableEventLoop.doRunTask(ReentrantBlockableEventLoop.java:23) ~[forge-1.20.1-47.2.0_mapped_parchment_2023.09.03-1.20.1.jar:?]
	at net.minecraft.util.thread.BlockableEventLoop.pollTask(BlockableEventLoop.java:130) ~[forge-1.20.1-47.2.0_mapped_parchment_2023.09.03-1.20.1.jar:?]
	at net.minecraft.util.thread.BlockableEventLoop.managedBlock(BlockableEventLoop.java:139) ~[forge-1.20.1-47.2.0_mapped_parchment_2023.09.03-1.20.1.jar:?]
	at net.minecraft.client.gui.screens.worldselection.WorldOpenFlows.loadWorldDataBlocking(WorldOpenFlows.java:163) ~[forge-1.20.1-47.2.0_mapped_parchment_2023.09.03-1.20.1.jar:?]
	at net.minecraft.client.gui.screens.worldselection.WorldOpenFlows.loadWorldStem(WorldOpenFlows.java:113) ~[forge-1.20.1-47.2.0_mapped_parchment_2023.09.03-1.20.1.jar:?]
	at net.minecraft.client.gui.screens.worldselection.WorldOpenFlows.doLoadLevel(WorldOpenFlows.java:181) ~[forge-1.20.1-47.2.0_mapped_parchment_2023.09.03-1.20.1.jar:?]
	at net.minecraft.client.gui.screens.worldselection.WorldOpenFlows.doLoadLevel(WorldOpenFlows.java:169) ~[forge-1.20.1-47.2.0_mapped_parchment_2023.09.03-1.20.1.jar:?]
	at net.minecraft.client.gui.screens.worldselection.WorldOpenFlows.loadLevel(WorldOpenFlows.java:65) ~[forge-1.20.1-47.2.0_mapped_parchment_2023.09.03-1.20.1.jar:?]
	at net.minecraft.client.gui.screens.worldselection.WorldSelectionList$WorldListEntry.loadWorld(WorldSelectionList.java:575) ~[forge-1.20.1-47.2.0_mapped_parchment_2023.09.03-1.20.1.jar:?]
	at net.minecraft.client.gui.screens.worldselection.WorldSelectionList$WorldListEntry.joinWorld(WorldSelectionList.java:474) ~[forge-1.20.1-47.2.0_mapped_parchment_2023.09.03-1.20.1.jar:?]
	at net.minecraft.client.gui.screens.worldselection.WorldSelectionList$WorldListEntry.mouseClicked(WorldSelectionList.java:416) ~[forge-1.20.1-47.2.0_mapped_parchment_2023.09.03-1.20.1.jar:?]
	at net.minecraft.client.gui.components.AbstractSelectionList.mouseClicked(AbstractSelectionList.java:298) ~[forge-1.20.1-47.2.0_mapped_parchment_2023.09.03-1.20.1.jar:?]
	at net.minecraft.client.gui.components.events.ContainerEventHandler.mouseClicked(ContainerEventHandler.java:38) ~[forge-1.20.1-47.2.0_mapped_parchment_2023.09.03-1.20.1.jar:?]
	at net.minecraft.client.MouseHandler.lambda$onPress$0(MouseHandler.java:92) ~[forge-1.20.1-47.2.0_mapped_parchment_2023.09.03-1.20.1.jar:?]
	at net.minecraft.client.gui.screens.Screen.wrapScreenError(Screen.java:437) ~[forge-1.20.1-47.2.0_mapped_parchment_2023.09.03-1.20.1.jar:?]
	at net.minecraft.client.MouseHandler.onPress(MouseHandler.java:89) ~[forge-1.20.1-47.2.0_mapped_parchment_2023.09.03-1.20.1.jar:?]
	at net.minecraft.client.MouseHandler.lambda$setup$4(MouseHandler.java:189) ~[forge-1.20.1-47.2.0_mapped_parchment_2023.09.03-1.20.1.jar:?]
	at net.minecraft.util.thread.BlockableEventLoop.execute(BlockableEventLoop.java:102) ~[forge-1.20.1-47.2.0_mapped_parchment_2023.09.03-1.20.1.jar:?]
	at net.minecraft.client.MouseHandler.lambda$setup$5(MouseHandler.java:188) ~[forge-1.20.1-47.2.0_mapped_parchment_2023.09.03-1.20.1.jar:?]
	at org.lwjgl.glfw.GLFWMouseButtonCallbackI.callback(GLFWMouseButtonCallbackI.java:43) ~[lwjgl-glfw-3.3.1.jar:build 7]
	at org.lwjgl.system.JNI.invokeV(Native Method) ~[lwjgl-3.3.1.jar:build 7]
	at org.lwjgl.glfw.GLFW.glfwWaitEventsTimeout(GLFW.java:3474) ~[lwjgl-glfw-3.3.1.jar:build 7]
	at com.mojang.blaze3d.systems.RenderSystem.limitDisplayFPS(RenderSystem.java:237) ~[forge-1.20.1-47.2.0_mapped_parchment_2023.09.03-1.20.1.jar:?]
	at net.minecraft.client.Minecraft.runTick(Minecraft.java:1173) ~[forge-1.20.1-47.2.0_mapped_parchment_2023.09.03-1.20.1.jar:?]
	at net.minecraft.client.Minecraft.run(Minecraft.java:718) ~[forge-1.20.1-47.2.0_mapped_parchment_2023.09.03-1.20.1.jar:?]
	at net.minecraft.client.main.Main.main(Main.java:218) ~[forge-1.20.1-47.2.0_mapped_parchment_2023.09.03-1.20.1.jar:?]
	at jdk.internal.reflect.NativeMethodAccessorImpl.invoke0(Native Method) ~[?:?]
	at jdk.internal.reflect.NativeMethodAccessorImpl.invoke(NativeMethodAccessorImpl.java:77) ~[?:?]
	at jdk.internal.reflect.DelegatingMethodAccessorImpl.invoke(DelegatingMethodAccessorImpl.java:43) ~[?:?]
	at java.lang.reflect.Method.invoke(Method.java:569) ~[?:?]
	at net.minecraftforge.fml.loading.targets.CommonLaunchHandler.runTarget(CommonLaunchHandler.java:111) ~[fmlloader-1.20.1-47.2.0.jar:?]
	at net.minecraftforge.fml.loading.targets.CommonLaunchHandler.clientService(CommonLaunchHandler.java:99) ~[fmlloader-1.20.1-47.2.0.jar:?]
	at net.minecraftforge.fml.loading.targets.ForgeClientUserdevLaunchHandler.devService(ForgeClientUserdevLaunchHandler.java:19) ~[fmlloader-1.20.1-47.2.0.jar:?]
	at net.minecraftforge.fml.loading.targets.CommonDevLaunchHandler.lambda$makeService$7(CommonDevLaunchHandler.java:135) ~[fmlloader-1.20.1-47.2.0.jar:?]
	at cpw.mods.modlauncher.LaunchServiceHandlerDecorator.launch(LaunchServiceHandlerDecorator.java:30) ~[modlauncher-10.0.9.jar:?]
	at cpw.mods.modlauncher.LaunchServiceHandler.launch(LaunchServiceHandler.java:53) ~[modlauncher-10.0.9.jar:?]
	at cpw.mods.modlauncher.LaunchServiceHandler.launch(LaunchServiceHandler.java:71) ~[modlauncher-10.0.9.jar:?]
	at cpw.mods.modlauncher.Launcher.run(Launcher.java:108) ~[modlauncher-10.0.9.jar:?]
	at cpw.mods.modlauncher.Launcher.main(Launcher.java:78) ~[modlauncher-10.0.9.jar:?]
	at cpw.mods.modlauncher.BootstrapLaunchConsumer.accept(BootstrapLaunchConsumer.java:26) ~[modlauncher-10.0.9.jar:?]
	at cpw.mods.modlauncher.BootstrapLaunchConsumer.accept(BootstrapLaunchConsumer.java:23) ~[modlauncher-10.0.9.jar:?]
	at cpw.mods.bootstraplauncher.BootstrapLauncher.main(BootstrapLauncher.java:141) ~[bootstraplauncher-1.1.2.jar:?]
[17Jun2025 23:52:26.092] [Render thread/ERROR] [net.minecraft.world.item.crafting.RecipeManager/]: Parsing error loading recipe simplemissiles:locator_fixing
com.google.gson.JsonSyntaxException: Unknown item 'simplemissiles:navigation_system'
	at net.minecraft.world.item.crafting.ShapedRecipe.lambda$itemFromJson$2(ShapedRecipe.java:292) ~[forge-1.20.1-47.2.0_mapped_parchment_2023.09.03-1.20.1.jar:?]
	at java.util.Optional.orElseThrow(Optional.java:403) ~[?:?]
	at net.minecraft.world.item.crafting.ShapedRecipe.itemFromJson(ShapedRecipe.java:291) ~[forge-1.20.1-47.2.0_mapped_parchment_2023.09.03-1.20.1.jar:?]
	at net.minecraft.world.item.crafting.Ingredient.valueFromJson(Ingredient.java:219) ~[forge-1.20.1-47.2.0_mapped_parchment_2023.09.03-1.20.1.jar:?]
	at net.minecraftforge.common.crafting.VanillaIngredientSerializer.parse(VanillaIngredientSerializer.java:27) ~[forge-1.20.1-47.2.0_mapped_parchment_2023.09.03-1.20.1.jar:?]
	at net.minecraftforge.common.crafting.CraftingHelper.getIngredient(CraftingHelper.java:148) ~[forge-1.20.1-47.2.0_mapped_parchment_2023.09.03-1.20.1.jar:?]
	at net.minecraft.world.item.crafting.Ingredient.fromJson(Ingredient.java:194) ~[forge-1.20.1-47.2.0_mapped_parchment_2023.09.03-1.20.1.jar:?]
	at net.minecraft.world.item.crafting.ShapelessRecipe$Serializer.itemsFromJson(ShapelessRecipe.java:104) ~[forge-1.20.1-47.2.0_mapped_parchment_2023.09.03-1.20.1.jar:?]
	at net.minecraft.world.item.crafting.ShapelessRecipe$Serializer.fromJson(ShapelessRecipe.java:89) ~[forge-1.20.1-47.2.0_mapped_parchment_2023.09.03-1.20.1.jar:?]
	at net.minecraft.world.item.crafting.ShapelessRecipe$Serializer.fromJson(ShapelessRecipe.java:84) ~[forge-1.20.1-47.2.0_mapped_parchment_2023.09.03-1.20.1.jar:?]
	at net.minecraftforge.common.extensions.IForgeRecipeSerializer.fromJson(IForgeRecipeSerializer.java:23) ~[forge-1.20.1-47.2.0_mapped_parchment_2023.09.03-1.20.1.jar:?]
	at net.minecraft.world.item.crafting.RecipeManager.fromJson(RecipeManager.java:171) ~[forge-1.20.1-47.2.0_mapped_parchment_2023.09.03-1.20.1.jar:?]
	at net.minecraft.world.item.crafting.RecipeManager.apply(RecipeManager.java:67) ~[forge-1.20.1-47.2.0_mapped_parchment_2023.09.03-1.20.1.jar:?]
	at net.minecraft.world.item.crafting.RecipeManager.apply(RecipeManager.java:34) ~[forge-1.20.1-47.2.0_mapped_parchment_2023.09.03-1.20.1.jar:?]
	at net.minecraft.server.packs.resources.SimplePreparableReloadListener.lambda$reload$1(SimplePreparableReloadListener.java:13) ~[forge-1.20.1-47.2.0_mapped_parchment_2023.09.03-1.20.1.jar:?]
	at java.util.concurrent.CompletableFuture$UniAccept.tryFire(CompletableFuture.java:718) ~[?:?]
	at java.util.concurrent.CompletableFuture$Completion.run(CompletableFuture.java:482) ~[?:?]
	at net.minecraft.server.packs.resources.SimpleReloadInstance.lambda$new$3(SimpleReloadInstance.java:69) ~[forge-1.20.1-47.2.0_mapped_parchment_2023.09.03-1.20.1.jar:?]
	at net.minecraft.util.thread.BlockableEventLoop.doRunTask(BlockableEventLoop.java:156) ~[forge-1.20.1-47.2.0_mapped_parchment_2023.09.03-1.20.1.jar:?]
	at net.minecraft.util.thread.ReentrantBlockableEventLoop.doRunTask(ReentrantBlockableEventLoop.java:23) ~[forge-1.20.1-47.2.0_mapped_parchment_2023.09.03-1.20.1.jar:?]
	at net.minecraft.util.thread.BlockableEventLoop.pollTask(BlockableEventLoop.java:130) ~[forge-1.20.1-47.2.0_mapped_parchment_2023.09.03-1.20.1.jar:?]
	at net.minecraft.util.thread.BlockableEventLoop.managedBlock(BlockableEventLoop.java:139) ~[forge-1.20.1-47.2.0_mapped_parchment_2023.09.03-1.20.1.jar:?]
	at net.minecraft.client.gui.screens.worldselection.WorldOpenFlows.loadWorldDataBlocking(WorldOpenFlows.java:163) ~[forge-1.20.1-47.2.0_mapped_parchment_2023.09.03-1.20.1.jar:?]
	at net.minecraft.client.gui.screens.worldselection.WorldOpenFlows.loadWorldStem(WorldOpenFlows.java:113) ~[forge-1.20.1-47.2.0_mapped_parchment_2023.09.03-1.20.1.jar:?]
	at net.minecraft.client.gui.screens.worldselection.WorldOpenFlows.doLoadLevel(WorldOpenFlows.java:181) ~[forge-1.20.1-47.2.0_mapped_parchment_2023.09.03-1.20.1.jar:?]
	at net.minecraft.client.gui.screens.worldselection.WorldOpenFlows.doLoadLevel(WorldOpenFlows.java:169) ~[forge-1.20.1-47.2.0_mapped_parchment_2023.09.03-1.20.1.jar:?]
	at net.minecraft.client.gui.screens.worldselection.WorldOpenFlows.loadLevel(WorldOpenFlows.java:65) ~[forge-1.20.1-47.2.0_mapped_parchment_2023.09.03-1.20.1.jar:?]
	at net.minecraft.client.gui.screens.worldselection.WorldSelectionList$WorldListEntry.loadWorld(WorldSelectionList.java:575) ~[forge-1.20.1-47.2.0_mapped_parchment_2023.09.03-1.20.1.jar:?]
	at net.minecraft.client.gui.screens.worldselection.WorldSelectionList$WorldListEntry.joinWorld(WorldSelectionList.java:474) ~[forge-1.20.1-47.2.0_mapped_parchment_2023.09.03-1.20.1.jar:?]
	at net.minecraft.client.gui.screens.worldselection.WorldSelectionList$WorldListEntry.mouseClicked(WorldSelectionList.java:416) ~[forge-1.20.1-47.2.0_mapped_parchment_2023.09.03-1.20.1.jar:?]
	at net.minecraft.client.gui.components.AbstractSelectionList.mouseClicked(AbstractSelectionList.java:298) ~[forge-1.20.1-47.2.0_mapped_parchment_2023.09.03-1.20.1.jar:?]
	at net.minecraft.client.gui.components.events.ContainerEventHandler.mouseClicked(ContainerEventHandler.java:38) ~[forge-1.20.1-47.2.0_mapped_parchment_2023.09.03-1.20.1.jar:?]
	at net.minecraft.client.MouseHandler.lambda$onPress$0(MouseHandler.java:92) ~[forge-1.20.1-47.2.0_mapped_parchment_2023.09.03-1.20.1.jar:?]
	at net.minecraft.client.gui.screens.Screen.wrapScreenError(Screen.java:437) ~[forge-1.20.1-47.2.0_mapped_parchment_2023.09.03-1.20.1.jar:?]
	at net.minecraft.client.MouseHandler.onPress(MouseHandler.java:89) ~[forge-1.20.1-47.2.0_mapped_parchment_2023.09.03-1.20.1.jar:?]
	at net.minecraft.client.MouseHandler.lambda$setup$4(MouseHandler.java:189) ~[forge-1.20.1-47.2.0_mapped_parchment_2023.09.03-1.20.1.jar:?]
	at net.minecraft.util.thread.BlockableEventLoop.execute(BlockableEventLoop.java:102) ~[forge-1.20.1-47.2.0_mapped_parchment_2023.09.03-1.20.1.jar:?]
	at net.minecraft.client.MouseHandler.lambda$setup$5(MouseHandler.java:188) ~[forge-1.20.1-47.2.0_mapped_parchment_2023.09.03-1.20.1.jar:?]
	at org.lwjgl.glfw.GLFWMouseButtonCallbackI.callback(GLFWMouseButtonCallbackI.java:43) ~[lwjgl-glfw-3.3.1.jar:build 7]
	at org.lwjgl.system.JNI.invokeV(Native Method) ~[lwjgl-3.3.1.jar:build 7]
	at org.lwjgl.glfw.GLFW.glfwWaitEventsTimeout(GLFW.java:3474) ~[lwjgl-glfw-3.3.1.jar:build 7]
	at com.mojang.blaze3d.systems.RenderSystem.limitDisplayFPS(RenderSystem.java:237) ~[forge-1.20.1-47.2.0_mapped_parchment_2023.09.03-1.20.1.jar:?]
	at net.minecraft.client.Minecraft.runTick(Minecraft.java:1173) ~[forge-1.20.1-47.2.0_mapped_parchment_2023.09.03-1.20.1.jar:?]
	at net.minecraft.client.Minecraft.run(Minecraft.java:718) ~[forge-1.20.1-47.2.0_mapped_parchment_2023.09.03-1.20.1.jar:?]
	at net.minecraft.client.main.Main.main(Main.java:218) ~[forge-1.20.1-47.2.0_mapped_parchment_2023.09.03-1.20.1.jar:?]
	at jdk.internal.reflect.NativeMethodAccessorImpl.invoke0(Native Method) ~[?:?]
	at jdk.internal.reflect.NativeMethodAccessorImpl.invoke(NativeMethodAccessorImpl.java:77) ~[?:?]
	at jdk.internal.reflect.DelegatingMethodAccessorImpl.invoke(DelegatingMethodAccessorImpl.java:43) ~[?:?]
	at java.lang.reflect.Method.invoke(Method.java:569) ~[?:?]
	at net.minecraftforge.fml.loading.targets.CommonLaunchHandler.runTarget(CommonLaunchHandler.java:111) ~[fmlloader-1.20.1-47.2.0.jar:?]
	at net.minecraftforge.fml.loading.targets.CommonLaunchHandler.clientService(CommonLaunchHandler.java:99) ~[fmlloader-1.20.1-47.2.0.jar:?]
	at net.minecraftforge.fml.loading.targets.ForgeClientUserdevLaunchHandler.devService(ForgeClientUserdevLaunchHandler.java:19) ~[fmlloader-1.20.1-47.2.0.jar:?]
	at net.minecraftforge.fml.loading.targets.CommonDevLaunchHandler.lambda$makeService$7(CommonDevLaunchHandler.java:135) ~[fmlloader-1.20.1-47.2.0.jar:?]
	at cpw.mods.modlauncher.LaunchServiceHandlerDecorator.launch(LaunchServiceHandlerDecorator.java:30) ~[modlauncher-10.0.9.jar:?]
	at cpw.mods.modlauncher.LaunchServiceHandler.launch(LaunchServiceHandler.java:53) ~[modlauncher-10.0.9.jar:?]
	at cpw.mods.modlauncher.LaunchServiceHandler.launch(LaunchServiceHandler.java:71) ~[modlauncher-10.0.9.jar:?]
	at cpw.mods.modlauncher.Launcher.run(Launcher.java:108) ~[modlauncher-10.0.9.jar:?]
	at cpw.mods.modlauncher.Launcher.main(Launcher.java:78) ~[modlauncher-10.0.9.jar:?]
	at cpw.mods.modlauncher.BootstrapLaunchConsumer.accept(BootstrapLaunchConsumer.java:26) ~[modlauncher-10.0.9.jar:?]
	at cpw.mods.modlauncher.BootstrapLaunchConsumer.accept(BootstrapLaunchConsumer.java:23) ~[modlauncher-10.0.9.jar:?]
	at cpw.mods.bootstraplauncher.BootstrapLauncher.main(BootstrapLauncher.java:141) ~[bootstraplauncher-1.1.2.jar:?]
[17Jun2025 23:52:26.094] [Render thread/ERROR] [net.minecraft.world.item.crafting.RecipeManager/]: Parsing error loading recipe simplemissiles:navigation_system_craft
com.google.gson.JsonSyntaxException: Unknown item 'simplemissiles:navigation_system'
	at net.minecraftforge.common.crafting.CraftingHelper.getItem(CraftingHelper.java:160) ~[forge-1.20.1-47.2.0_mapped_parchment_2023.09.03-1.20.1.jar:?]
	at net.minecraftforge.common.crafting.CraftingHelper.getItemStack(CraftingHelper.java:186) ~[forge-1.20.1-47.2.0_mapped_parchment_2023.09.03-1.20.1.jar:?]
	at net.minecraft.world.item.crafting.ShapedRecipe.itemStackFromJson(ShapedRecipe.java:286) ~[forge-1.20.1-47.2.0_mapped_parchment_2023.09.03-1.20.1.jar:?]
	at net.minecraft.world.item.crafting.ShapedRecipe$Serializer.fromJson(ShapedRecipe.java:311) ~[forge-1.20.1-47.2.0_mapped_parchment_2023.09.03-1.20.1.jar:?]
	at net.minecraft.world.item.crafting.ShapedRecipe$Serializer.fromJson(ShapedRecipe.java:301) ~[forge-1.20.1-47.2.0_mapped_parchment_2023.09.03-1.20.1.jar:?]
	at net.minecraftforge.common.extensions.IForgeRecipeSerializer.fromJson(IForgeRecipeSerializer.java:23) ~[forge-1.20.1-47.2.0_mapped_parchment_2023.09.03-1.20.1.jar:?]
	at net.minecraft.world.item.crafting.RecipeManager.fromJson(RecipeManager.java:171) ~[forge-1.20.1-47.2.0_mapped_parchment_2023.09.03-1.20.1.jar:?]
	at net.minecraft.world.item.crafting.RecipeManager.apply(RecipeManager.java:67) ~[forge-1.20.1-47.2.0_mapped_parchment_2023.09.03-1.20.1.jar:?]
	at net.minecraft.world.item.crafting.RecipeManager.apply(RecipeManager.java:34) ~[forge-1.20.1-47.2.0_mapped_parchment_2023.09.03-1.20.1.jar:?]
	at net.minecraft.server.packs.resources.SimplePreparableReloadListener.lambda$reload$1(SimplePreparableReloadListener.java:13) ~[forge-1.20.1-47.2.0_mapped_parchment_2023.09.03-1.20.1.jar:?]
	at java.util.concurrent.CompletableFuture$UniAccept.tryFire(CompletableFuture.java:718) ~[?:?]
	at java.util.concurrent.CompletableFuture$Completion.run(CompletableFuture.java:482) ~[?:?]
	at net.minecraft.server.packs.resources.SimpleReloadInstance.lambda$new$3(SimpleReloadInstance.java:69) ~[forge-1.20.1-47.2.0_mapped_parchment_2023.09.03-1.20.1.jar:?]
	at net.minecraft.util.thread.BlockableEventLoop.doRunTask(BlockableEventLoop.java:156) ~[forge-1.20.1-47.2.0_mapped_parchment_2023.09.03-1.20.1.jar:?]
	at net.minecraft.util.thread.ReentrantBlockableEventLoop.doRunTask(ReentrantBlockableEventLoop.java:23) ~[forge-1.20.1-47.2.0_mapped_parchment_2023.09.03-1.20.1.jar:?]
	at net.minecraft.util.thread.BlockableEventLoop.pollTask(BlockableEventLoop.java:130) ~[forge-1.20.1-47.2.0_mapped_parchment_2023.09.03-1.20.1.jar:?]
	at net.minecraft.util.thread.BlockableEventLoop.managedBlock(BlockableEventLoop.java:139) ~[forge-1.20.1-47.2.0_mapped_parchment_2023.09.03-1.20.1.jar:?]
	at net.minecraft.client.gui.screens.worldselection.WorldOpenFlows.loadWorldDataBlocking(WorldOpenFlows.java:163) ~[forge-1.20.1-47.2.0_mapped_parchment_2023.09.03-1.20.1.jar:?]
	at net.minecraft.client.gui.screens.worldselection.WorldOpenFlows.loadWorldStem(WorldOpenFlows.java:113) ~[forge-1.20.1-47.2.0_mapped_parchment_2023.09.03-1.20.1.jar:?]
	at net.minecraft.client.gui.screens.worldselection.WorldOpenFlows.doLoadLevel(WorldOpenFlows.java:181) ~[forge-1.20.1-47.2.0_mapped_parchment_2023.09.03-1.20.1.jar:?]
	at net.minecraft.client.gui.screens.worldselection.WorldOpenFlows.doLoadLevel(WorldOpenFlows.java:169) ~[forge-1.20.1-47.2.0_mapped_parchment_2023.09.03-1.20.1.jar:?]
	at net.minecraft.client.gui.screens.worldselection.WorldOpenFlows.loadLevel(WorldOpenFlows.java:65) ~[forge-1.20.1-47.2.0_mapped_parchment_2023.09.03-1.20.1.jar:?]
	at net.minecraft.client.gui.screens.worldselection.WorldSelectionList$WorldListEntry.loadWorld(WorldSelectionList.java:575) ~[forge-1.20.1-47.2.0_mapped_parchment_2023.09.03-1.20.1.jar:?]
	at net.minecraft.client.gui.screens.worldselection.WorldSelectionList$WorldListEntry.joinWorld(WorldSelectionList.java:474) ~[forge-1.20.1-47.2.0_mapped_parchment_2023.09.03-1.20.1.jar:?]
	at net.minecraft.client.gui.screens.worldselection.WorldSelectionList$WorldListEntry.mouseClicked(WorldSelectionList.java:416) ~[forge-1.20.1-47.2.0_mapped_parchment_2023.09.03-1.20.1.jar:?]
	at net.minecraft.client.gui.components.AbstractSelectionList.mouseClicked(AbstractSelectionList.java:298) ~[forge-1.20.1-47.2.0_mapped_parchment_2023.09.03-1.20.1.jar:?]
	at net.minecraft.client.gui.components.events.ContainerEventHandler.mouseClicked(ContainerEventHandler.java:38) ~[forge-1.20.1-47.2.0_mapped_parchment_2023.09.03-1.20.1.jar:?]
	at net.minecraft.client.MouseHandler.lambda$onPress$0(MouseHandler.java:92) ~[forge-1.20.1-47.2.0_mapped_parchment_2023.09.03-1.20.1.jar:?]
	at net.minecraft.client.gui.screens.Screen.wrapScreenError(Screen.java:437) ~[forge-1.20.1-47.2.0_mapped_parchment_2023.09.03-1.20.1.jar:?]
	at net.minecraft.client.MouseHandler.onPress(MouseHandler.java:89) ~[forge-1.20.1-47.2.0_mapped_parchment_2023.09.03-1.20.1.jar:?]
	at net.minecraft.client.MouseHandler.lambda$setup$4(MouseHandler.java:189) ~[forge-1.20.1-47.2.0_mapped_parchment_2023.09.03-1.20.1.jar:?]
	at net.minecraft.util.thread.BlockableEventLoop.execute(BlockableEventLoop.java:102) ~[forge-1.20.1-47.2.0_mapped_parchment_2023.09.03-1.20.1.jar:?]
	at net.minecraft.client.MouseHandler.lambda$setup$5(MouseHandler.java:188) ~[forge-1.20.1-47.2.0_mapped_parchment_2023.09.03-1.20.1.jar:?]
	at org.lwjgl.glfw.GLFWMouseButtonCallbackI.callback(GLFWMouseButtonCallbackI.java:43) ~[lwjgl-glfw-3.3.1.jar:build 7]
	at org.lwjgl.system.JNI.invokeV(Native Method) ~[lwjgl-3.3.1.jar:build 7]
	at org.lwjgl.glfw.GLFW.glfwWaitEventsTimeout(GLFW.java:3474) ~[lwjgl-glfw-3.3.1.jar:build 7]
	at com.mojang.blaze3d.systems.RenderSystem.limitDisplayFPS(RenderSystem.java:237) ~[forge-1.20.1-47.2.0_mapped_parchment_2023.09.03-1.20.1.jar:?]
	at net.minecraft.client.Minecraft.runTick(Minecraft.java:1173) ~[forge-1.20.1-47.2.0_mapped_parchment_2023.09.03-1.20.1.jar:?]
	at net.minecraft.client.Minecraft.run(Minecraft.java:718) ~[forge-1.20.1-47.2.0_mapped_parchment_2023.09.03-1.20.1.jar:?]
	at net.minecraft.client.main.Main.main(Main.java:218) ~[forge-1.20.1-47.2.0_mapped_parchment_2023.09.03-1.20.1.jar:?]
	at jdk.internal.reflect.NativeMethodAccessorImpl.invoke0(Native Method) ~[?:?]
	at jdk.internal.reflect.NativeMethodAccessorImpl.invoke(NativeMethodAccessorImpl.java:77) ~[?:?]
	at jdk.internal.reflect.DelegatingMethodAccessorImpl.invoke(DelegatingMethodAccessorImpl.java:43) ~[?:?]
	at java.lang.reflect.Method.invoke(Method.java:569) ~[?:?]
	at net.minecraftforge.fml.loading.targets.CommonLaunchHandler.runTarget(CommonLaunchHandler.java:111) ~[fmlloader-1.20.1-47.2.0.jar:?]
	at net.minecraftforge.fml.loading.targets.CommonLaunchHandler.clientService(CommonLaunchHandler.java:99) ~[fmlloader-1.20.1-47.2.0.jar:?]
	at net.minecraftforge.fml.loading.targets.ForgeClientUserdevLaunchHandler.devService(ForgeClientUserdevLaunchHandler.java:19) ~[fmlloader-1.20.1-47.2.0.jar:?]
	at net.minecraftforge.fml.loading.targets.CommonDevLaunchHandler.lambda$makeService$7(CommonDevLaunchHandler.java:135) ~[fmlloader-1.20.1-47.2.0.jar:?]
	at cpw.mods.modlauncher.LaunchServiceHandlerDecorator.launch(LaunchServiceHandlerDecorator.java:30) ~[modlauncher-10.0.9.jar:?]
	at cpw.mods.modlauncher.LaunchServiceHandler.launch(LaunchServiceHandler.java:53) ~[modlauncher-10.0.9.jar:?]
	at cpw.mods.modlauncher.LaunchServiceHandler.launch(LaunchServiceHandler.java:71) ~[modlauncher-10.0.9.jar:?]
	at cpw.mods.modlauncher.Launcher.run(Launcher.java:108) ~[modlauncher-10.0.9.jar:?]
	at cpw.mods.modlauncher.Launcher.main(Launcher.java:78) ~[modlauncher-10.0.9.jar:?]
	at cpw.mods.modlauncher.BootstrapLaunchConsumer.accept(BootstrapLaunchConsumer.java:26) ~[modlauncher-10.0.9.jar:?]
	at cpw.mods.modlauncher.BootstrapLaunchConsumer.accept(BootstrapLaunchConsumer.java:23) ~[modlauncher-10.0.9.jar:?]
	at cpw.mods.bootstraplauncher.BootstrapLauncher.main(BootstrapLauncher.java:141) ~[bootstraplauncher-1.1.2.jar:?]
[17Jun2025 23:52:26.094] [Render thread/ERROR] [net.minecraft.world.item.crafting.RecipeManager/]: Parsing error loading recipe simplemissiles:binocresipe
com.google.gson.JsonSyntaxException: Unknown item 'simplemissiles:night_visionleens'
	at net.minecraft.world.item.crafting.ShapedRecipe.lambda$itemFromJson$2(ShapedRecipe.java:292) ~[forge-1.20.1-47.2.0_mapped_parchment_2023.09.03-1.20.1.jar:?]
	at java.util.Optional.orElseThrow(Optional.java:403) ~[?:?]
	at net.minecraft.world.item.crafting.ShapedRecipe.itemFromJson(ShapedRecipe.java:291) ~[forge-1.20.1-47.2.0_mapped_parchment_2023.09.03-1.20.1.jar:?]
	at net.minecraft.world.item.crafting.Ingredient.valueFromJson(Ingredient.java:219) ~[forge-1.20.1-47.2.0_mapped_parchment_2023.09.03-1.20.1.jar:?]
	at net.minecraftforge.common.crafting.VanillaIngredientSerializer.parse(VanillaIngredientSerializer.java:27) ~[forge-1.20.1-47.2.0_mapped_parchment_2023.09.03-1.20.1.jar:?]
	at net.minecraftforge.common.crafting.CraftingHelper.getIngredient(CraftingHelper.java:148) ~[forge-1.20.1-47.2.0_mapped_parchment_2023.09.03-1.20.1.jar:?]
	at net.minecraft.world.item.crafting.Ingredient.fromJson(Ingredient.java:194) ~[forge-1.20.1-47.2.0_mapped_parchment_2023.09.03-1.20.1.jar:?]
	at net.minecraft.world.item.crafting.ShapedRecipe.keyFromJson(ShapedRecipe.java:278) ~[forge-1.20.1-47.2.0_mapped_parchment_2023.09.03-1.20.1.jar:?]
	at net.minecraft.world.item.crafting.ShapedRecipe$Serializer.fromJson(ShapedRecipe.java:306) ~[forge-1.20.1-47.2.0_mapped_parchment_2023.09.03-1.20.1.jar:?]
	at net.minecraft.world.item.crafting.ShapedRecipe$Serializer.fromJson(ShapedRecipe.java:301) ~[forge-1.20.1-47.2.0_mapped_parchment_2023.09.03-1.20.1.jar:?]
	at net.minecraftforge.common.extensions.IForgeRecipeSerializer.fromJson(IForgeRecipeSerializer.java:23) ~[forge-1.20.1-47.2.0_mapped_parchment_2023.09.03-1.20.1.jar:?]
	at net.minecraft.world.item.crafting.RecipeManager.fromJson(RecipeManager.java:171) ~[forge-1.20.1-47.2.0_mapped_parchment_2023.09.03-1.20.1.jar:?]
	at net.minecraft.world.item.crafting.RecipeManager.apply(RecipeManager.java:67) ~[forge-1.20.1-47.2.0_mapped_parchment_2023.09.03-1.20.1.jar:?]
	at net.minecraft.world.item.crafting.RecipeManager.apply(RecipeManager.java:34) ~[forge-1.20.1-47.2.0_mapped_parchment_2023.09.03-1.20.1.jar:?]
	at net.minecraft.server.packs.resources.SimplePreparableReloadListener.lambda$reload$1(SimplePreparableReloadListener.java:13) ~[forge-1.20.1-47.2.0_mapped_parchment_2023.09.03-1.20.1.jar:?]
	at java.util.concurrent.CompletableFuture$UniAccept.tryFire(CompletableFuture.java:718) ~[?:?]
	at java.util.concurrent.CompletableFuture$Completion.run(CompletableFuture.java:482) ~[?:?]
	at net.minecraft.server.packs.resources.SimpleReloadInstance.lambda$new$3(SimpleReloadInstance.java:69) ~[forge-1.20.1-47.2.0_mapped_parchment_2023.09.03-1.20.1.jar:?]
	at net.minecraft.util.thread.BlockableEventLoop.doRunTask(BlockableEventLoop.java:156) ~[forge-1.20.1-47.2.0_mapped_parchment_2023.09.03-1.20.1.jar:?]
	at net.minecraft.util.thread.ReentrantBlockableEventLoop.doRunTask(ReentrantBlockableEventLoop.java:23) ~[forge-1.20.1-47.2.0_mapped_parchment_2023.09.03-1.20.1.jar:?]
	at net.minecraft.util.thread.BlockableEventLoop.pollTask(BlockableEventLoop.java:130) ~[forge-1.20.1-47.2.0_mapped_parchment_2023.09.03-1.20.1.jar:?]
	at net.minecraft.util.thread.BlockableEventLoop.managedBlock(BlockableEventLoop.java:139) ~[forge-1.20.1-47.2.0_mapped_parchment_2023.09.03-1.20.1.jar:?]
	at net.minecraft.client.gui.screens.worldselection.WorldOpenFlows.loadWorldDataBlocking(WorldOpenFlows.java:163) ~[forge-1.20.1-47.2.0_mapped_parchment_2023.09.03-1.20.1.jar:?]
	at net.minecraft.client.gui.screens.worldselection.WorldOpenFlows.loadWorldStem(WorldOpenFlows.java:113) ~[forge-1.20.1-47.2.0_mapped_parchment_2023.09.03-1.20.1.jar:?]
	at net.minecraft.client.gui.screens.worldselection.WorldOpenFlows.doLoadLevel(WorldOpenFlows.java:181) ~[forge-1.20.1-47.2.0_mapped_parchment_2023.09.03-1.20.1.jar:?]
	at net.minecraft.client.gui.screens.worldselection.WorldOpenFlows.doLoadLevel(WorldOpenFlows.java:169) ~[forge-1.20.1-47.2.0_mapped_parchment_2023.09.03-1.20.1.jar:?]
	at net.minecraft.client.gui.screens.worldselection.WorldOpenFlows.loadLevel(WorldOpenFlows.java:65) ~[forge-1.20.1-47.2.0_mapped_parchment_2023.09.03-1.20.1.jar:?]
	at net.minecraft.client.gui.screens.worldselection.WorldSelectionList$WorldListEntry.loadWorld(WorldSelectionList.java:575) ~[forge-1.20.1-47.2.0_mapped_parchment_2023.09.03-1.20.1.jar:?]
	at net.minecraft.client.gui.screens.worldselection.WorldSelectionList$WorldListEntry.joinWorld(WorldSelectionList.java:474) ~[forge-1.20.1-47.2.0_mapped_parchment_2023.09.03-1.20.1.jar:?]
	at net.minecraft.client.gui.screens.worldselection.WorldSelectionList$WorldListEntry.mouseClicked(WorldSelectionList.java:416) ~[forge-1.20.1-47.2.0_mapped_parchment_2023.09.03-1.20.1.jar:?]
	at net.minecraft.client.gui.components.AbstractSelectionList.mouseClicked(AbstractSelectionList.java:298) ~[forge-1.20.1-47.2.0_mapped_parchment_2023.09.03-1.20.1.jar:?]
	at net.minecraft.client.gui.components.events.ContainerEventHandler.mouseClicked(ContainerEventHandler.java:38) ~[forge-1.20.1-47.2.0_mapped_parchment_2023.09.03-1.20.1.jar:?]
	at net.minecraft.client.MouseHandler.lambda$onPress$0(MouseHandler.java:92) ~[forge-1.20.1-47.2.0_mapped_parchment_2023.09.03-1.20.1.jar:?]
	at net.minecraft.client.gui.screens.Screen.wrapScreenError(Screen.java:437) ~[forge-1.20.1-47.2.0_mapped_parchment_2023.09.03-1.20.1.jar:?]
	at net.minecraft.client.MouseHandler.onPress(MouseHandler.java:89) ~[forge-1.20.1-47.2.0_mapped_parchment_2023.09.03-1.20.1.jar:?]
	at net.minecraft.client.MouseHandler.lambda$setup$4(MouseHandler.java:189) ~[forge-1.20.1-47.2.0_mapped_parchment_2023.09.03-1.20.1.jar:?]
	at net.minecraft.util.thread.BlockableEventLoop.execute(BlockableEventLoop.java:102) ~[forge-1.20.1-47.2.0_mapped_parchment_2023.09.03-1.20.1.jar:?]
	at net.minecraft.client.MouseHandler.lambda$setup$5(MouseHandler.java:188) ~[forge-1.20.1-47.2.0_mapped_parchment_2023.09.03-1.20.1.jar:?]
	at org.lwjgl.glfw.GLFWMouseButtonCallbackI.callback(GLFWMouseButtonCallbackI.java:43) ~[lwjgl-glfw-3.3.1.jar:build 7]
	at org.lwjgl.system.JNI.invokeV(Native Method) ~[lwjgl-3.3.1.jar:build 7]
	at org.lwjgl.glfw.GLFW.glfwWaitEventsTimeout(GLFW.java:3474) ~[lwjgl-glfw-3.3.1.jar:build 7]
	at com.mojang.blaze3d.systems.RenderSystem.limitDisplayFPS(RenderSystem.java:237) ~[forge-1.20.1-47.2.0_mapped_parchment_2023.09.03-1.20.1.jar:?]
	at net.minecraft.client.Minecraft.runTick(Minecraft.java:1173) ~[forge-1.20.1-47.2.0_mapped_parchment_2023.09.03-1.20.1.jar:?]
	at net.minecraft.client.Minecraft.run(Minecraft.java:718) ~[forge-1.20.1-47.2.0_mapped_parchment_2023.09.03-1.20.1.jar:?]
	at net.minecraft.client.main.Main.main(Main.java:218) ~[forge-1.20.1-47.2.0_mapped_parchment_2023.09.03-1.20.1.jar:?]
	at jdk.internal.reflect.NativeMethodAccessorImpl.invoke0(Native Method) ~[?:?]
	at jdk.internal.reflect.NativeMethodAccessorImpl.invoke(NativeMethodAccessorImpl.java:77) ~[?:?]
	at jdk.internal.reflect.DelegatingMethodAccessorImpl.invoke(DelegatingMethodAccessorImpl.java:43) ~[?:?]
	at java.lang.reflect.Method.invoke(Method.java:569) ~[?:?]
	at net.minecraftforge.fml.loading.targets.CommonLaunchHandler.runTarget(CommonLaunchHandler.java:111) ~[fmlloader-1.20.1-47.2.0.jar:?]
	at net.minecraftforge.fml.loading.targets.CommonLaunchHandler.clientService(CommonLaunchHandler.java:99) ~[fmlloader-1.20.1-47.2.0.jar:?]
	at net.minecraftforge.fml.loading.targets.ForgeClientUserdevLaunchHandler.devService(ForgeClientUserdevLaunchHandler.java:19) ~[fmlloader-1.20.1-47.2.0.jar:?]
	at net.minecraftforge.fml.loading.targets.CommonDevLaunchHandler.lambda$makeService$7(CommonDevLaunchHandler.java:135) ~[fmlloader-1.20.1-47.2.0.jar:?]
	at cpw.mods.modlauncher.LaunchServiceHandlerDecorator.launch(LaunchServiceHandlerDecorator.java:30) ~[modlauncher-10.0.9.jar:?]
	at cpw.mods.modlauncher.LaunchServiceHandler.launch(LaunchServiceHandler.java:53) ~[modlauncher-10.0.9.jar:?]
	at cpw.mods.modlauncher.LaunchServiceHandler.launch(LaunchServiceHandler.java:71) ~[modlauncher-10.0.9.jar:?]
	at cpw.mods.modlauncher.Launcher.run(Launcher.java:108) ~[modlauncher-10.0.9.jar:?]
	at cpw.mods.modlauncher.Launcher.main(Launcher.java:78) ~[modlauncher-10.0.9.jar:?]
	at cpw.mods.modlauncher.BootstrapLaunchConsumer.accept(BootstrapLaunchConsumer.java:26) ~[modlauncher-10.0.9.jar:?]
	at cpw.mods.modlauncher.BootstrapLaunchConsumer.accept(BootstrapLaunchConsumer.java:23) ~[modlauncher-10.0.9.jar:?]
	at cpw.mods.bootstraplauncher.BootstrapLauncher.main(BootstrapLauncher.java:141) ~[bootstraplauncher-1.1.2.jar:?]
[17Jun2025 23:52:26.095] [Render thread/ERROR] [net.minecraft.world.item.crafting.RecipeManager/]: Parsing error loading recipe simplemissiles:geigercraft
com.google.gson.JsonSyntaxException: Unknown item 'simplemissiles:geiger_counter'
	at net.minecraftforge.common.crafting.CraftingHelper.getItem(CraftingHelper.java:160) ~[forge-1.20.1-47.2.0_mapped_parchment_2023.09.03-1.20.1.jar:?]
	at net.minecraftforge.common.crafting.CraftingHelper.getItemStack(CraftingHelper.java:186) ~[forge-1.20.1-47.2.0_mapped_parchment_2023.09.03-1.20.1.jar:?]
	at net.minecraft.world.item.crafting.ShapedRecipe.itemStackFromJson(ShapedRecipe.java:286) ~[forge-1.20.1-47.2.0_mapped_parchment_2023.09.03-1.20.1.jar:?]
	at net.minecraft.world.item.crafting.ShapedRecipe$Serializer.fromJson(ShapedRecipe.java:311) ~[forge-1.20.1-47.2.0_mapped_parchment_2023.09.03-1.20.1.jar:?]
	at net.minecraft.world.item.crafting.ShapedRecipe$Serializer.fromJson(ShapedRecipe.java:301) ~[forge-1.20.1-47.2.0_mapped_parchment_2023.09.03-1.20.1.jar:?]
	at net.minecraftforge.common.extensions.IForgeRecipeSerializer.fromJson(IForgeRecipeSerializer.java:23) ~[forge-1.20.1-47.2.0_mapped_parchment_2023.09.03-1.20.1.jar:?]
	at net.minecraft.world.item.crafting.RecipeManager.fromJson(RecipeManager.java:171) ~[forge-1.20.1-47.2.0_mapped_parchment_2023.09.03-1.20.1.jar:?]
	at net.minecraft.world.item.crafting.RecipeManager.apply(RecipeManager.java:67) ~[forge-1.20.1-47.2.0_mapped_parchment_2023.09.03-1.20.1.jar:?]
	at net.minecraft.world.item.crafting.RecipeManager.apply(RecipeManager.java:34) ~[forge-1.20.1-47.2.0_mapped_parchment_2023.09.03-1.20.1.jar:?]
	at net.minecraft.server.packs.resources.SimplePreparableReloadListener.lambda$reload$1(SimplePreparableReloadListener.java:13) ~[forge-1.20.1-47.2.0_mapped_parchment_2023.09.03-1.20.1.jar:?]
	at java.util.concurrent.CompletableFuture$UniAccept.tryFire(CompletableFuture.java:718) ~[?:?]
	at java.util.concurrent.CompletableFuture$Completion.run(CompletableFuture.java:482) ~[?:?]
	at net.minecraft.server.packs.resources.SimpleReloadInstance.lambda$new$3(SimpleReloadInstance.java:69) ~[forge-1.20.1-47.2.0_mapped_parchment_2023.09.03-1.20.1.jar:?]
	at net.minecraft.util.thread.BlockableEventLoop.doRunTask(BlockableEventLoop.java:156) ~[forge-1.20.1-47.2.0_mapped_parchment_2023.09.03-1.20.1.jar:?]
	at net.minecraft.util.thread.ReentrantBlockableEventLoop.doRunTask(ReentrantBlockableEventLoop.java:23) ~[forge-1.20.1-47.2.0_mapped_parchment_2023.09.03-1.20.1.jar:?]
	at net.minecraft.util.thread.BlockableEventLoop.pollTask(BlockableEventLoop.java:130) ~[forge-1.20.1-47.2.0_mapped_parchment_2023.09.03-1.20.1.jar:?]
	at net.minecraft.util.thread.BlockableEventLoop.managedBlock(BlockableEventLoop.java:139) ~[forge-1.20.1-47.2.0_mapped_parchment_2023.09.03-1.20.1.jar:?]
	at net.minecraft.client.gui.screens.worldselection.WorldOpenFlows.loadWorldDataBlocking(WorldOpenFlows.java:163) ~[forge-1.20.1-47.2.0_mapped_parchment_2023.09.03-1.20.1.jar:?]
	at net.minecraft.client.gui.screens.worldselection.WorldOpenFlows.loadWorldStem(WorldOpenFlows.java:113) ~[forge-1.20.1-47.2.0_mapped_parchment_2023.09.03-1.20.1.jar:?]
	at net.minecraft.client.gui.screens.worldselection.WorldOpenFlows.doLoadLevel(WorldOpenFlows.java:181) ~[forge-1.20.1-47.2.0_mapped_parchment_2023.09.03-1.20.1.jar:?]
	at net.minecraft.client.gui.screens.worldselection.WorldOpenFlows.doLoadLevel(WorldOpenFlows.java:169) ~[forge-1.20.1-47.2.0_mapped_parchment_2023.09.03-1.20.1.jar:?]
	at net.minecraft.client.gui.screens.worldselection.WorldOpenFlows.loadLevel(WorldOpenFlows.java:65) ~[forge-1.20.1-47.2.0_mapped_parchment_2023.09.03-1.20.1.jar:?]
	at net.minecraft.client.gui.screens.worldselection.WorldSelectionList$WorldListEntry.loadWorld(WorldSelectionList.java:575) ~[forge-1.20.1-47.2.0_mapped_parchment_2023.09.03-1.20.1.jar:?]
	at net.minecraft.client.gui.screens.worldselection.WorldSelectionList$WorldListEntry.joinWorld(WorldSelectionList.java:474) ~[forge-1.20.1-47.2.0_mapped_parchment_2023.09.03-1.20.1.jar:?]
	at net.minecraft.client.gui.screens.worldselection.WorldSelectionList$WorldListEntry.mouseClicked(WorldSelectionList.java:416) ~[forge-1.20.1-47.2.0_mapped_parchment_2023.09.03-1.20.1.jar:?]
	at net.minecraft.client.gui.components.AbstractSelectionList.mouseClicked(AbstractSelectionList.java:298) ~[forge-1.20.1-47.2.0_mapped_parchment_2023.09.03-1.20.1.jar:?]
	at net.minecraft.client.gui.components.events.ContainerEventHandler.mouseClicked(ContainerEventHandler.java:38) ~[forge-1.20.1-47.2.0_mapped_parchment_2023.09.03-1.20.1.jar:?]
	at net.minecraft.client.MouseHandler.lambda$onPress$0(MouseHandler.java:92) ~[forge-1.20.1-47.2.0_mapped_parchment_2023.09.03-1.20.1.jar:?]
	at net.minecraft.client.gui.screens.Screen.wrapScreenError(Screen.java:437) ~[forge-1.20.1-47.2.0_mapped_parchment_2023.09.03-1.20.1.jar:?]
	at net.minecraft.client.MouseHandler.onPress(MouseHandler.java:89) ~[forge-1.20.1-47.2.0_mapped_parchment_2023.09.03-1.20.1.jar:?]
	at net.minecraft.client.MouseHandler.lambda$setup$4(MouseHandler.java:189) ~[forge-1.20.1-47.2.0_mapped_parchment_2023.09.03-1.20.1.jar:?]
	at net.minecraft.util.thread.BlockableEventLoop.execute(BlockableEventLoop.java:102) ~[forge-1.20.1-47.2.0_mapped_parchment_2023.09.03-1.20.1.jar:?]
	at net.minecraft.client.MouseHandler.lambda$setup$5(MouseHandler.java:188) ~[forge-1.20.1-47.2.0_mapped_parchment_2023.09.03-1.20.1.jar:?]
	at org.lwjgl.glfw.GLFWMouseButtonCallbackI.callback(GLFWMouseButtonCallbackI.java:43) ~[lwjgl-glfw-3.3.1.jar:build 7]
	at org.lwjgl.system.JNI.invokeV(Native Method) ~[lwjgl-3.3.1.jar:build 7]
	at org.lwjgl.glfw.GLFW.glfwWaitEventsTimeout(GLFW.java:3474) ~[lwjgl-glfw-3.3.1.jar:build 7]
	at com.mojang.blaze3d.systems.RenderSystem.limitDisplayFPS(RenderSystem.java:237) ~[forge-1.20.1-47.2.0_mapped_parchment_2023.09.03-1.20.1.jar:?]
	at net.minecraft.client.Minecraft.runTick(Minecraft.java:1173) ~[forge-1.20.1-47.2.0_mapped_parchment_2023.09.03-1.20.1.jar:?]
	at net.minecraft.client.Minecraft.run(Minecraft.java:718) ~[forge-1.20.1-47.2.0_mapped_parchment_2023.09.03-1.20.1.jar:?]
	at net.minecraft.client.main.Main.main(Main.java:218) ~[forge-1.20.1-47.2.0_mapped_parchment_2023.09.03-1.20.1.jar:?]
	at jdk.internal.reflect.NativeMethodAccessorImpl.invoke0(Native Method) ~[?:?]
	at jdk.internal.reflect.NativeMethodAccessorImpl.invoke(NativeMethodAccessorImpl.java:77) ~[?:?]
	at jdk.internal.reflect.DelegatingMethodAccessorImpl.invoke(DelegatingMethodAccessorImpl.java:43) ~[?:?]
	at java.lang.reflect.Method.invoke(Method.java:569) ~[?:?]
	at net.minecraftforge.fml.loading.targets.CommonLaunchHandler.runTarget(CommonLaunchHandler.java:111) ~[fmlloader-1.20.1-47.2.0.jar:?]
	at net.minecraftforge.fml.loading.targets.CommonLaunchHandler.clientService(CommonLaunchHandler.java:99) ~[fmlloader-1.20.1-47.2.0.jar:?]
	at net.minecraftforge.fml.loading.targets.ForgeClientUserdevLaunchHandler.devService(ForgeClientUserdevLaunchHandler.java:19) ~[fmlloader-1.20.1-47.2.0.jar:?]
	at net.minecraftforge.fml.loading.targets.CommonDevLaunchHandler.lambda$makeService$7(CommonDevLaunchHandler.java:135) ~[fmlloader-1.20.1-47.2.0.jar:?]
	at cpw.mods.modlauncher.LaunchServiceHandlerDecorator.launch(LaunchServiceHandlerDecorator.java:30) ~[modlauncher-10.0.9.jar:?]
	at cpw.mods.modlauncher.LaunchServiceHandler.launch(LaunchServiceHandler.java:53) ~[modlauncher-10.0.9.jar:?]
	at cpw.mods.modlauncher.LaunchServiceHandler.launch(LaunchServiceHandler.java:71) ~[modlauncher-10.0.9.jar:?]
	at cpw.mods.modlauncher.Launcher.run(Launcher.java:108) ~[modlauncher-10.0.9.jar:?]
	at cpw.mods.modlauncher.Launcher.main(Launcher.java:78) ~[modlauncher-10.0.9.jar:?]
	at cpw.mods.modlauncher.BootstrapLaunchConsumer.accept(BootstrapLaunchConsumer.java:26) ~[modlauncher-10.0.9.jar:?]
	at cpw.mods.modlauncher.BootstrapLaunchConsumer.accept(BootstrapLaunchConsumer.java:23) ~[modlauncher-10.0.9.jar:?]
	at cpw.mods.bootstraplauncher.BootstrapLauncher.main(BootstrapLauncher.java:141) ~[bootstraplauncher-1.1.2.jar:?]
[17Jun2025 23:52:26.098] [Render thread/ERROR] [net.minecraft.world.item.crafting.RecipeManager/]: Parsing error loading recipe simplemissiles:omegacorerecipe
com.google.gson.JsonSyntaxException: Unknown item 'simplemissiles:desecrated_nether_star'
	at net.minecraft.world.item.crafting.ShapedRecipe.lambda$itemFromJson$2(ShapedRecipe.java:292) ~[forge-1.20.1-47.2.0_mapped_parchment_2023.09.03-1.20.1.jar:?]
	at java.util.Optional.orElseThrow(Optional.java:403) ~[?:?]
	at net.minecraft.world.item.crafting.ShapedRecipe.itemFromJson(ShapedRecipe.java:291) ~[forge-1.20.1-47.2.0_mapped_parchment_2023.09.03-1.20.1.jar:?]
	at net.minecraft.world.item.crafting.Ingredient.valueFromJson(Ingredient.java:219) ~[forge-1.20.1-47.2.0_mapped_parchment_2023.09.03-1.20.1.jar:?]
	at net.minecraftforge.common.crafting.VanillaIngredientSerializer.parse(VanillaIngredientSerializer.java:27) ~[forge-1.20.1-47.2.0_mapped_parchment_2023.09.03-1.20.1.jar:?]
	at net.minecraftforge.common.crafting.CraftingHelper.getIngredient(CraftingHelper.java:148) ~[forge-1.20.1-47.2.0_mapped_parchment_2023.09.03-1.20.1.jar:?]
	at net.minecraft.world.item.crafting.Ingredient.fromJson(Ingredient.java:194) ~[forge-1.20.1-47.2.0_mapped_parchment_2023.09.03-1.20.1.jar:?]
	at net.minecraft.world.item.crafting.ShapedRecipe.keyFromJson(ShapedRecipe.java:278) ~[forge-1.20.1-47.2.0_mapped_parchment_2023.09.03-1.20.1.jar:?]
	at net.minecraft.world.item.crafting.ShapedRecipe$Serializer.fromJson(ShapedRecipe.java:306) ~[forge-1.20.1-47.2.0_mapped_parchment_2023.09.03-1.20.1.jar:?]
	at net.minecraft.world.item.crafting.ShapedRecipe$Serializer.fromJson(ShapedRecipe.java:301) ~[forge-1.20.1-47.2.0_mapped_parchment_2023.09.03-1.20.1.jar:?]
	at net.minecraftforge.common.extensions.IForgeRecipeSerializer.fromJson(IForgeRecipeSerializer.java:23) ~[forge-1.20.1-47.2.0_mapped_parchment_2023.09.03-1.20.1.jar:?]
	at net.minecraft.world.item.crafting.RecipeManager.fromJson(RecipeManager.java:171) ~[forge-1.20.1-47.2.0_mapped_parchment_2023.09.03-1.20.1.jar:?]
	at net.minecraft.world.item.crafting.RecipeManager.apply(RecipeManager.java:67) ~[forge-1.20.1-47.2.0_mapped_parchment_2023.09.03-1.20.1.jar:?]
	at net.minecraft.world.item.crafting.RecipeManager.apply(RecipeManager.java:34) ~[forge-1.20.1-47.2.0_mapped_parchment_2023.09.03-1.20.1.jar:?]
	at net.minecraft.server.packs.resources.SimplePreparableReloadListener.lambda$reload$1(SimplePreparableReloadListener.java:13) ~[forge-1.20.1-47.2.0_mapped_parchment_2023.09.03-1.20.1.jar:?]
	at java.util.concurrent.CompletableFuture$UniAccept.tryFire(CompletableFuture.java:718) ~[?:?]
	at java.util.concurrent.CompletableFuture$Completion.run(CompletableFuture.java:482) ~[?:?]
	at net.minecraft.server.packs.resources.SimpleReloadInstance.lambda$new$3(SimpleReloadInstance.java:69) ~[forge-1.20.1-47.2.0_mapped_parchment_2023.09.03-1.20.1.jar:?]
	at net.minecraft.util.thread.BlockableEventLoop.doRunTask(BlockableEventLoop.java:156) ~[forge-1.20.1-47.2.0_mapped_parchment_2023.09.03-1.20.1.jar:?]
	at net.minecraft.util.thread.ReentrantBlockableEventLoop.doRunTask(ReentrantBlockableEventLoop.java:23) ~[forge-1.20.1-47.2.0_mapped_parchment_2023.09.03-1.20.1.jar:?]
	at net.minecraft.util.thread.BlockableEventLoop.pollTask(BlockableEventLoop.java:130) ~[forge-1.20.1-47.2.0_mapped_parchment_2023.09.03-1.20.1.jar:?]
	at net.minecraft.util.thread.BlockableEventLoop.managedBlock(BlockableEventLoop.java:139) ~[forge-1.20.1-47.2.0_mapped_parchment_2023.09.03-1.20.1.jar:?]
	at net.minecraft.client.gui.screens.worldselection.WorldOpenFlows.loadWorldDataBlocking(WorldOpenFlows.java:163) ~[forge-1.20.1-47.2.0_mapped_parchment_2023.09.03-1.20.1.jar:?]
	at net.minecraft.client.gui.screens.worldselection.WorldOpenFlows.loadWorldStem(WorldOpenFlows.java:113) ~[forge-1.20.1-47.2.0_mapped_parchment_2023.09.03-1.20.1.jar:?]
	at net.minecraft.client.gui.screens.worldselection.WorldOpenFlows.doLoadLevel(WorldOpenFlows.java:181) ~[forge-1.20.1-47.2.0_mapped_parchment_2023.09.03-1.20.1.jar:?]
	at net.minecraft.client.gui.screens.worldselection.WorldOpenFlows.doLoadLevel(WorldOpenFlows.java:169) ~[forge-1.20.1-47.2.0_mapped_parchment_2023.09.03-1.20.1.jar:?]
	at net.minecraft.client.gui.screens.worldselection.WorldOpenFlows.loadLevel(WorldOpenFlows.java:65) ~[forge-1.20.1-47.2.0_mapped_parchment_2023.09.03-1.20.1.jar:?]
	at net.minecraft.client.gui.screens.worldselection.WorldSelectionList$WorldListEntry.loadWorld(WorldSelectionList.java:575) ~[forge-1.20.1-47.2.0_mapped_parchment_2023.09.03-1.20.1.jar:?]
	at net.minecraft.client.gui.screens.worldselection.WorldSelectionList$WorldListEntry.joinWorld(WorldSelectionList.java:474) ~[forge-1.20.1-47.2.0_mapped_parchment_2023.09.03-1.20.1.jar:?]
	at net.minecraft.client.gui.screens.worldselection.WorldSelectionList$WorldListEntry.mouseClicked(WorldSelectionList.java:416) ~[forge-1.20.1-47.2.0_mapped_parchment_2023.09.03-1.20.1.jar:?]
	at net.minecraft.client.gui.components.AbstractSelectionList.mouseClicked(AbstractSelectionList.java:298) ~[forge-1.20.1-47.2.0_mapped_parchment_2023.09.03-1.20.1.jar:?]
	at net.minecraft.client.gui.components.events.ContainerEventHandler.mouseClicked(ContainerEventHandler.java:38) ~[forge-1.20.1-47.2.0_mapped_parchment_2023.09.03-1.20.1.jar:?]
	at net.minecraft.client.MouseHandler.lambda$onPress$0(MouseHandler.java:92) ~[forge-1.20.1-47.2.0_mapped_parchment_2023.09.03-1.20.1.jar:?]
	at net.minecraft.client.gui.screens.Screen.wrapScreenError(Screen.java:437) ~[forge-1.20.1-47.2.0_mapped_parchment_2023.09.03-1.20.1.jar:?]
	at net.minecraft.client.MouseHandler.onPress(MouseHandler.java:89) ~[forge-1.20.1-47.2.0_mapped_parchment_2023.09.03-1.20.1.jar:?]
	at net.minecraft.client.MouseHandler.lambda$setup$4(MouseHandler.java:189) ~[forge-1.20.1-47.2.0_mapped_parchment_2023.09.03-1.20.1.jar:?]
	at net.minecraft.util.thread.BlockableEventLoop.execute(BlockableEventLoop.java:102) ~[forge-1.20.1-47.2.0_mapped_parchment_2023.09.03-1.20.1.jar:?]
	at net.minecraft.client.MouseHandler.lambda$setup$5(MouseHandler.java:188) ~[forge-1.20.1-47.2.0_mapped_parchment_2023.09.03-1.20.1.jar:?]
	at org.lwjgl.glfw.GLFWMouseButtonCallbackI.callback(GLFWMouseButtonCallbackI.java:43) ~[lwjgl-glfw-3.3.1.jar:build 7]
	at org.lwjgl.system.JNI.invokeV(Native Method) ~[lwjgl-3.3.1.jar:build 7]
	at org.lwjgl.glfw.GLFW.glfwWaitEventsTimeout(GLFW.java:3474) ~[lwjgl-glfw-3.3.1.jar:build 7]
	at com.mojang.blaze3d.systems.RenderSystem.limitDisplayFPS(RenderSystem.java:237) ~[forge-1.20.1-47.2.0_mapped_parchment_2023.09.03-1.20.1.jar:?]
	at net.minecraft.client.Minecraft.runTick(Minecraft.java:1173) ~[forge-1.20.1-47.2.0_mapped_parchment_2023.09.03-1.20.1.jar:?]
	at net.minecraft.client.Minecraft.run(Minecraft.java:718) ~[forge-1.20.1-47.2.0_mapped_parchment_2023.09.03-1.20.1.jar:?]
	at net.minecraft.client.main.Main.main(Main.java:218) ~[forge-1.20.1-47.2.0_mapped_parchment_2023.09.03-1.20.1.jar:?]
	at jdk.internal.reflect.NativeMethodAccessorImpl.invoke0(Native Method) ~[?:?]
	at jdk.internal.reflect.NativeMethodAccessorImpl.invoke(NativeMethodAccessorImpl.java:77) ~[?:?]
	at jdk.internal.reflect.DelegatingMethodAccessorImpl.invoke(DelegatingMethodAccessorImpl.java:43) ~[?:?]
	at java.lang.reflect.Method.invoke(Method.java:569) ~[?:?]
	at net.minecraftforge.fml.loading.targets.CommonLaunchHandler.runTarget(CommonLaunchHandler.java:111) ~[fmlloader-1.20.1-47.2.0.jar:?]
	at net.minecraftforge.fml.loading.targets.CommonLaunchHandler.clientService(CommonLaunchHandler.java:99) ~[fmlloader-1.20.1-47.2.0.jar:?]
	at net.minecraftforge.fml.loading.targets.ForgeClientUserdevLaunchHandler.devService(ForgeClientUserdevLaunchHandler.java:19) ~[fmlloader-1.20.1-47.2.0.jar:?]
	at net.minecraftforge.fml.loading.targets.CommonDevLaunchHandler.lambda$makeService$7(CommonDevLaunchHandler.java:135) ~[fmlloader-1.20.1-47.2.0.jar:?]
	at cpw.mods.modlauncher.LaunchServiceHandlerDecorator.launch(LaunchServiceHandlerDecorator.java:30) ~[modlauncher-10.0.9.jar:?]
	at cpw.mods.modlauncher.LaunchServiceHandler.launch(LaunchServiceHandler.java:53) ~[modlauncher-10.0.9.jar:?]
	at cpw.mods.modlauncher.LaunchServiceHandler.launch(LaunchServiceHandler.java:71) ~[modlauncher-10.0.9.jar:?]
	at cpw.mods.modlauncher.Launcher.run(Launcher.java:108) ~[modlauncher-10.0.9.jar:?]
	at cpw.mods.modlauncher.Launcher.main(Launcher.java:78) ~[modlauncher-10.0.9.jar:?]
	at cpw.mods.modlauncher.BootstrapLaunchConsumer.accept(BootstrapLaunchConsumer.java:26) ~[modlauncher-10.0.9.jar:?]
	at cpw.mods.modlauncher.BootstrapLaunchConsumer.accept(BootstrapLaunchConsumer.java:23) ~[modlauncher-10.0.9.jar:?]
	at cpw.mods.bootstraplauncher.BootstrapLauncher.main(BootstrapLauncher.java:141) ~[bootstraplauncher-1.1.2.jar:?]
[17Jun2025 23:52:26.099] [Render thread/ERROR] [net.minecraft.world.item.crafting.RecipeManager/]: Parsing error loading recipe simplemissiles:hazmat_armor_armor_chestplate_recipe
com.google.gson.JsonSyntaxException: Unknown item 'simplemissiles:hazmat_armor_armor_chestplate'
	at net.minecraftforge.common.crafting.CraftingHelper.getItem(CraftingHelper.java:160) ~[forge-1.20.1-47.2.0_mapped_parchment_2023.09.03-1.20.1.jar:?]
	at net.minecraftforge.common.crafting.CraftingHelper.getItemStack(CraftingHelper.java:186) ~[forge-1.20.1-47.2.0_mapped_parchment_2023.09.03-1.20.1.jar:?]
	at net.minecraft.world.item.crafting.ShapedRecipe.itemStackFromJson(ShapedRecipe.java:286) ~[forge-1.20.1-47.2.0_mapped_parchment_2023.09.03-1.20.1.jar:?]
	at net.minecraft.world.item.crafting.ShapedRecipe$Serializer.fromJson(ShapedRecipe.java:311) ~[forge-1.20.1-47.2.0_mapped_parchment_2023.09.03-1.20.1.jar:?]
	at net.minecraft.world.item.crafting.ShapedRecipe$Serializer.fromJson(ShapedRecipe.java:301) ~[forge-1.20.1-47.2.0_mapped_parchment_2023.09.03-1.20.1.jar:?]
	at net.minecraftforge.common.extensions.IForgeRecipeSerializer.fromJson(IForgeRecipeSerializer.java:23) ~[forge-1.20.1-47.2.0_mapped_parchment_2023.09.03-1.20.1.jar:?]
	at net.minecraft.world.item.crafting.RecipeManager.fromJson(RecipeManager.java:171) ~[forge-1.20.1-47.2.0_mapped_parchment_2023.09.03-1.20.1.jar:?]
	at net.minecraft.world.item.crafting.RecipeManager.apply(RecipeManager.java:67) ~[forge-1.20.1-47.2.0_mapped_parchment_2023.09.03-1.20.1.jar:?]
	at net.minecraft.world.item.crafting.RecipeManager.apply(RecipeManager.java:34) ~[forge-1.20.1-47.2.0_mapped_parchment_2023.09.03-1.20.1.jar:?]
	at net.minecraft.server.packs.resources.SimplePreparableReloadListener.lambda$reload$1(SimplePreparableReloadListener.java:13) ~[forge-1.20.1-47.2.0_mapped_parchment_2023.09.03-1.20.1.jar:?]
	at java.util.concurrent.CompletableFuture$UniAccept.tryFire(CompletableFuture.java:718) ~[?:?]
	at java.util.concurrent.CompletableFuture$Completion.run(CompletableFuture.java:482) ~[?:?]
	at net.minecraft.server.packs.resources.SimpleReloadInstance.lambda$new$3(SimpleReloadInstance.java:69) ~[forge-1.20.1-47.2.0_mapped_parchment_2023.09.03-1.20.1.jar:?]
	at net.minecraft.util.thread.BlockableEventLoop.doRunTask(BlockableEventLoop.java:156) ~[forge-1.20.1-47.2.0_mapped_parchment_2023.09.03-1.20.1.jar:?]
	at net.minecraft.util.thread.ReentrantBlockableEventLoop.doRunTask(ReentrantBlockableEventLoop.java:23) ~[forge-1.20.1-47.2.0_mapped_parchment_2023.09.03-1.20.1.jar:?]
	at net.minecraft.util.thread.BlockableEventLoop.pollTask(BlockableEventLoop.java:130) ~[forge-1.20.1-47.2.0_mapped_parchment_2023.09.03-1.20.1.jar:?]
	at net.minecraft.util.thread.BlockableEventLoop.managedBlock(BlockableEventLoop.java:139) ~[forge-1.20.1-47.2.0_mapped_parchment_2023.09.03-1.20.1.jar:?]
	at net.minecraft.client.gui.screens.worldselection.WorldOpenFlows.loadWorldDataBlocking(WorldOpenFlows.java:163) ~[forge-1.20.1-47.2.0_mapped_parchment_2023.09.03-1.20.1.jar:?]
	at net.minecraft.client.gui.screens.worldselection.WorldOpenFlows.loadWorldStem(WorldOpenFlows.java:113) ~[forge-1.20.1-47.2.0_mapped_parchment_2023.09.03-1.20.1.jar:?]
	at net.minecraft.client.gui.screens.worldselection.WorldOpenFlows.doLoadLevel(WorldOpenFlows.java:181) ~[forge-1.20.1-47.2.0_mapped_parchment_2023.09.03-1.20.1.jar:?]
	at net.minecraft.client.gui.screens.worldselection.WorldOpenFlows.doLoadLevel(WorldOpenFlows.java:169) ~[forge-1.20.1-47.2.0_mapped_parchment_2023.09.03-1.20.1.jar:?]
	at net.minecraft.client.gui.screens.worldselection.WorldOpenFlows.loadLevel(WorldOpenFlows.java:65) ~[forge-1.20.1-47.2.0_mapped_parchment_2023.09.03-1.20.1.jar:?]
	at net.minecraft.client.gui.screens.worldselection.WorldSelectionList$WorldListEntry.loadWorld(WorldSelectionList.java:575) ~[forge-1.20.1-47.2.0_mapped_parchment_2023.09.03-1.20.1.jar:?]
	at net.minecraft.client.gui.screens.worldselection.WorldSelectionList$WorldListEntry.joinWorld(WorldSelectionList.java:474) ~[forge-1.20.1-47.2.0_mapped_parchment_2023.09.03-1.20.1.jar:?]
	at net.minecraft.client.gui.screens.worldselection.WorldSelectionList$WorldListEntry.mouseClicked(WorldSelectionList.java:416) ~[forge-1.20.1-47.2.0_mapped_parchment_2023.09.03-1.20.1.jar:?]
	at net.minecraft.client.gui.components.AbstractSelectionList.mouseClicked(AbstractSelectionList.java:298) ~[forge-1.20.1-47.2.0_mapped_parchment_2023.09.03-1.20.1.jar:?]
	at net.minecraft.client.gui.components.events.ContainerEventHandler.mouseClicked(ContainerEventHandler.java:38) ~[forge-1.20.1-47.2.0_mapped_parchment_2023.09.03-1.20.1.jar:?]
	at net.minecraft.client.MouseHandler.lambda$onPress$0(MouseHandler.java:92) ~[forge-1.20.1-47.2.0_mapped_parchment_2023.09.03-1.20.1.jar:?]
	at net.minecraft.client.gui.screens.Screen.wrapScreenError(Screen.java:437) ~[forge-1.20.1-47.2.0_mapped_parchment_2023.09.03-1.20.1.jar:?]
	at net.minecraft.client.MouseHandler.onPress(MouseHandler.java:89) ~[forge-1.20.1-47.2.0_mapped_parchment_2023.09.03-1.20.1.jar:?]
	at net.minecraft.client.MouseHandler.lambda$setup$4(MouseHandler.java:189) ~[forge-1.20.1-47.2.0_mapped_parchment_2023.09.03-1.20.1.jar:?]
	at net.minecraft.util.thread.BlockableEventLoop.execute(BlockableEventLoop.java:102) ~[forge-1.20.1-47.2.0_mapped_parchment_2023.09.03-1.20.1.jar:?]
	at net.minecraft.client.MouseHandler.lambda$setup$5(MouseHandler.java:188) ~[forge-1.20.1-47.2.0_mapped_parchment_2023.09.03-1.20.1.jar:?]
	at org.lwjgl.glfw.GLFWMouseButtonCallbackI.callback(GLFWMouseButtonCallbackI.java:43) ~[lwjgl-glfw-3.3.1.jar:build 7]
	at org.lwjgl.system.JNI.invokeV(Native Method) ~[lwjgl-3.3.1.jar:build 7]
	at org.lwjgl.glfw.GLFW.glfwWaitEventsTimeout(GLFW.java:3474) ~[lwjgl-glfw-3.3.1.jar:build 7]
	at com.mojang.blaze3d.systems.RenderSystem.limitDisplayFPS(RenderSystem.java:237) ~[forge-1.20.1-47.2.0_mapped_parchment_2023.09.03-1.20.1.jar:?]
	at net.minecraft.client.Minecraft.runTick(Minecraft.java:1173) ~[forge-1.20.1-47.2.0_mapped_parchment_2023.09.03-1.20.1.jar:?]
	at net.minecraft.client.Minecraft.run(Minecraft.java:718) ~[forge-1.20.1-47.2.0_mapped_parchment_2023.09.03-1.20.1.jar:?]
	at net.minecraft.client.main.Main.main(Main.java:218) ~[forge-1.20.1-47.2.0_mapped_parchment_2023.09.03-1.20.1.jar:?]
	at jdk.internal.reflect.NativeMethodAccessorImpl.invoke0(Native Method) ~[?:?]
	at jdk.internal.reflect.NativeMethodAccessorImpl.invoke(NativeMethodAccessorImpl.java:77) ~[?:?]
	at jdk.internal.reflect.DelegatingMethodAccessorImpl.invoke(DelegatingMethodAccessorImpl.java:43) ~[?:?]
	at java.lang.reflect.Method.invoke(Method.java:569) ~[?:?]
	at net.minecraftforge.fml.loading.targets.CommonLaunchHandler.runTarget(CommonLaunchHandler.java:111) ~[fmlloader-1.20.1-47.2.0.jar:?]
	at net.minecraftforge.fml.loading.targets.CommonLaunchHandler.clientService(CommonLaunchHandler.java:99) ~[fmlloader-1.20.1-47.2.0.jar:?]
	at net.minecraftforge.fml.loading.targets.ForgeClientUserdevLaunchHandler.devService(ForgeClientUserdevLaunchHandler.java:19) ~[fmlloader-1.20.1-47.2.0.jar:?]
	at net.minecraftforge.fml.loading.targets.CommonDevLaunchHandler.lambda$makeService$7(CommonDevLaunchHandler.java:135) ~[fmlloader-1.20.1-47.2.0.jar:?]
	at cpw.mods.modlauncher.LaunchServiceHandlerDecorator.launch(LaunchServiceHandlerDecorator.java:30) ~[modlauncher-10.0.9.jar:?]
	at cpw.mods.modlauncher.LaunchServiceHandler.launch(LaunchServiceHandler.java:53) ~[modlauncher-10.0.9.jar:?]
	at cpw.mods.modlauncher.LaunchServiceHandler.launch(LaunchServiceHandler.java:71) ~[modlauncher-10.0.9.jar:?]
	at cpw.mods.modlauncher.Launcher.run(Launcher.java:108) ~[modlauncher-10.0.9.jar:?]
	at cpw.mods.modlauncher.Launcher.main(Launcher.java:78) ~[modlauncher-10.0.9.jar:?]
	at cpw.mods.modlauncher.BootstrapLaunchConsumer.accept(BootstrapLaunchConsumer.java:26) ~[modlauncher-10.0.9.jar:?]
	at cpw.mods.modlauncher.BootstrapLaunchConsumer.accept(BootstrapLaunchConsumer.java:23) ~[modlauncher-10.0.9.jar:?]
	at cpw.mods.bootstraplauncher.BootstrapLauncher.main(BootstrapLauncher.java:141) ~[bootstraplauncher-1.1.2.jar:?]
[17Jun2025 23:52:26.102] [Render thread/ERROR] [net.minecraft.world.item.crafting.RecipeManager/]: Parsing error loading recipe simplemissiles:pid_craft
com.google.gson.JsonSyntaxException: Unknown item 'simplemissiles:navigation_system'
	at net.minecraft.world.item.crafting.ShapedRecipe.lambda$itemFromJson$2(ShapedRecipe.java:292) ~[forge-1.20.1-47.2.0_mapped_parchment_2023.09.03-1.20.1.jar:?]
	at java.util.Optional.orElseThrow(Optional.java:403) ~[?:?]
	at net.minecraft.world.item.crafting.ShapedRecipe.itemFromJson(ShapedRecipe.java:291) ~[forge-1.20.1-47.2.0_mapped_parchment_2023.09.03-1.20.1.jar:?]
	at net.minecraft.world.item.crafting.Ingredient.valueFromJson(Ingredient.java:219) ~[forge-1.20.1-47.2.0_mapped_parchment_2023.09.03-1.20.1.jar:?]
	at net.minecraftforge.common.crafting.VanillaIngredientSerializer.parse(VanillaIngredientSerializer.java:27) ~[forge-1.20.1-47.2.0_mapped_parchment_2023.09.03-1.20.1.jar:?]
	at net.minecraftforge.common.crafting.CraftingHelper.getIngredient(CraftingHelper.java:148) ~[forge-1.20.1-47.2.0_mapped_parchment_2023.09.03-1.20.1.jar:?]
	at net.minecraft.world.item.crafting.Ingredient.fromJson(Ingredient.java:194) ~[forge-1.20.1-47.2.0_mapped_parchment_2023.09.03-1.20.1.jar:?]
	at net.minecraft.world.item.crafting.ShapedRecipe.keyFromJson(ShapedRecipe.java:278) ~[forge-1.20.1-47.2.0_mapped_parchment_2023.09.03-1.20.1.jar:?]
	at net.minecraft.world.item.crafting.ShapedRecipe$Serializer.fromJson(ShapedRecipe.java:306) ~[forge-1.20.1-47.2.0_mapped_parchment_2023.09.03-1.20.1.jar:?]
	at net.minecraft.world.item.crafting.ShapedRecipe$Serializer.fromJson(ShapedRecipe.java:301) ~[forge-1.20.1-47.2.0_mapped_parchment_2023.09.03-1.20.1.jar:?]
	at net.minecraftforge.common.extensions.IForgeRecipeSerializer.fromJson(IForgeRecipeSerializer.java:23) ~[forge-1.20.1-47.2.0_mapped_parchment_2023.09.03-1.20.1.jar:?]
	at net.minecraft.world.item.crafting.RecipeManager.fromJson(RecipeManager.java:171) ~[forge-1.20.1-47.2.0_mapped_parchment_2023.09.03-1.20.1.jar:?]
	at net.minecraft.world.item.crafting.RecipeManager.apply(RecipeManager.java:67) ~[forge-1.20.1-47.2.0_mapped_parchment_2023.09.03-1.20.1.jar:?]
	at net.minecraft.world.item.crafting.RecipeManager.apply(RecipeManager.java:34) ~[forge-1.20.1-47.2.0_mapped_parchment_2023.09.03-1.20.1.jar:?]
	at net.minecraft.server.packs.resources.SimplePreparableReloadListener.lambda$reload$1(SimplePreparableReloadListener.java:13) ~[forge-1.20.1-47.2.0_mapped_parchment_2023.09.03-1.20.1.jar:?]
	at java.util.concurrent.CompletableFuture$UniAccept.tryFire(CompletableFuture.java:718) ~[?:?]
	at java.util.concurrent.CompletableFuture$Completion.run(CompletableFuture.java:482) ~[?:?]
	at net.minecraft.server.packs.resources.SimpleReloadInstance.lambda$new$3(SimpleReloadInstance.java:69) ~[forge-1.20.1-47.2.0_mapped_parchment_2023.09.03-1.20.1.jar:?]
	at net.minecraft.util.thread.BlockableEventLoop.doRunTask(BlockableEventLoop.java:156) ~[forge-1.20.1-47.2.0_mapped_parchment_2023.09.03-1.20.1.jar:?]
	at net.minecraft.util.thread.ReentrantBlockableEventLoop.doRunTask(ReentrantBlockableEventLoop.java:23) ~[forge-1.20.1-47.2.0_mapped_parchment_2023.09.03-1.20.1.jar:?]
	at net.minecraft.util.thread.BlockableEventLoop.pollTask(BlockableEventLoop.java:130) ~[forge-1.20.1-47.2.0_mapped_parchment_2023.09.03-1.20.1.jar:?]
	at net.minecraft.util.thread.BlockableEventLoop.managedBlock(BlockableEventLoop.java:139) ~[forge-1.20.1-47.2.0_mapped_parchment_2023.09.03-1.20.1.jar:?]
	at net.minecraft.client.gui.screens.worldselection.WorldOpenFlows.loadWorldDataBlocking(WorldOpenFlows.java:163) ~[forge-1.20.1-47.2.0_mapped_parchment_2023.09.03-1.20.1.jar:?]
	at net.minecraft.client.gui.screens.worldselection.WorldOpenFlows.loadWorldStem(WorldOpenFlows.java:113) ~[forge-1.20.1-47.2.0_mapped_parchment_2023.09.03-1.20.1.jar:?]
	at net.minecraft.client.gui.screens.worldselection.WorldOpenFlows.doLoadLevel(WorldOpenFlows.java:181) ~[forge-1.20.1-47.2.0_mapped_parchment_2023.09.03-1.20.1.jar:?]
	at net.minecraft.client.gui.screens.worldselection.WorldOpenFlows.doLoadLevel(WorldOpenFlows.java:169) ~[forge-1.20.1-47.2.0_mapped_parchment_2023.09.03-1.20.1.jar:?]
	at net.minecraft.client.gui.screens.worldselection.WorldOpenFlows.loadLevel(WorldOpenFlows.java:65) ~[forge-1.20.1-47.2.0_mapped_parchment_2023.09.03-1.20.1.jar:?]
	at net.minecraft.client.gui.screens.worldselection.WorldSelectionList$WorldListEntry.loadWorld(WorldSelectionList.java:575) ~[forge-1.20.1-47.2.0_mapped_parchment_2023.09.03-1.20.1.jar:?]
	at net.minecraft.client.gui.screens.worldselection.WorldSelectionList$WorldListEntry.joinWorld(WorldSelectionList.java:474) ~[forge-1.20.1-47.2.0_mapped_parchment_2023.09.03-1.20.1.jar:?]
	at net.minecraft.client.gui.screens.worldselection.WorldSelectionList$WorldListEntry.mouseClicked(WorldSelectionList.java:416) ~[forge-1.20.1-47.2.0_mapped_parchment_2023.09.03-1.20.1.jar:?]
	at net.minecraft.client.gui.components.AbstractSelectionList.mouseClicked(AbstractSelectionList.java:298) ~[forge-1.20.1-47.2.0_mapped_parchment_2023.09.03-1.20.1.jar:?]
	at net.minecraft.client.gui.components.events.ContainerEventHandler.mouseClicked(ContainerEventHandler.java:38) ~[forge-1.20.1-47.2.0_mapped_parchment_2023.09.03-1.20.1.jar:?]
	at net.minecraft.client.MouseHandler.lambda$onPress$0(MouseHandler.java:92) ~[forge-1.20.1-47.2.0_mapped_parchment_2023.09.03-1.20.1.jar:?]
	at net.minecraft.client.gui.screens.Screen.wrapScreenError(Screen.java:437) ~[forge-1.20.1-47.2.0_mapped_parchment_2023.09.03-1.20.1.jar:?]
	at net.minecraft.client.MouseHandler.onPress(MouseHandler.java:89) ~[forge-1.20.1-47.2.0_mapped_parchment_2023.09.03-1.20.1.jar:?]
	at net.minecraft.client.MouseHandler.lambda$setup$4(MouseHandler.java:189) ~[forge-1.20.1-47.2.0_mapped_parchment_2023.09.03-1.20.1.jar:?]
	at net.minecraft.util.thread.BlockableEventLoop.execute(BlockableEventLoop.java:102) ~[forge-1.20.1-47.2.0_mapped_parchment_2023.09.03-1.20.1.jar:?]
	at net.minecraft.client.MouseHandler.lambda$setup$5(MouseHandler.java:188) ~[forge-1.20.1-47.2.0_mapped_parchment_2023.09.03-1.20.1.jar:?]
	at org.lwjgl.glfw.GLFWMouseButtonCallbackI.callback(GLFWMouseButtonCallbackI.java:43) ~[lwjgl-glfw-3.3.1.jar:build 7]
	at org.lwjgl.system.JNI.invokeV(Native Method) ~[lwjgl-3.3.1.jar:build 7]
	at org.lwjgl.glfw.GLFW.glfwWaitEventsTimeout(GLFW.java:3474) ~[lwjgl-glfw-3.3.1.jar:build 7]
	at com.mojang.blaze3d.systems.RenderSystem.limitDisplayFPS(RenderSystem.java:237) ~[forge-1.20.1-47.2.0_mapped_parchment_2023.09.03-1.20.1.jar:?]
	at net.minecraft.client.Minecraft.runTick(Minecraft.java:1173) ~[forge-1.20.1-47.2.0_mapped_parchment_2023.09.03-1.20.1.jar:?]
	at net.minecraft.client.Minecraft.run(Minecraft.java:718) ~[forge-1.20.1-47.2.0_mapped_parchment_2023.09.03-1.20.1.jar:?]
	at net.minecraft.client.main.Main.main(Main.java:218) ~[forge-1.20.1-47.2.0_mapped_parchment_2023.09.03-1.20.1.jar:?]
	at jdk.internal.reflect.NativeMethodAccessorImpl.invoke0(Native Method) ~[?:?]
	at jdk.internal.reflect.NativeMethodAccessorImpl.invoke(NativeMethodAccessorImpl.java:77) ~[?:?]
	at jdk.internal.reflect.DelegatingMethodAccessorImpl.invoke(DelegatingMethodAccessorImpl.java:43) ~[?:?]
	at java.lang.reflect.Method.invoke(Method.java:569) ~[?:?]
	at net.minecraftforge.fml.loading.targets.CommonLaunchHandler.runTarget(CommonLaunchHandler.java:111) ~[fmlloader-1.20.1-47.2.0.jar:?]
	at net.minecraftforge.fml.loading.targets.CommonLaunchHandler.clientService(CommonLaunchHandler.java:99) ~[fmlloader-1.20.1-47.2.0.jar:?]
	at net.minecraftforge.fml.loading.targets.ForgeClientUserdevLaunchHandler.devService(ForgeClientUserdevLaunchHandler.java:19) ~[fmlloader-1.20.1-47.2.0.jar:?]
	at net.minecraftforge.fml.loading.targets.CommonDevLaunchHandler.lambda$makeService$7(CommonDevLaunchHandler.java:135) ~[fmlloader-1.20.1-47.2.0.jar:?]
	at cpw.mods.modlauncher.LaunchServiceHandlerDecorator.launch(LaunchServiceHandlerDecorator.java:30) ~[modlauncher-10.0.9.jar:?]
	at cpw.mods.modlauncher.LaunchServiceHandler.launch(LaunchServiceHandler.java:53) ~[modlauncher-10.0.9.jar:?]
	at cpw.mods.modlauncher.LaunchServiceHandler.launch(LaunchServiceHandler.java:71) ~[modlauncher-10.0.9.jar:?]
	at cpw.mods.modlauncher.Launcher.run(Launcher.java:108) ~[modlauncher-10.0.9.jar:?]
	at cpw.mods.modlauncher.Launcher.main(Launcher.java:78) ~[modlauncher-10.0.9.jar:?]
	at cpw.mods.modlauncher.BootstrapLaunchConsumer.accept(BootstrapLaunchConsumer.java:26) ~[modlauncher-10.0.9.jar:?]
	at cpw.mods.modlauncher.BootstrapLaunchConsumer.accept(BootstrapLaunchConsumer.java:23) ~[modlauncher-10.0.9.jar:?]
	at cpw.mods.bootstraplauncher.BootstrapLauncher.main(BootstrapLauncher.java:141) ~[bootstraplauncher-1.1.2.jar:?]
[17Jun2025 23:52:26.103] [Render thread/ERROR] [net.minecraft.world.item.crafting.RecipeManager/]: Parsing error loading recipe simplemissiles:manual_craft
com.google.gson.JsonSyntaxException: Unknown item 'simplemissiles:manual'
	at net.minecraftforge.common.crafting.CraftingHelper.getItem(CraftingHelper.java:160) ~[forge-1.20.1-47.2.0_mapped_parchment_2023.09.03-1.20.1.jar:?]
	at net.minecraftforge.common.crafting.CraftingHelper.getItemStack(CraftingHelper.java:186) ~[forge-1.20.1-47.2.0_mapped_parchment_2023.09.03-1.20.1.jar:?]
	at net.minecraft.world.item.crafting.ShapedRecipe.itemStackFromJson(ShapedRecipe.java:286) ~[forge-1.20.1-47.2.0_mapped_parchment_2023.09.03-1.20.1.jar:?]
	at net.minecraft.world.item.crafting.ShapedRecipe$Serializer.fromJson(ShapedRecipe.java:311) ~[forge-1.20.1-47.2.0_mapped_parchment_2023.09.03-1.20.1.jar:?]
	at net.minecraft.world.item.crafting.ShapedRecipe$Serializer.fromJson(ShapedRecipe.java:301) ~[forge-1.20.1-47.2.0_mapped_parchment_2023.09.03-1.20.1.jar:?]
	at net.minecraftforge.common.extensions.IForgeRecipeSerializer.fromJson(IForgeRecipeSerializer.java:23) ~[forge-1.20.1-47.2.0_mapped_parchment_2023.09.03-1.20.1.jar:?]
	at net.minecraft.world.item.crafting.RecipeManager.fromJson(RecipeManager.java:171) ~[forge-1.20.1-47.2.0_mapped_parchment_2023.09.03-1.20.1.jar:?]
	at net.minecraft.world.item.crafting.RecipeManager.apply(RecipeManager.java:67) ~[forge-1.20.1-47.2.0_mapped_parchment_2023.09.03-1.20.1.jar:?]
	at net.minecraft.world.item.crafting.RecipeManager.apply(RecipeManager.java:34) ~[forge-1.20.1-47.2.0_mapped_parchment_2023.09.03-1.20.1.jar:?]
	at net.minecraft.server.packs.resources.SimplePreparableReloadListener.lambda$reload$1(SimplePreparableReloadListener.java:13) ~[forge-1.20.1-47.2.0_mapped_parchment_2023.09.03-1.20.1.jar:?]
	at java.util.concurrent.CompletableFuture$UniAccept.tryFire(CompletableFuture.java:718) ~[?:?]
	at java.util.concurrent.CompletableFuture$Completion.run(CompletableFuture.java:482) ~[?:?]
	at net.minecraft.server.packs.resources.SimpleReloadInstance.lambda$new$3(SimpleReloadInstance.java:69) ~[forge-1.20.1-47.2.0_mapped_parchment_2023.09.03-1.20.1.jar:?]
	at net.minecraft.util.thread.BlockableEventLoop.doRunTask(BlockableEventLoop.java:156) ~[forge-1.20.1-47.2.0_mapped_parchment_2023.09.03-1.20.1.jar:?]
	at net.minecraft.util.thread.ReentrantBlockableEventLoop.doRunTask(ReentrantBlockableEventLoop.java:23) ~[forge-1.20.1-47.2.0_mapped_parchment_2023.09.03-1.20.1.jar:?]
	at net.minecraft.util.thread.BlockableEventLoop.pollTask(BlockableEventLoop.java:130) ~[forge-1.20.1-47.2.0_mapped_parchment_2023.09.03-1.20.1.jar:?]
	at net.minecraft.util.thread.BlockableEventLoop.managedBlock(BlockableEventLoop.java:139) ~[forge-1.20.1-47.2.0_mapped_parchment_2023.09.03-1.20.1.jar:?]
	at net.minecraft.client.gui.screens.worldselection.WorldOpenFlows.loadWorldDataBlocking(WorldOpenFlows.java:163) ~[forge-1.20.1-47.2.0_mapped_parchment_2023.09.03-1.20.1.jar:?]
	at net.minecraft.client.gui.screens.worldselection.WorldOpenFlows.loadWorldStem(WorldOpenFlows.java:113) ~[forge-1.20.1-47.2.0_mapped_parchment_2023.09.03-1.20.1.jar:?]
	at net.minecraft.client.gui.screens.worldselection.WorldOpenFlows.doLoadLevel(WorldOpenFlows.java:181) ~[forge-1.20.1-47.2.0_mapped_parchment_2023.09.03-1.20.1.jar:?]
	at net.minecraft.client.gui.screens.worldselection.WorldOpenFlows.doLoadLevel(WorldOpenFlows.java:169) ~[forge-1.20.1-47.2.0_mapped_parchment_2023.09.03-1.20.1.jar:?]
	at net.minecraft.client.gui.screens.worldselection.WorldOpenFlows.loadLevel(WorldOpenFlows.java:65) ~[forge-1.20.1-47.2.0_mapped_parchment_2023.09.03-1.20.1.jar:?]
	at net.minecraft.client.gui.screens.worldselection.WorldSelectionList$WorldListEntry.loadWorld(WorldSelectionList.java:575) ~[forge-1.20.1-47.2.0_mapped_parchment_2023.09.03-1.20.1.jar:?]
	at net.minecraft.client.gui.screens.worldselection.WorldSelectionList$WorldListEntry.joinWorld(WorldSelectionList.java:474) ~[forge-1.20.1-47.2.0_mapped_parchment_2023.09.03-1.20.1.jar:?]
	at net.minecraft.client.gui.screens.worldselection.WorldSelectionList$WorldListEntry.mouseClicked(WorldSelectionList.java:416) ~[forge-1.20.1-47.2.0_mapped_parchment_2023.09.03-1.20.1.jar:?]
	at net.minecraft.client.gui.components.AbstractSelectionList.mouseClicked(AbstractSelectionList.java:298) ~[forge-1.20.1-47.2.0_mapped_parchment_2023.09.03-1.20.1.jar:?]
	at net.minecraft.client.gui.components.events.ContainerEventHandler.mouseClicked(ContainerEventHandler.java:38) ~[forge-1.20.1-47.2.0_mapped_parchment_2023.09.03-1.20.1.jar:?]
	at net.minecraft.client.MouseHandler.lambda$onPress$0(MouseHandler.java:92) ~[forge-1.20.1-47.2.0_mapped_parchment_2023.09.03-1.20.1.jar:?]
	at net.minecraft.client.gui.screens.Screen.wrapScreenError(Screen.java:437) ~[forge-1.20.1-47.2.0_mapped_parchment_2023.09.03-1.20.1.jar:?]
	at net.minecraft.client.MouseHandler.onPress(MouseHandler.java:89) ~[forge-1.20.1-47.2.0_mapped_parchment_2023.09.03-1.20.1.jar:?]
	at net.minecraft.client.MouseHandler.lambda$setup$4(MouseHandler.java:189) ~[forge-1.20.1-47.2.0_mapped_parchment_2023.09.03-1.20.1.jar:?]
	at net.minecraft.util.thread.BlockableEventLoop.execute(BlockableEventLoop.java:102) ~[forge-1.20.1-47.2.0_mapped_parchment_2023.09.03-1.20.1.jar:?]
	at net.minecraft.client.MouseHandler.lambda$setup$5(MouseHandler.java:188) ~[forge-1.20.1-47.2.0_mapped_parchment_2023.09.03-1.20.1.jar:?]
	at org.lwjgl.glfw.GLFWMouseButtonCallbackI.callback(GLFWMouseButtonCallbackI.java:43) ~[lwjgl-glfw-3.3.1.jar:build 7]
	at org.lwjgl.system.JNI.invokeV(Native Method) ~[lwjgl-3.3.1.jar:build 7]
	at org.lwjgl.glfw.GLFW.glfwWaitEventsTimeout(GLFW.java:3474) ~[lwjgl-glfw-3.3.1.jar:build 7]
	at com.mojang.blaze3d.systems.RenderSystem.limitDisplayFPS(RenderSystem.java:237) ~[forge-1.20.1-47.2.0_mapped_parchment_2023.09.03-1.20.1.jar:?]
	at net.minecraft.client.Minecraft.runTick(Minecraft.java:1173) ~[forge-1.20.1-47.2.0_mapped_parchment_2023.09.03-1.20.1.jar:?]
	at net.minecraft.client.Minecraft.run(Minecraft.java:718) ~[forge-1.20.1-47.2.0_mapped_parchment_2023.09.03-1.20.1.jar:?]
	at net.minecraft.client.main.Main.main(Main.java:218) ~[forge-1.20.1-47.2.0_mapped_parchment_2023.09.03-1.20.1.jar:?]
	at jdk.internal.reflect.NativeMethodAccessorImpl.invoke0(Native Method) ~[?:?]
	at jdk.internal.reflect.NativeMethodAccessorImpl.invoke(NativeMethodAccessorImpl.java:77) ~[?:?]
	at jdk.internal.reflect.DelegatingMethodAccessorImpl.invoke(DelegatingMethodAccessorImpl.java:43) ~[?:?]
	at java.lang.reflect.Method.invoke(Method.java:569) ~[?:?]
	at net.minecraftforge.fml.loading.targets.CommonLaunchHandler.runTarget(CommonLaunchHandler.java:111) ~[fmlloader-1.20.1-47.2.0.jar:?]
	at net.minecraftforge.fml.loading.targets.CommonLaunchHandler.clientService(CommonLaunchHandler.java:99) ~[fmlloader-1.20.1-47.2.0.jar:?]
	at net.minecraftforge.fml.loading.targets.ForgeClientUserdevLaunchHandler.devService(ForgeClientUserdevLaunchHandler.java:19) ~[fmlloader-1.20.1-47.2.0.jar:?]
	at net.minecraftforge.fml.loading.targets.CommonDevLaunchHandler.lambda$makeService$7(CommonDevLaunchHandler.java:135) ~[fmlloader-1.20.1-47.2.0.jar:?]
	at cpw.mods.modlauncher.LaunchServiceHandlerDecorator.launch(LaunchServiceHandlerDecorator.java:30) ~[modlauncher-10.0.9.jar:?]
	at cpw.mods.modlauncher.LaunchServiceHandler.launch(LaunchServiceHandler.java:53) ~[modlauncher-10.0.9.jar:?]
	at cpw.mods.modlauncher.LaunchServiceHandler.launch(LaunchServiceHandler.java:71) ~[modlauncher-10.0.9.jar:?]
	at cpw.mods.modlauncher.Launcher.run(Launcher.java:108) ~[modlauncher-10.0.9.jar:?]
	at cpw.mods.modlauncher.Launcher.main(Launcher.java:78) ~[modlauncher-10.0.9.jar:?]
	at cpw.mods.modlauncher.BootstrapLaunchConsumer.accept(BootstrapLaunchConsumer.java:26) ~[modlauncher-10.0.9.jar:?]
	at cpw.mods.modlauncher.BootstrapLaunchConsumer.accept(BootstrapLaunchConsumer.java:23) ~[modlauncher-10.0.9.jar:?]
	at cpw.mods.bootstraplauncher.BootstrapLauncher.main(BootstrapLauncher.java:141) ~[bootstraplauncher-1.1.2.jar:?]
[17Jun2025 23:52:26.105] [Render thread/ERROR] [net.minecraft.world.item.crafting.RecipeManager/]: Parsing error loading recipe simplemissiles:bmd_fixing
com.google.gson.JsonSyntaxException: Unknown item 'simplemissiles:navigation_system'
	at net.minecraft.world.item.crafting.ShapedRecipe.lambda$itemFromJson$2(ShapedRecipe.java:292) ~[forge-1.20.1-47.2.0_mapped_parchment_2023.09.03-1.20.1.jar:?]
	at java.util.Optional.orElseThrow(Optional.java:403) ~[?:?]
	at net.minecraft.world.item.crafting.ShapedRecipe.itemFromJson(ShapedRecipe.java:291) ~[forge-1.20.1-47.2.0_mapped_parchment_2023.09.03-1.20.1.jar:?]
	at net.minecraft.world.item.crafting.Ingredient.valueFromJson(Ingredient.java:219) ~[forge-1.20.1-47.2.0_mapped_parchment_2023.09.03-1.20.1.jar:?]
	at net.minecraftforge.common.crafting.VanillaIngredientSerializer.parse(VanillaIngredientSerializer.java:27) ~[forge-1.20.1-47.2.0_mapped_parchment_2023.09.03-1.20.1.jar:?]
	at net.minecraftforge.common.crafting.CraftingHelper.getIngredient(CraftingHelper.java:148) ~[forge-1.20.1-47.2.0_mapped_parchment_2023.09.03-1.20.1.jar:?]
	at net.minecraft.world.item.crafting.Ingredient.fromJson(Ingredient.java:194) ~[forge-1.20.1-47.2.0_mapped_parchment_2023.09.03-1.20.1.jar:?]
	at net.minecraft.world.item.crafting.ShapelessRecipe$Serializer.itemsFromJson(ShapelessRecipe.java:104) ~[forge-1.20.1-47.2.0_mapped_parchment_2023.09.03-1.20.1.jar:?]
	at net.minecraft.world.item.crafting.ShapelessRecipe$Serializer.fromJson(ShapelessRecipe.java:89) ~[forge-1.20.1-47.2.0_mapped_parchment_2023.09.03-1.20.1.jar:?]
	at net.minecraft.world.item.crafting.ShapelessRecipe$Serializer.fromJson(ShapelessRecipe.java:84) ~[forge-1.20.1-47.2.0_mapped_parchment_2023.09.03-1.20.1.jar:?]
	at net.minecraftforge.common.extensions.IForgeRecipeSerializer.fromJson(IForgeRecipeSerializer.java:23) ~[forge-1.20.1-47.2.0_mapped_parchment_2023.09.03-1.20.1.jar:?]
	at net.minecraft.world.item.crafting.RecipeManager.fromJson(RecipeManager.java:171) ~[forge-1.20.1-47.2.0_mapped_parchment_2023.09.03-1.20.1.jar:?]
	at net.minecraft.world.item.crafting.RecipeManager.apply(RecipeManager.java:67) ~[forge-1.20.1-47.2.0_mapped_parchment_2023.09.03-1.20.1.jar:?]
	at net.minecraft.world.item.crafting.RecipeManager.apply(RecipeManager.java:34) ~[forge-1.20.1-47.2.0_mapped_parchment_2023.09.03-1.20.1.jar:?]
	at net.minecraft.server.packs.resources.SimplePreparableReloadListener.lambda$reload$1(SimplePreparableReloadListener.java:13) ~[forge-1.20.1-47.2.0_mapped_parchment_2023.09.03-1.20.1.jar:?]
	at java.util.concurrent.CompletableFuture$UniAccept.tryFire(CompletableFuture.java:718) ~[?:?]
	at java.util.concurrent.CompletableFuture$Completion.run(CompletableFuture.java:482) ~[?:?]
	at net.minecraft.server.packs.resources.SimpleReloadInstance.lambda$new$3(SimpleReloadInstance.java:69) ~[forge-1.20.1-47.2.0_mapped_parchment_2023.09.03-1.20.1.jar:?]
	at net.minecraft.util.thread.BlockableEventLoop.doRunTask(BlockableEventLoop.java:156) ~[forge-1.20.1-47.2.0_mapped_parchment_2023.09.03-1.20.1.jar:?]
	at net.minecraft.util.thread.ReentrantBlockableEventLoop.doRunTask(ReentrantBlockableEventLoop.java:23) ~[forge-1.20.1-47.2.0_mapped_parchment_2023.09.03-1.20.1.jar:?]
	at net.minecraft.util.thread.BlockableEventLoop.pollTask(BlockableEventLoop.java:130) ~[forge-1.20.1-47.2.0_mapped_parchment_2023.09.03-1.20.1.jar:?]
	at net.minecraft.util.thread.BlockableEventLoop.managedBlock(BlockableEventLoop.java:139) ~[forge-1.20.1-47.2.0_mapped_parchment_2023.09.03-1.20.1.jar:?]
	at net.minecraft.client.gui.screens.worldselection.WorldOpenFlows.loadWorldDataBlocking(WorldOpenFlows.java:163) ~[forge-1.20.1-47.2.0_mapped_parchment_2023.09.03-1.20.1.jar:?]
	at net.minecraft.client.gui.screens.worldselection.WorldOpenFlows.loadWorldStem(WorldOpenFlows.java:113) ~[forge-1.20.1-47.2.0_mapped_parchment_2023.09.03-1.20.1.jar:?]
	at net.minecraft.client.gui.screens.worldselection.WorldOpenFlows.doLoadLevel(WorldOpenFlows.java:181) ~[forge-1.20.1-47.2.0_mapped_parchment_2023.09.03-1.20.1.jar:?]
	at net.minecraft.client.gui.screens.worldselection.WorldOpenFlows.doLoadLevel(WorldOpenFlows.java:169) ~[forge-1.20.1-47.2.0_mapped_parchment_2023.09.03-1.20.1.jar:?]
	at net.minecraft.client.gui.screens.worldselection.WorldOpenFlows.loadLevel(WorldOpenFlows.java:65) ~[forge-1.20.1-47.2.0_mapped_parchment_2023.09.03-1.20.1.jar:?]
	at net.minecraft.client.gui.screens.worldselection.WorldSelectionList$WorldListEntry.loadWorld(WorldSelectionList.java:575) ~[forge-1.20.1-47.2.0_mapped_parchment_2023.09.03-1.20.1.jar:?]
	at net.minecraft.client.gui.screens.worldselection.WorldSelectionList$WorldListEntry.joinWorld(WorldSelectionList.java:474) ~[forge-1.20.1-47.2.0_mapped_parchment_2023.09.03-1.20.1.jar:?]
	at net.minecraft.client.gui.screens.worldselection.WorldSelectionList$WorldListEntry.mouseClicked(WorldSelectionList.java:416) ~[forge-1.20.1-47.2.0_mapped_parchment_2023.09.03-1.20.1.jar:?]
	at net.minecraft.client.gui.components.AbstractSelectionList.mouseClicked(AbstractSelectionList.java:298) ~[forge-1.20.1-47.2.0_mapped_parchment_2023.09.03-1.20.1.jar:?]
	at net.minecraft.client.gui.components.events.ContainerEventHandler.mouseClicked(ContainerEventHandler.java:38) ~[forge-1.20.1-47.2.0_mapped_parchment_2023.09.03-1.20.1.jar:?]
	at net.minecraft.client.MouseHandler.lambda$onPress$0(MouseHandler.java:92) ~[forge-1.20.1-47.2.0_mapped_parchment_2023.09.03-1.20.1.jar:?]
	at net.minecraft.client.gui.screens.Screen.wrapScreenError(Screen.java:437) ~[forge-1.20.1-47.2.0_mapped_parchment_2023.09.03-1.20.1.jar:?]
	at net.minecraft.client.MouseHandler.onPress(MouseHandler.java:89) ~[forge-1.20.1-47.2.0_mapped_parchment_2023.09.03-1.20.1.jar:?]
	at net.minecraft.client.MouseHandler.lambda$setup$4(MouseHandler.java:189) ~[forge-1.20.1-47.2.0_mapped_parchment_2023.09.03-1.20.1.jar:?]
	at net.minecraft.util.thread.BlockableEventLoop.execute(BlockableEventLoop.java:102) ~[forge-1.20.1-47.2.0_mapped_parchment_2023.09.03-1.20.1.jar:?]
	at net.minecraft.client.MouseHandler.lambda$setup$5(MouseHandler.java:188) ~[forge-1.20.1-47.2.0_mapped_parchment_2023.09.03-1.20.1.jar:?]
	at org.lwjgl.glfw.GLFWMouseButtonCallbackI.callback(GLFWMouseButtonCallbackI.java:43) ~[lwjgl-glfw-3.3.1.jar:build 7]
	at org.lwjgl.system.JNI.invokeV(Native Method) ~[lwjgl-3.3.1.jar:build 7]
	at org.lwjgl.glfw.GLFW.glfwWaitEventsTimeout(GLFW.java:3474) ~[lwjgl-glfw-3.3.1.jar:build 7]
	at com.mojang.blaze3d.systems.RenderSystem.limitDisplayFPS(RenderSystem.java:237) ~[forge-1.20.1-47.2.0_mapped_parchment_2023.09.03-1.20.1.jar:?]
	at net.minecraft.client.Minecraft.runTick(Minecraft.java:1173) ~[forge-1.20.1-47.2.0_mapped_parchment_2023.09.03-1.20.1.jar:?]
	at net.minecraft.client.Minecraft.run(Minecraft.java:718) ~[forge-1.20.1-47.2.0_mapped_parchment_2023.09.03-1.20.1.jar:?]
	at net.minecraft.client.main.Main.main(Main.java:218) ~[forge-1.20.1-47.2.0_mapped_parchment_2023.09.03-1.20.1.jar:?]
	at jdk.internal.reflect.NativeMethodAccessorImpl.invoke0(Native Method) ~[?:?]
	at jdk.internal.reflect.NativeMethodAccessorImpl.invoke(NativeMethodAccessorImpl.java:77) ~[?:?]
	at jdk.internal.reflect.DelegatingMethodAccessorImpl.invoke(DelegatingMethodAccessorImpl.java:43) ~[?:?]
	at java.lang.reflect.Method.invoke(Method.java:569) ~[?:?]
	at net.minecraftforge.fml.loading.targets.CommonLaunchHandler.runTarget(CommonLaunchHandler.java:111) ~[fmlloader-1.20.1-47.2.0.jar:?]
	at net.minecraftforge.fml.loading.targets.CommonLaunchHandler.clientService(CommonLaunchHandler.java:99) ~[fmlloader-1.20.1-47.2.0.jar:?]
	at net.minecraftforge.fml.loading.targets.ForgeClientUserdevLaunchHandler.devService(ForgeClientUserdevLaunchHandler.java:19) ~[fmlloader-1.20.1-47.2.0.jar:?]
	at net.minecraftforge.fml.loading.targets.CommonDevLaunchHandler.lambda$makeService$7(CommonDevLaunchHandler.java:135) ~[fmlloader-1.20.1-47.2.0.jar:?]
	at cpw.mods.modlauncher.LaunchServiceHandlerDecorator.launch(LaunchServiceHandlerDecorator.java:30) ~[modlauncher-10.0.9.jar:?]
	at cpw.mods.modlauncher.LaunchServiceHandler.launch(LaunchServiceHandler.java:53) ~[modlauncher-10.0.9.jar:?]
	at cpw.mods.modlauncher.LaunchServiceHandler.launch(LaunchServiceHandler.java:71) ~[modlauncher-10.0.9.jar:?]
	at cpw.mods.modlauncher.Launcher.run(Launcher.java:108) ~[modlauncher-10.0.9.jar:?]
	at cpw.mods.modlauncher.Launcher.main(Launcher.java:78) ~[modlauncher-10.0.9.jar:?]
	at cpw.mods.modlauncher.BootstrapLaunchConsumer.accept(BootstrapLaunchConsumer.java:26) ~[modlauncher-10.0.9.jar:?]
	at cpw.mods.modlauncher.BootstrapLaunchConsumer.accept(BootstrapLaunchConsumer.java:23) ~[modlauncher-10.0.9.jar:?]
	at cpw.mods.bootstraplauncher.BootstrapLauncher.main(BootstrapLauncher.java:141) ~[bootstraplauncher-1.1.2.jar:?]
[17Jun2025 23:52:26.106] [Render thread/ERROR] [net.minecraft.world.item.crafting.RecipeManager/]: Parsing error loading recipe simplemissiles:hazmat_armor_armor_boots_recipe
com.google.gson.JsonSyntaxException: Unknown item 'simplemissiles:hazmat_armor_armor_boots'
	at net.minecraftforge.common.crafting.CraftingHelper.getItem(CraftingHelper.java:160) ~[forge-1.20.1-47.2.0_mapped_parchment_2023.09.03-1.20.1.jar:?]
	at net.minecraftforge.common.crafting.CraftingHelper.getItemStack(CraftingHelper.java:186) ~[forge-1.20.1-47.2.0_mapped_parchment_2023.09.03-1.20.1.jar:?]
	at net.minecraft.world.item.crafting.ShapedRecipe.itemStackFromJson(ShapedRecipe.java:286) ~[forge-1.20.1-47.2.0_mapped_parchment_2023.09.03-1.20.1.jar:?]
	at net.minecraft.world.item.crafting.ShapedRecipe$Serializer.fromJson(ShapedRecipe.java:311) ~[forge-1.20.1-47.2.0_mapped_parchment_2023.09.03-1.20.1.jar:?]
	at net.minecraft.world.item.crafting.ShapedRecipe$Serializer.fromJson(ShapedRecipe.java:301) ~[forge-1.20.1-47.2.0_mapped_parchment_2023.09.03-1.20.1.jar:?]
	at net.minecraftforge.common.extensions.IForgeRecipeSerializer.fromJson(IForgeRecipeSerializer.java:23) ~[forge-1.20.1-47.2.0_mapped_parchment_2023.09.03-1.20.1.jar:?]
	at net.minecraft.world.item.crafting.RecipeManager.fromJson(RecipeManager.java:171) ~[forge-1.20.1-47.2.0_mapped_parchment_2023.09.03-1.20.1.jar:?]
	at net.minecraft.world.item.crafting.RecipeManager.apply(RecipeManager.java:67) ~[forge-1.20.1-47.2.0_mapped_parchment_2023.09.03-1.20.1.jar:?]
	at net.minecraft.world.item.crafting.RecipeManager.apply(RecipeManager.java:34) ~[forge-1.20.1-47.2.0_mapped_parchment_2023.09.03-1.20.1.jar:?]
	at net.minecraft.server.packs.resources.SimplePreparableReloadListener.lambda$reload$1(SimplePreparableReloadListener.java:13) ~[forge-1.20.1-47.2.0_mapped_parchment_2023.09.03-1.20.1.jar:?]
	at java.util.concurrent.CompletableFuture$UniAccept.tryFire(CompletableFuture.java:718) ~[?:?]
	at java.util.concurrent.CompletableFuture$Completion.run(CompletableFuture.java:482) ~[?:?]
	at net.minecraft.server.packs.resources.SimpleReloadInstance.lambda$new$3(SimpleReloadInstance.java:69) ~[forge-1.20.1-47.2.0_mapped_parchment_2023.09.03-1.20.1.jar:?]
	at net.minecraft.util.thread.BlockableEventLoop.doRunTask(BlockableEventLoop.java:156) ~[forge-1.20.1-47.2.0_mapped_parchment_2023.09.03-1.20.1.jar:?]
	at net.minecraft.util.thread.ReentrantBlockableEventLoop.doRunTask(ReentrantBlockableEventLoop.java:23) ~[forge-1.20.1-47.2.0_mapped_parchment_2023.09.03-1.20.1.jar:?]
	at net.minecraft.util.thread.BlockableEventLoop.pollTask(BlockableEventLoop.java:130) ~[forge-1.20.1-47.2.0_mapped_parchment_2023.09.03-1.20.1.jar:?]
	at net.minecraft.util.thread.BlockableEventLoop.managedBlock(BlockableEventLoop.java:139) ~[forge-1.20.1-47.2.0_mapped_parchment_2023.09.03-1.20.1.jar:?]
	at net.minecraft.client.gui.screens.worldselection.WorldOpenFlows.loadWorldDataBlocking(WorldOpenFlows.java:163) ~[forge-1.20.1-47.2.0_mapped_parchment_2023.09.03-1.20.1.jar:?]
	at net.minecraft.client.gui.screens.worldselection.WorldOpenFlows.loadWorldStem(WorldOpenFlows.java:113) ~[forge-1.20.1-47.2.0_mapped_parchment_2023.09.03-1.20.1.jar:?]
	at net.minecraft.client.gui.screens.worldselection.WorldOpenFlows.doLoadLevel(WorldOpenFlows.java:181) ~[forge-1.20.1-47.2.0_mapped_parchment_2023.09.03-1.20.1.jar:?]
	at net.minecraft.client.gui.screens.worldselection.WorldOpenFlows.doLoadLevel(WorldOpenFlows.java:169) ~[forge-1.20.1-47.2.0_mapped_parchment_2023.09.03-1.20.1.jar:?]
	at net.minecraft.client.gui.screens.worldselection.WorldOpenFlows.loadLevel(WorldOpenFlows.java:65) ~[forge-1.20.1-47.2.0_mapped_parchment_2023.09.03-1.20.1.jar:?]
	at net.minecraft.client.gui.screens.worldselection.WorldSelectionList$WorldListEntry.loadWorld(WorldSelectionList.java:575) ~[forge-1.20.1-47.2.0_mapped_parchment_2023.09.03-1.20.1.jar:?]
	at net.minecraft.client.gui.screens.worldselection.WorldSelectionList$WorldListEntry.joinWorld(WorldSelectionList.java:474) ~[forge-1.20.1-47.2.0_mapped_parchment_2023.09.03-1.20.1.jar:?]
	at net.minecraft.client.gui.screens.worldselection.WorldSelectionList$WorldListEntry.mouseClicked(WorldSelectionList.java:416) ~[forge-1.20.1-47.2.0_mapped_parchment_2023.09.03-1.20.1.jar:?]
	at net.minecraft.client.gui.components.AbstractSelectionList.mouseClicked(AbstractSelectionList.java:298) ~[forge-1.20.1-47.2.0_mapped_parchment_2023.09.03-1.20.1.jar:?]
	at net.minecraft.client.gui.components.events.ContainerEventHandler.mouseClicked(ContainerEventHandler.java:38) ~[forge-1.20.1-47.2.0_mapped_parchment_2023.09.03-1.20.1.jar:?]
	at net.minecraft.client.MouseHandler.lambda$onPress$0(MouseHandler.java:92) ~[forge-1.20.1-47.2.0_mapped_parchment_2023.09.03-1.20.1.jar:?]
	at net.minecraft.client.gui.screens.Screen.wrapScreenError(Screen.java:437) ~[forge-1.20.1-47.2.0_mapped_parchment_2023.09.03-1.20.1.jar:?]
	at net.minecraft.client.MouseHandler.onPress(MouseHandler.java:89) ~[forge-1.20.1-47.2.0_mapped_parchment_2023.09.03-1.20.1.jar:?]
	at net.minecraft.client.MouseHandler.lambda$setup$4(MouseHandler.java:189) ~[forge-1.20.1-47.2.0_mapped_parchment_2023.09.03-1.20.1.jar:?]
	at net.minecraft.util.thread.BlockableEventLoop.execute(BlockableEventLoop.java:102) ~[forge-1.20.1-47.2.0_mapped_parchment_2023.09.03-1.20.1.jar:?]
	at net.minecraft.client.MouseHandler.lambda$setup$5(MouseHandler.java:188) ~[forge-1.20.1-47.2.0_mapped_parchment_2023.09.03-1.20.1.jar:?]
	at org.lwjgl.glfw.GLFWMouseButtonCallbackI.callback(GLFWMouseButtonCallbackI.java:43) ~[lwjgl-glfw-3.3.1.jar:build 7]
	at org.lwjgl.system.JNI.invokeV(Native Method) ~[lwjgl-3.3.1.jar:build 7]
	at org.lwjgl.glfw.GLFW.glfwWaitEventsTimeout(GLFW.java:3474) ~[lwjgl-glfw-3.3.1.jar:build 7]
	at com.mojang.blaze3d.systems.RenderSystem.limitDisplayFPS(RenderSystem.java:237) ~[forge-1.20.1-47.2.0_mapped_parchment_2023.09.03-1.20.1.jar:?]
	at net.minecraft.client.Minecraft.runTick(Minecraft.java:1173) ~[forge-1.20.1-47.2.0_mapped_parchment_2023.09.03-1.20.1.jar:?]
	at net.minecraft.client.Minecraft.run(Minecraft.java:718) ~[forge-1.20.1-47.2.0_mapped_parchment_2023.09.03-1.20.1.jar:?]
	at net.minecraft.client.main.Main.main(Main.java:218) ~[forge-1.20.1-47.2.0_mapped_parchment_2023.09.03-1.20.1.jar:?]
	at jdk.internal.reflect.NativeMethodAccessorImpl.invoke0(Native Method) ~[?:?]
	at jdk.internal.reflect.NativeMethodAccessorImpl.invoke(NativeMethodAccessorImpl.java:77) ~[?:?]
	at jdk.internal.reflect.DelegatingMethodAccessorImpl.invoke(DelegatingMethodAccessorImpl.java:43) ~[?:?]
	at java.lang.reflect.Method.invoke(Method.java:569) ~[?:?]
	at net.minecraftforge.fml.loading.targets.CommonLaunchHandler.runTarget(CommonLaunchHandler.java:111) ~[fmlloader-1.20.1-47.2.0.jar:?]
	at net.minecraftforge.fml.loading.targets.CommonLaunchHandler.clientService(CommonLaunchHandler.java:99) ~[fmlloader-1.20.1-47.2.0.jar:?]
	at net.minecraftforge.fml.loading.targets.ForgeClientUserdevLaunchHandler.devService(ForgeClientUserdevLaunchHandler.java:19) ~[fmlloader-1.20.1-47.2.0.jar:?]
	at net.minecraftforge.fml.loading.targets.CommonDevLaunchHandler.lambda$makeService$7(CommonDevLaunchHandler.java:135) ~[fmlloader-1.20.1-47.2.0.jar:?]
	at cpw.mods.modlauncher.LaunchServiceHandlerDecorator.launch(LaunchServiceHandlerDecorator.java:30) ~[modlauncher-10.0.9.jar:?]
	at cpw.mods.modlauncher.LaunchServiceHandler.launch(LaunchServiceHandler.java:53) ~[modlauncher-10.0.9.jar:?]
	at cpw.mods.modlauncher.LaunchServiceHandler.launch(LaunchServiceHandler.java:71) ~[modlauncher-10.0.9.jar:?]
	at cpw.mods.modlauncher.Launcher.run(Launcher.java:108) ~[modlauncher-10.0.9.jar:?]
	at cpw.mods.modlauncher.Launcher.main(Launcher.java:78) ~[modlauncher-10.0.9.jar:?]
	at cpw.mods.modlauncher.BootstrapLaunchConsumer.accept(BootstrapLaunchConsumer.java:26) ~[modlauncher-10.0.9.jar:?]
	at cpw.mods.modlauncher.BootstrapLaunchConsumer.accept(BootstrapLaunchConsumer.java:23) ~[modlauncher-10.0.9.jar:?]
	at cpw.mods.bootstraplauncher.BootstrapLauncher.main(BootstrapLauncher.java:141) ~[bootstraplauncher-1.1.2.jar:?]
[17Jun2025 23:52:26.108] [Render thread/ERROR] [net.minecraft.world.item.crafting.RecipeManager/]: Parsing error loading recipe simplemissiles:consolecreaft
com.google.gson.JsonSyntaxException: Unknown item 'simplemissiles:console'
	at net.minecraftforge.common.crafting.CraftingHelper.getItem(CraftingHelper.java:160) ~[forge-1.20.1-47.2.0_mapped_parchment_2023.09.03-1.20.1.jar:?]
	at net.minecraftforge.common.crafting.CraftingHelper.getItemStack(CraftingHelper.java:186) ~[forge-1.20.1-47.2.0_mapped_parchment_2023.09.03-1.20.1.jar:?]
	at net.minecraft.world.item.crafting.ShapedRecipe.itemStackFromJson(ShapedRecipe.java:286) ~[forge-1.20.1-47.2.0_mapped_parchment_2023.09.03-1.20.1.jar:?]
	at net.minecraft.world.item.crafting.ShapedRecipe$Serializer.fromJson(ShapedRecipe.java:311) ~[forge-1.20.1-47.2.0_mapped_parchment_2023.09.03-1.20.1.jar:?]
	at net.minecraft.world.item.crafting.ShapedRecipe$Serializer.fromJson(ShapedRecipe.java:301) ~[forge-1.20.1-47.2.0_mapped_parchment_2023.09.03-1.20.1.jar:?]
	at net.minecraftforge.common.extensions.IForgeRecipeSerializer.fromJson(IForgeRecipeSerializer.java:23) ~[forge-1.20.1-47.2.0_mapped_parchment_2023.09.03-1.20.1.jar:?]
	at net.minecraft.world.item.crafting.RecipeManager.fromJson(RecipeManager.java:171) ~[forge-1.20.1-47.2.0_mapped_parchment_2023.09.03-1.20.1.jar:?]
	at net.minecraft.world.item.crafting.RecipeManager.apply(RecipeManager.java:67) ~[forge-1.20.1-47.2.0_mapped_parchment_2023.09.03-1.20.1.jar:?]
	at net.minecraft.world.item.crafting.RecipeManager.apply(RecipeManager.java:34) ~[forge-1.20.1-47.2.0_mapped_parchment_2023.09.03-1.20.1.jar:?]
	at net.minecraft.server.packs.resources.SimplePreparableReloadListener.lambda$reload$1(SimplePreparableReloadListener.java:13) ~[forge-1.20.1-47.2.0_mapped_parchment_2023.09.03-1.20.1.jar:?]
	at java.util.concurrent.CompletableFuture$UniAccept.tryFire(CompletableFuture.java:718) ~[?:?]
	at java.util.concurrent.CompletableFuture$Completion.run(CompletableFuture.java:482) ~[?:?]
	at net.minecraft.server.packs.resources.SimpleReloadInstance.lambda$new$3(SimpleReloadInstance.java:69) ~[forge-1.20.1-47.2.0_mapped_parchment_2023.09.03-1.20.1.jar:?]
	at net.minecraft.util.thread.BlockableEventLoop.doRunTask(BlockableEventLoop.java:156) ~[forge-1.20.1-47.2.0_mapped_parchment_2023.09.03-1.20.1.jar:?]
	at net.minecraft.util.thread.ReentrantBlockableEventLoop.doRunTask(ReentrantBlockableEventLoop.java:23) ~[forge-1.20.1-47.2.0_mapped_parchment_2023.09.03-1.20.1.jar:?]
	at net.minecraft.util.thread.BlockableEventLoop.pollTask(BlockableEventLoop.java:130) ~[forge-1.20.1-47.2.0_mapped_parchment_2023.09.03-1.20.1.jar:?]
	at net.minecraft.util.thread.BlockableEventLoop.managedBlock(BlockableEventLoop.java:139) ~[forge-1.20.1-47.2.0_mapped_parchment_2023.09.03-1.20.1.jar:?]
	at net.minecraft.client.gui.screens.worldselection.WorldOpenFlows.loadWorldDataBlocking(WorldOpenFlows.java:163) ~[forge-1.20.1-47.2.0_mapped_parchment_2023.09.03-1.20.1.jar:?]
	at net.minecraft.client.gui.screens.worldselection.WorldOpenFlows.loadWorldStem(WorldOpenFlows.java:113) ~[forge-1.20.1-47.2.0_mapped_parchment_2023.09.03-1.20.1.jar:?]
	at net.minecraft.client.gui.screens.worldselection.WorldOpenFlows.doLoadLevel(WorldOpenFlows.java:181) ~[forge-1.20.1-47.2.0_mapped_parchment_2023.09.03-1.20.1.jar:?]
	at net.minecraft.client.gui.screens.worldselection.WorldOpenFlows.doLoadLevel(WorldOpenFlows.java:169) ~[forge-1.20.1-47.2.0_mapped_parchment_2023.09.03-1.20.1.jar:?]
	at net.minecraft.client.gui.screens.worldselection.WorldOpenFlows.loadLevel(WorldOpenFlows.java:65) ~[forge-1.20.1-47.2.0_mapped_parchment_2023.09.03-1.20.1.jar:?]
	at net.minecraft.client.gui.screens.worldselection.WorldSelectionList$WorldListEntry.loadWorld(WorldSelectionList.java:575) ~[forge-1.20.1-47.2.0_mapped_parchment_2023.09.03-1.20.1.jar:?]
	at net.minecraft.client.gui.screens.worldselection.WorldSelectionList$WorldListEntry.joinWorld(WorldSelectionList.java:474) ~[forge-1.20.1-47.2.0_mapped_parchment_2023.09.03-1.20.1.jar:?]
	at net.minecraft.client.gui.screens.worldselection.WorldSelectionList$WorldListEntry.mouseClicked(WorldSelectionList.java:416) ~[forge-1.20.1-47.2.0_mapped_parchment_2023.09.03-1.20.1.jar:?]
	at net.minecraft.client.gui.components.AbstractSelectionList.mouseClicked(AbstractSelectionList.java:298) ~[forge-1.20.1-47.2.0_mapped_parchment_2023.09.03-1.20.1.jar:?]
	at net.minecraft.client.gui.components.events.ContainerEventHandler.mouseClicked(ContainerEventHandler.java:38) ~[forge-1.20.1-47.2.0_mapped_parchment_2023.09.03-1.20.1.jar:?]
	at net.minecraft.client.MouseHandler.lambda$onPress$0(MouseHandler.java:92) ~[forge-1.20.1-47.2.0_mapped_parchment_2023.09.03-1.20.1.jar:?]
	at net.minecraft.client.gui.screens.Screen.wrapScreenError(Screen.java:437) ~[forge-1.20.1-47.2.0_mapped_parchment_2023.09.03-1.20.1.jar:?]
	at net.minecraft.client.MouseHandler.onPress(MouseHandler.java:89) ~[forge-1.20.1-47.2.0_mapped_parchment_2023.09.03-1.20.1.jar:?]
	at net.minecraft.client.MouseHandler.lambda$setup$4(MouseHandler.java:189) ~[forge-1.20.1-47.2.0_mapped_parchment_2023.09.03-1.20.1.jar:?]
	at net.minecraft.util.thread.BlockableEventLoop.execute(BlockableEventLoop.java:102) ~[forge-1.20.1-47.2.0_mapped_parchment_2023.09.03-1.20.1.jar:?]
	at net.minecraft.client.MouseHandler.lambda$setup$5(MouseHandler.java:188) ~[forge-1.20.1-47.2.0_mapped_parchment_2023.09.03-1.20.1.jar:?]
	at org.lwjgl.glfw.GLFWMouseButtonCallbackI.callback(GLFWMouseButtonCallbackI.java:43) ~[lwjgl-glfw-3.3.1.jar:build 7]
	at org.lwjgl.system.JNI.invokeV(Native Method) ~[lwjgl-3.3.1.jar:build 7]
	at org.lwjgl.glfw.GLFW.glfwWaitEventsTimeout(GLFW.java:3474) ~[lwjgl-glfw-3.3.1.jar:build 7]
	at com.mojang.blaze3d.systems.RenderSystem.limitDisplayFPS(RenderSystem.java:237) ~[forge-1.20.1-47.2.0_mapped_parchment_2023.09.03-1.20.1.jar:?]
	at net.minecraft.client.Minecraft.runTick(Minecraft.java:1173) ~[forge-1.20.1-47.2.0_mapped_parchment_2023.09.03-1.20.1.jar:?]
	at net.minecraft.client.Minecraft.run(Minecraft.java:718) ~[forge-1.20.1-47.2.0_mapped_parchment_2023.09.03-1.20.1.jar:?]
	at net.minecraft.client.main.Main.main(Main.java:218) ~[forge-1.20.1-47.2.0_mapped_parchment_2023.09.03-1.20.1.jar:?]
	at jdk.internal.reflect.NativeMethodAccessorImpl.invoke0(Native Method) ~[?:?]
	at jdk.internal.reflect.NativeMethodAccessorImpl.invoke(NativeMethodAccessorImpl.java:77) ~[?:?]
	at jdk.internal.reflect.DelegatingMethodAccessorImpl.invoke(DelegatingMethodAccessorImpl.java:43) ~[?:?]
	at java.lang.reflect.Method.invoke(Method.java:569) ~[?:?]
	at net.minecraftforge.fml.loading.targets.CommonLaunchHandler.runTarget(CommonLaunchHandler.java:111) ~[fmlloader-1.20.1-47.2.0.jar:?]
	at net.minecraftforge.fml.loading.targets.CommonLaunchHandler.clientService(CommonLaunchHandler.java:99) ~[fmlloader-1.20.1-47.2.0.jar:?]
	at net.minecraftforge.fml.loading.targets.ForgeClientUserdevLaunchHandler.devService(ForgeClientUserdevLaunchHandler.java:19) ~[fmlloader-1.20.1-47.2.0.jar:?]
	at net.minecraftforge.fml.loading.targets.CommonDevLaunchHandler.lambda$makeService$7(CommonDevLaunchHandler.java:135) ~[fmlloader-1.20.1-47.2.0.jar:?]
	at cpw.mods.modlauncher.LaunchServiceHandlerDecorator.launch(LaunchServiceHandlerDecorator.java:30) ~[modlauncher-10.0.9.jar:?]
	at cpw.mods.modlauncher.LaunchServiceHandler.launch(LaunchServiceHandler.java:53) ~[modlauncher-10.0.9.jar:?]
	at cpw.mods.modlauncher.LaunchServiceHandler.launch(LaunchServiceHandler.java:71) ~[modlauncher-10.0.9.jar:?]
	at cpw.mods.modlauncher.Launcher.run(Launcher.java:108) ~[modlauncher-10.0.9.jar:?]
	at cpw.mods.modlauncher.Launcher.main(Launcher.java:78) ~[modlauncher-10.0.9.jar:?]
	at cpw.mods.modlauncher.BootstrapLaunchConsumer.accept(BootstrapLaunchConsumer.java:26) ~[modlauncher-10.0.9.jar:?]
	at cpw.mods.modlauncher.BootstrapLaunchConsumer.accept(BootstrapLaunchConsumer.java:23) ~[modlauncher-10.0.9.jar:?]
	at cpw.mods.bootstraplauncher.BootstrapLauncher.main(BootstrapLauncher.java:141) ~[bootstraplauncher-1.1.2.jar:?]
[17Jun2025 23:52:26.109] [Render thread/ERROR] [net.minecraft.world.item.crafting.RecipeManager/]: Parsing error loading recipe simplemissiles:pvo_recipe
com.google.gson.JsonSyntaxException: Unknown item 'simplemissiles:navigation_system'
	at net.minecraft.world.item.crafting.ShapedRecipe.lambda$itemFromJson$2(ShapedRecipe.java:292) ~[forge-1.20.1-47.2.0_mapped_parchment_2023.09.03-1.20.1.jar:?]
	at java.util.Optional.orElseThrow(Optional.java:403) ~[?:?]
	at net.minecraft.world.item.crafting.ShapedRecipe.itemFromJson(ShapedRecipe.java:291) ~[forge-1.20.1-47.2.0_mapped_parchment_2023.09.03-1.20.1.jar:?]
	at net.minecraft.world.item.crafting.Ingredient.valueFromJson(Ingredient.java:219) ~[forge-1.20.1-47.2.0_mapped_parchment_2023.09.03-1.20.1.jar:?]
	at net.minecraftforge.common.crafting.VanillaIngredientSerializer.parse(VanillaIngredientSerializer.java:27) ~[forge-1.20.1-47.2.0_mapped_parchment_2023.09.03-1.20.1.jar:?]
	at net.minecraftforge.common.crafting.CraftingHelper.getIngredient(CraftingHelper.java:148) ~[forge-1.20.1-47.2.0_mapped_parchment_2023.09.03-1.20.1.jar:?]
	at net.minecraft.world.item.crafting.Ingredient.fromJson(Ingredient.java:194) ~[forge-1.20.1-47.2.0_mapped_parchment_2023.09.03-1.20.1.jar:?]
	at net.minecraft.world.item.crafting.ShapedRecipe.keyFromJson(ShapedRecipe.java:278) ~[forge-1.20.1-47.2.0_mapped_parchment_2023.09.03-1.20.1.jar:?]
	at net.minecraft.world.item.crafting.ShapedRecipe$Serializer.fromJson(ShapedRecipe.java:306) ~[forge-1.20.1-47.2.0_mapped_parchment_2023.09.03-1.20.1.jar:?]
	at net.minecraft.world.item.crafting.ShapedRecipe$Serializer.fromJson(ShapedRecipe.java:301) ~[forge-1.20.1-47.2.0_mapped_parchment_2023.09.03-1.20.1.jar:?]
	at net.minecraftforge.common.extensions.IForgeRecipeSerializer.fromJson(IForgeRecipeSerializer.java:23) ~[forge-1.20.1-47.2.0_mapped_parchment_2023.09.03-1.20.1.jar:?]
	at net.minecraft.world.item.crafting.RecipeManager.fromJson(RecipeManager.java:171) ~[forge-1.20.1-47.2.0_mapped_parchment_2023.09.03-1.20.1.jar:?]
	at net.minecraft.world.item.crafting.RecipeManager.apply(RecipeManager.java:67) ~[forge-1.20.1-47.2.0_mapped_parchment_2023.09.03-1.20.1.jar:?]
	at net.minecraft.world.item.crafting.RecipeManager.apply(RecipeManager.java:34) ~[forge-1.20.1-47.2.0_mapped_parchment_2023.09.03-1.20.1.jar:?]
	at net.minecraft.server.packs.resources.SimplePreparableReloadListener.lambda$reload$1(SimplePreparableReloadListener.java:13) ~[forge-1.20.1-47.2.0_mapped_parchment_2023.09.03-1.20.1.jar:?]
	at java.util.concurrent.CompletableFuture$UniAccept.tryFire(CompletableFuture.java:718) ~[?:?]
	at java.util.concurrent.CompletableFuture$Completion.run(CompletableFuture.java:482) ~[?:?]
	at net.minecraft.server.packs.resources.SimpleReloadInstance.lambda$new$3(SimpleReloadInstance.java:69) ~[forge-1.20.1-47.2.0_mapped_parchment_2023.09.03-1.20.1.jar:?]
	at net.minecraft.util.thread.BlockableEventLoop.doRunTask(BlockableEventLoop.java:156) ~[forge-1.20.1-47.2.0_mapped_parchment_2023.09.03-1.20.1.jar:?]
	at net.minecraft.util.thread.ReentrantBlockableEventLoop.doRunTask(ReentrantBlockableEventLoop.java:23) ~[forge-1.20.1-47.2.0_mapped_parchment_2023.09.03-1.20.1.jar:?]
	at net.minecraft.util.thread.BlockableEventLoop.pollTask(BlockableEventLoop.java:130) ~[forge-1.20.1-47.2.0_mapped_parchment_2023.09.03-1.20.1.jar:?]
	at net.minecraft.util.thread.BlockableEventLoop.managedBlock(BlockableEventLoop.java:139) ~[forge-1.20.1-47.2.0_mapped_parchment_2023.09.03-1.20.1.jar:?]
	at net.minecraft.client.gui.screens.worldselection.WorldOpenFlows.loadWorldDataBlocking(WorldOpenFlows.java:163) ~[forge-1.20.1-47.2.0_mapped_parchment_2023.09.03-1.20.1.jar:?]
	at net.minecraft.client.gui.screens.worldselection.WorldOpenFlows.loadWorldStem(WorldOpenFlows.java:113) ~[forge-1.20.1-47.2.0_mapped_parchment_2023.09.03-1.20.1.jar:?]
	at net.minecraft.client.gui.screens.worldselection.WorldOpenFlows.doLoadLevel(WorldOpenFlows.java:181) ~[forge-1.20.1-47.2.0_mapped_parchment_2023.09.03-1.20.1.jar:?]
	at net.minecraft.client.gui.screens.worldselection.WorldOpenFlows.doLoadLevel(WorldOpenFlows.java:169) ~[forge-1.20.1-47.2.0_mapped_parchment_2023.09.03-1.20.1.jar:?]
	at net.minecraft.client.gui.screens.worldselection.WorldOpenFlows.loadLevel(WorldOpenFlows.java:65) ~[forge-1.20.1-47.2.0_mapped_parchment_2023.09.03-1.20.1.jar:?]
	at net.minecraft.client.gui.screens.worldselection.WorldSelectionList$WorldListEntry.loadWorld(WorldSelectionList.java:575) ~[forge-1.20.1-47.2.0_mapped_parchment_2023.09.03-1.20.1.jar:?]
	at net.minecraft.client.gui.screens.worldselection.WorldSelectionList$WorldListEntry.joinWorld(WorldSelectionList.java:474) ~[forge-1.20.1-47.2.0_mapped_parchment_2023.09.03-1.20.1.jar:?]
	at net.minecraft.client.gui.screens.worldselection.WorldSelectionList$WorldListEntry.mouseClicked(WorldSelectionList.java:416) ~[forge-1.20.1-47.2.0_mapped_parchment_2023.09.03-1.20.1.jar:?]
	at net.minecraft.client.gui.components.AbstractSelectionList.mouseClicked(AbstractSelectionList.java:298) ~[forge-1.20.1-47.2.0_mapped_parchment_2023.09.03-1.20.1.jar:?]
	at net.minecraft.client.gui.components.events.ContainerEventHandler.mouseClicked(ContainerEventHandler.java:38) ~[forge-1.20.1-47.2.0_mapped_parchment_2023.09.03-1.20.1.jar:?]
	at net.minecraft.client.MouseHandler.lambda$onPress$0(MouseHandler.java:92) ~[forge-1.20.1-47.2.0_mapped_parchment_2023.09.03-1.20.1.jar:?]
	at net.minecraft.client.gui.screens.Screen.wrapScreenError(Screen.java:437) ~[forge-1.20.1-47.2.0_mapped_parchment_2023.09.03-1.20.1.jar:?]
	at net.minecraft.client.MouseHandler.onPress(MouseHandler.java:89) ~[forge-1.20.1-47.2.0_mapped_parchment_2023.09.03-1.20.1.jar:?]
	at net.minecraft.client.MouseHandler.lambda$setup$4(MouseHandler.java:189) ~[forge-1.20.1-47.2.0_mapped_parchment_2023.09.03-1.20.1.jar:?]
	at net.minecraft.util.thread.BlockableEventLoop.execute(BlockableEventLoop.java:102) ~[forge-1.20.1-47.2.0_mapped_parchment_2023.09.03-1.20.1.jar:?]
	at net.minecraft.client.MouseHandler.lambda$setup$5(MouseHandler.java:188) ~[forge-1.20.1-47.2.0_mapped_parchment_2023.09.03-1.20.1.jar:?]
	at org.lwjgl.glfw.GLFWMouseButtonCallbackI.callback(GLFWMouseButtonCallbackI.java:43) ~[lwjgl-glfw-3.3.1.jar:build 7]
	at org.lwjgl.system.JNI.invokeV(Native Method) ~[lwjgl-3.3.1.jar:build 7]
	at org.lwjgl.glfw.GLFW.glfwWaitEventsTimeout(GLFW.java:3474) ~[lwjgl-glfw-3.3.1.jar:build 7]
	at com.mojang.blaze3d.systems.RenderSystem.limitDisplayFPS(RenderSystem.java:237) ~[forge-1.20.1-47.2.0_mapped_parchment_2023.09.03-1.20.1.jar:?]
	at net.minecraft.client.Minecraft.runTick(Minecraft.java:1173) ~[forge-1.20.1-47.2.0_mapped_parchment_2023.09.03-1.20.1.jar:?]
	at net.minecraft.client.Minecraft.run(Minecraft.java:718) ~[forge-1.20.1-47.2.0_mapped_parchment_2023.09.03-1.20.1.jar:?]
	at net.minecraft.client.main.Main.main(Main.java:218) ~[forge-1.20.1-47.2.0_mapped_parchment_2023.09.03-1.20.1.jar:?]
	at jdk.internal.reflect.NativeMethodAccessorImpl.invoke0(Native Method) ~[?:?]
	at jdk.internal.reflect.NativeMethodAccessorImpl.invoke(NativeMethodAccessorImpl.java:77) ~[?:?]
	at jdk.internal.reflect.DelegatingMethodAccessorImpl.invoke(DelegatingMethodAccessorImpl.java:43) ~[?:?]
	at java.lang.reflect.Method.invoke(Method.java:569) ~[?:?]
	at net.minecraftforge.fml.loading.targets.CommonLaunchHandler.runTarget(CommonLaunchHandler.java:111) ~[fmlloader-1.20.1-47.2.0.jar:?]
	at net.minecraftforge.fml.loading.targets.CommonLaunchHandler.clientService(CommonLaunchHandler.java:99) ~[fmlloader-1.20.1-47.2.0.jar:?]
	at net.minecraftforge.fml.loading.targets.ForgeClientUserdevLaunchHandler.devService(ForgeClientUserdevLaunchHandler.java:19) ~[fmlloader-1.20.1-47.2.0.jar:?]
	at net.minecraftforge.fml.loading.targets.CommonDevLaunchHandler.lambda$makeService$7(CommonDevLaunchHandler.java:135) ~[fmlloader-1.20.1-47.2.0.jar:?]
	at cpw.mods.modlauncher.LaunchServiceHandlerDecorator.launch(LaunchServiceHandlerDecorator.java:30) ~[modlauncher-10.0.9.jar:?]
	at cpw.mods.modlauncher.LaunchServiceHandler.launch(LaunchServiceHandler.java:53) ~[modlauncher-10.0.9.jar:?]
	at cpw.mods.modlauncher.LaunchServiceHandler.launch(LaunchServiceHandler.java:71) ~[modlauncher-10.0.9.jar:?]
	at cpw.mods.modlauncher.Launcher.run(Launcher.java:108) ~[modlauncher-10.0.9.jar:?]
	at cpw.mods.modlauncher.Launcher.main(Launcher.java:78) ~[modlauncher-10.0.9.jar:?]
	at cpw.mods.modlauncher.BootstrapLaunchConsumer.accept(BootstrapLaunchConsumer.java:26) ~[modlauncher-10.0.9.jar:?]
	at cpw.mods.modlauncher.BootstrapLaunchConsumer.accept(BootstrapLaunchConsumer.java:23) ~[modlauncher-10.0.9.jar:?]
	at cpw.mods.bootstraplauncher.BootstrapLauncher.main(BootstrapLauncher.java:141) ~[bootstraplauncher-1.1.2.jar:?]
[17Jun2025 23:52:26.109] [Render thread/ERROR] [net.minecraft.world.item.crafting.RecipeManager/]: Parsing error loading recipe simplemissiles:datablockrecipe
com.google.gson.JsonSyntaxException: Unknown item 'simplemissiles:data_transferblock'
	at net.minecraftforge.common.crafting.CraftingHelper.getItem(CraftingHelper.java:160) ~[forge-1.20.1-47.2.0_mapped_parchment_2023.09.03-1.20.1.jar:?]
	at net.minecraftforge.common.crafting.CraftingHelper.getItemStack(CraftingHelper.java:186) ~[forge-1.20.1-47.2.0_mapped_parchment_2023.09.03-1.20.1.jar:?]
	at net.minecraft.world.item.crafting.ShapedRecipe.itemStackFromJson(ShapedRecipe.java:286) ~[forge-1.20.1-47.2.0_mapped_parchment_2023.09.03-1.20.1.jar:?]
	at net.minecraft.world.item.crafting.ShapedRecipe$Serializer.fromJson(ShapedRecipe.java:311) ~[forge-1.20.1-47.2.0_mapped_parchment_2023.09.03-1.20.1.jar:?]
	at net.minecraft.world.item.crafting.ShapedRecipe$Serializer.fromJson(ShapedRecipe.java:301) ~[forge-1.20.1-47.2.0_mapped_parchment_2023.09.03-1.20.1.jar:?]
	at net.minecraftforge.common.extensions.IForgeRecipeSerializer.fromJson(IForgeRecipeSerializer.java:23) ~[forge-1.20.1-47.2.0_mapped_parchment_2023.09.03-1.20.1.jar:?]
	at net.minecraft.world.item.crafting.RecipeManager.fromJson(RecipeManager.java:171) ~[forge-1.20.1-47.2.0_mapped_parchment_2023.09.03-1.20.1.jar:?]
	at net.minecraft.world.item.crafting.RecipeManager.apply(RecipeManager.java:67) ~[forge-1.20.1-47.2.0_mapped_parchment_2023.09.03-1.20.1.jar:?]
	at net.minecraft.world.item.crafting.RecipeManager.apply(RecipeManager.java:34) ~[forge-1.20.1-47.2.0_mapped_parchment_2023.09.03-1.20.1.jar:?]
	at net.minecraft.server.packs.resources.SimplePreparableReloadListener.lambda$reload$1(SimplePreparableReloadListener.java:13) ~[forge-1.20.1-47.2.0_mapped_parchment_2023.09.03-1.20.1.jar:?]
	at java.util.concurrent.CompletableFuture$UniAccept.tryFire(CompletableFuture.java:718) ~[?:?]
	at java.util.concurrent.CompletableFuture$Completion.run(CompletableFuture.java:482) ~[?:?]
	at net.minecraft.server.packs.resources.SimpleReloadInstance.lambda$new$3(SimpleReloadInstance.java:69) ~[forge-1.20.1-47.2.0_mapped_parchment_2023.09.03-1.20.1.jar:?]
	at net.minecraft.util.thread.BlockableEventLoop.doRunTask(BlockableEventLoop.java:156) ~[forge-1.20.1-47.2.0_mapped_parchment_2023.09.03-1.20.1.jar:?]
	at net.minecraft.util.thread.ReentrantBlockableEventLoop.doRunTask(ReentrantBlockableEventLoop.java:23) ~[forge-1.20.1-47.2.0_mapped_parchment_2023.09.03-1.20.1.jar:?]
	at net.minecraft.util.thread.BlockableEventLoop.pollTask(BlockableEventLoop.java:130) ~[forge-1.20.1-47.2.0_mapped_parchment_2023.09.03-1.20.1.jar:?]
	at net.minecraft.util.thread.BlockableEventLoop.managedBlock(BlockableEventLoop.java:139) ~[forge-1.20.1-47.2.0_mapped_parchment_2023.09.03-1.20.1.jar:?]
	at net.minecraft.client.gui.screens.worldselection.WorldOpenFlows.loadWorldDataBlocking(WorldOpenFlows.java:163) ~[forge-1.20.1-47.2.0_mapped_parchment_2023.09.03-1.20.1.jar:?]
	at net.minecraft.client.gui.screens.worldselection.WorldOpenFlows.loadWorldStem(WorldOpenFlows.java:113) ~[forge-1.20.1-47.2.0_mapped_parchment_2023.09.03-1.20.1.jar:?]
	at net.minecraft.client.gui.screens.worldselection.WorldOpenFlows.doLoadLevel(WorldOpenFlows.java:181) ~[forge-1.20.1-47.2.0_mapped_parchment_2023.09.03-1.20.1.jar:?]
	at net.minecraft.client.gui.screens.worldselection.WorldOpenFlows.doLoadLevel(WorldOpenFlows.java:169) ~[forge-1.20.1-47.2.0_mapped_parchment_2023.09.03-1.20.1.jar:?]
	at net.minecraft.client.gui.screens.worldselection.WorldOpenFlows.loadLevel(WorldOpenFlows.java:65) ~[forge-1.20.1-47.2.0_mapped_parchment_2023.09.03-1.20.1.jar:?]
	at net.minecraft.client.gui.screens.worldselection.WorldSelectionList$WorldListEntry.loadWorld(WorldSelectionList.java:575) ~[forge-1.20.1-47.2.0_mapped_parchment_2023.09.03-1.20.1.jar:?]
	at net.minecraft.client.gui.screens.worldselection.WorldSelectionList$WorldListEntry.joinWorld(WorldSelectionList.java:474) ~[forge-1.20.1-47.2.0_mapped_parchment_2023.09.03-1.20.1.jar:?]
	at net.minecraft.client.gui.screens.worldselection.WorldSelectionList$WorldListEntry.mouseClicked(WorldSelectionList.java:416) ~[forge-1.20.1-47.2.0_mapped_parchment_2023.09.03-1.20.1.jar:?]
	at net.minecraft.client.gui.components.AbstractSelectionList.mouseClicked(AbstractSelectionList.java:298) ~[forge-1.20.1-47.2.0_mapped_parchment_2023.09.03-1.20.1.jar:?]
	at net.minecraft.client.gui.components.events.ContainerEventHandler.mouseClicked(ContainerEventHandler.java:38) ~[forge-1.20.1-47.2.0_mapped_parchment_2023.09.03-1.20.1.jar:?]
	at net.minecraft.client.MouseHandler.lambda$onPress$0(MouseHandler.java:92) ~[forge-1.20.1-47.2.0_mapped_parchment_2023.09.03-1.20.1.jar:?]
	at net.minecraft.client.gui.screens.Screen.wrapScreenError(Screen.java:437) ~[forge-1.20.1-47.2.0_mapped_parchment_2023.09.03-1.20.1.jar:?]
	at net.minecraft.client.MouseHandler.onPress(MouseHandler.java:89) ~[forge-1.20.1-47.2.0_mapped_parchment_2023.09.03-1.20.1.jar:?]
	at net.minecraft.client.MouseHandler.lambda$setup$4(MouseHandler.java:189) ~[forge-1.20.1-47.2.0_mapped_parchment_2023.09.03-1.20.1.jar:?]
	at net.minecraft.util.thread.BlockableEventLoop.execute(BlockableEventLoop.java:102) ~[forge-1.20.1-47.2.0_mapped_parchment_2023.09.03-1.20.1.jar:?]
	at net.minecraft.client.MouseHandler.lambda$setup$5(MouseHandler.java:188) ~[forge-1.20.1-47.2.0_mapped_parchment_2023.09.03-1.20.1.jar:?]
	at org.lwjgl.glfw.GLFWMouseButtonCallbackI.callback(GLFWMouseButtonCallbackI.java:43) ~[lwjgl-glfw-3.3.1.jar:build 7]
	at org.lwjgl.system.JNI.invokeV(Native Method) ~[lwjgl-3.3.1.jar:build 7]
	at org.lwjgl.glfw.GLFW.glfwWaitEventsTimeout(GLFW.java:3474) ~[lwjgl-glfw-3.3.1.jar:build 7]
	at com.mojang.blaze3d.systems.RenderSystem.limitDisplayFPS(RenderSystem.java:237) ~[forge-1.20.1-47.2.0_mapped_parchment_2023.09.03-1.20.1.jar:?]
	at net.minecraft.client.Minecraft.runTick(Minecraft.java:1173) ~[forge-1.20.1-47.2.0_mapped_parchment_2023.09.03-1.20.1.jar:?]
	at net.minecraft.client.Minecraft.run(Minecraft.java:718) ~[forge-1.20.1-47.2.0_mapped_parchment_2023.09.03-1.20.1.jar:?]
	at net.minecraft.client.main.Main.main(Main.java:218) ~[forge-1.20.1-47.2.0_mapped_parchment_2023.09.03-1.20.1.jar:?]
	at jdk.internal.reflect.NativeMethodAccessorImpl.invoke0(Native Method) ~[?:?]
	at jdk.internal.reflect.NativeMethodAccessorImpl.invoke(NativeMethodAccessorImpl.java:77) ~[?:?]
	at jdk.internal.reflect.DelegatingMethodAccessorImpl.invoke(DelegatingMethodAccessorImpl.java:43) ~[?:?]
	at java.lang.reflect.Method.invoke(Method.java:569) ~[?:?]
	at net.minecraftforge.fml.loading.targets.CommonLaunchHandler.runTarget(CommonLaunchHandler.java:111) ~[fmlloader-1.20.1-47.2.0.jar:?]
	at net.minecraftforge.fml.loading.targets.CommonLaunchHandler.clientService(CommonLaunchHandler.java:99) ~[fmlloader-1.20.1-47.2.0.jar:?]
	at net.minecraftforge.fml.loading.targets.ForgeClientUserdevLaunchHandler.devService(ForgeClientUserdevLaunchHandler.java:19) ~[fmlloader-1.20.1-47.2.0.jar:?]
	at net.minecraftforge.fml.loading.targets.CommonDevLaunchHandler.lambda$makeService$7(CommonDevLaunchHandler.java:135) ~[fmlloader-1.20.1-47.2.0.jar:?]
	at cpw.mods.modlauncher.LaunchServiceHandlerDecorator.launch(LaunchServiceHandlerDecorator.java:30) ~[modlauncher-10.0.9.jar:?]
	at cpw.mods.modlauncher.LaunchServiceHandler.launch(LaunchServiceHandler.java:53) ~[modlauncher-10.0.9.jar:?]
	at cpw.mods.modlauncher.LaunchServiceHandler.launch(LaunchServiceHandler.java:71) ~[modlauncher-10.0.9.jar:?]
	at cpw.mods.modlauncher.Launcher.run(Launcher.java:108) ~[modlauncher-10.0.9.jar:?]
	at cpw.mods.modlauncher.Launcher.main(Launcher.java:78) ~[modlauncher-10.0.9.jar:?]
	at cpw.mods.modlauncher.BootstrapLaunchConsumer.accept(BootstrapLaunchConsumer.java:26) ~[modlauncher-10.0.9.jar:?]
	at cpw.mods.modlauncher.BootstrapLaunchConsumer.accept(BootstrapLaunchConsumer.java:23) ~[modlauncher-10.0.9.jar:?]
	at cpw.mods.bootstraplauncher.BootstrapLauncher.main(BootstrapLauncher.java:141) ~[bootstraplauncher-1.1.2.jar:?]
[17Jun2025 23:52:26.110] [Render thread/ERROR] [net.minecraft.world.item.crafting.RecipeManager/]: Parsing error loading recipe simplemissiles:napalm_recipe
com.google.gson.JsonSyntaxException: Unknown item 'simplemissiles:navigation_system'
	at net.minecraft.world.item.crafting.ShapedRecipe.lambda$itemFromJson$2(ShapedRecipe.java:292) ~[forge-1.20.1-47.2.0_mapped_parchment_2023.09.03-1.20.1.jar:?]
	at java.util.Optional.orElseThrow(Optional.java:403) ~[?:?]
	at net.minecraft.world.item.crafting.ShapedRecipe.itemFromJson(ShapedRecipe.java:291) ~[forge-1.20.1-47.2.0_mapped_parchment_2023.09.03-1.20.1.jar:?]
	at net.minecraft.world.item.crafting.Ingredient.valueFromJson(Ingredient.java:219) ~[forge-1.20.1-47.2.0_mapped_parchment_2023.09.03-1.20.1.jar:?]
	at net.minecraftforge.common.crafting.VanillaIngredientSerializer.parse(VanillaIngredientSerializer.java:27) ~[forge-1.20.1-47.2.0_mapped_parchment_2023.09.03-1.20.1.jar:?]
	at net.minecraftforge.common.crafting.CraftingHelper.getIngredient(CraftingHelper.java:148) ~[forge-1.20.1-47.2.0_mapped_parchment_2023.09.03-1.20.1.jar:?]
	at net.minecraft.world.item.crafting.Ingredient.fromJson(Ingredient.java:194) ~[forge-1.20.1-47.2.0_mapped_parchment_2023.09.03-1.20.1.jar:?]
	at net.minecraft.world.item.crafting.ShapedRecipe.keyFromJson(ShapedRecipe.java:278) ~[forge-1.20.1-47.2.0_mapped_parchment_2023.09.03-1.20.1.jar:?]
	at net.minecraft.world.item.crafting.ShapedRecipe$Serializer.fromJson(ShapedRecipe.java:306) ~[forge-1.20.1-47.2.0_mapped_parchment_2023.09.03-1.20.1.jar:?]
	at net.minecraft.world.item.crafting.ShapedRecipe$Serializer.fromJson(ShapedRecipe.java:301) ~[forge-1.20.1-47.2.0_mapped_parchment_2023.09.03-1.20.1.jar:?]
	at net.minecraftforge.common.extensions.IForgeRecipeSerializer.fromJson(IForgeRecipeSerializer.java:23) ~[forge-1.20.1-47.2.0_mapped_parchment_2023.09.03-1.20.1.jar:?]
	at net.minecraft.world.item.crafting.RecipeManager.fromJson(RecipeManager.java:171) ~[forge-1.20.1-47.2.0_mapped_parchment_2023.09.03-1.20.1.jar:?]
	at net.minecraft.world.item.crafting.RecipeManager.apply(RecipeManager.java:67) ~[forge-1.20.1-47.2.0_mapped_parchment_2023.09.03-1.20.1.jar:?]
	at net.minecraft.world.item.crafting.RecipeManager.apply(RecipeManager.java:34) ~[forge-1.20.1-47.2.0_mapped_parchment_2023.09.03-1.20.1.jar:?]
	at net.minecraft.server.packs.resources.SimplePreparableReloadListener.lambda$reload$1(SimplePreparableReloadListener.java:13) ~[forge-1.20.1-47.2.0_mapped_parchment_2023.09.03-1.20.1.jar:?]
	at java.util.concurrent.CompletableFuture$UniAccept.tryFire(CompletableFuture.java:718) ~[?:?]
	at java.util.concurrent.CompletableFuture$Completion.run(CompletableFuture.java:482) ~[?:?]
	at net.minecraft.server.packs.resources.SimpleReloadInstance.lambda$new$3(SimpleReloadInstance.java:69) ~[forge-1.20.1-47.2.0_mapped_parchment_2023.09.03-1.20.1.jar:?]
	at net.minecraft.util.thread.BlockableEventLoop.doRunTask(BlockableEventLoop.java:156) ~[forge-1.20.1-47.2.0_mapped_parchment_2023.09.03-1.20.1.jar:?]
	at net.minecraft.util.thread.ReentrantBlockableEventLoop.doRunTask(ReentrantBlockableEventLoop.java:23) ~[forge-1.20.1-47.2.0_mapped_parchment_2023.09.03-1.20.1.jar:?]
	at net.minecraft.util.thread.BlockableEventLoop.pollTask(BlockableEventLoop.java:130) ~[forge-1.20.1-47.2.0_mapped_parchment_2023.09.03-1.20.1.jar:?]
	at net.minecraft.util.thread.BlockableEventLoop.managedBlock(BlockableEventLoop.java:139) ~[forge-1.20.1-47.2.0_mapped_parchment_2023.09.03-1.20.1.jar:?]
	at net.minecraft.client.gui.screens.worldselection.WorldOpenFlows.loadWorldDataBlocking(WorldOpenFlows.java:163) ~[forge-1.20.1-47.2.0_mapped_parchment_2023.09.03-1.20.1.jar:?]
	at net.minecraft.client.gui.screens.worldselection.WorldOpenFlows.loadWorldStem(WorldOpenFlows.java:113) ~[forge-1.20.1-47.2.0_mapped_parchment_2023.09.03-1.20.1.jar:?]
	at net.minecraft.client.gui.screens.worldselection.WorldOpenFlows.doLoadLevel(WorldOpenFlows.java:181) ~[forge-1.20.1-47.2.0_mapped_parchment_2023.09.03-1.20.1.jar:?]
	at net.minecraft.client.gui.screens.worldselection.WorldOpenFlows.doLoadLevel(WorldOpenFlows.java:169) ~[forge-1.20.1-47.2.0_mapped_parchment_2023.09.03-1.20.1.jar:?]
	at net.minecraft.client.gui.screens.worldselection.WorldOpenFlows.loadLevel(WorldOpenFlows.java:65) ~[forge-1.20.1-47.2.0_mapped_parchment_2023.09.03-1.20.1.jar:?]
	at net.minecraft.client.gui.screens.worldselection.WorldSelectionList$WorldListEntry.loadWorld(WorldSelectionList.java:575) ~[forge-1.20.1-47.2.0_mapped_parchment_2023.09.03-1.20.1.jar:?]
	at net.minecraft.client.gui.screens.worldselection.WorldSelectionList$WorldListEntry.joinWorld(WorldSelectionList.java:474) ~[forge-1.20.1-47.2.0_mapped_parchment_2023.09.03-1.20.1.jar:?]
	at net.minecraft.client.gui.screens.worldselection.WorldSelectionList$WorldListEntry.mouseClicked(WorldSelectionList.java:416) ~[forge-1.20.1-47.2.0_mapped_parchment_2023.09.03-1.20.1.jar:?]
	at net.minecraft.client.gui.components.AbstractSelectionList.mouseClicked(AbstractSelectionList.java:298) ~[forge-1.20.1-47.2.0_mapped_parchment_2023.09.03-1.20.1.jar:?]
	at net.minecraft.client.gui.components.events.ContainerEventHandler.mouseClicked(ContainerEventHandler.java:38) ~[forge-1.20.1-47.2.0_mapped_parchment_2023.09.03-1.20.1.jar:?]
	at net.minecraft.client.MouseHandler.lambda$onPress$0(MouseHandler.java:92) ~[forge-1.20.1-47.2.0_mapped_parchment_2023.09.03-1.20.1.jar:?]
	at net.minecraft.client.gui.screens.Screen.wrapScreenError(Screen.java:437) ~[forge-1.20.1-47.2.0_mapped_parchment_2023.09.03-1.20.1.jar:?]
	at net.minecraft.client.MouseHandler.onPress(MouseHandler.java:89) ~[forge-1.20.1-47.2.0_mapped_parchment_2023.09.03-1.20.1.jar:?]
	at net.minecraft.client.MouseHandler.lambda$setup$4(MouseHandler.java:189) ~[forge-1.20.1-47.2.0_mapped_parchment_2023.09.03-1.20.1.jar:?]
	at net.minecraft.util.thread.BlockableEventLoop.execute(BlockableEventLoop.java:102) ~[forge-1.20.1-47.2.0_mapped_parchment_2023.09.03-1.20.1.jar:?]
	at net.minecraft.client.MouseHandler.lambda$setup$5(MouseHandler.java:188) ~[forge-1.20.1-47.2.0_mapped_parchment_2023.09.03-1.20.1.jar:?]
	at org.lwjgl.glfw.GLFWMouseButtonCallbackI.callback(GLFWMouseButtonCallbackI.java:43) ~[lwjgl-glfw-3.3.1.jar:build 7]
	at org.lwjgl.system.JNI.invokeV(Native Method) ~[lwjgl-3.3.1.jar:build 7]
	at org.lwjgl.glfw.GLFW.glfwWaitEventsTimeout(GLFW.java:3474) ~[lwjgl-glfw-3.3.1.jar:build 7]
	at com.mojang.blaze3d.systems.RenderSystem.limitDisplayFPS(RenderSystem.java:237) ~[forge-1.20.1-47.2.0_mapped_parchment_2023.09.03-1.20.1.jar:?]
	at net.minecraft.client.Minecraft.runTick(Minecraft.java:1173) ~[forge-1.20.1-47.2.0_mapped_parchment_2023.09.03-1.20.1.jar:?]
	at net.minecraft.client.Minecraft.run(Minecraft.java:718) ~[forge-1.20.1-47.2.0_mapped_parchment_2023.09.03-1.20.1.jar:?]
	at net.minecraft.client.main.Main.main(Main.java:218) ~[forge-1.20.1-47.2.0_mapped_parchment_2023.09.03-1.20.1.jar:?]
	at jdk.internal.reflect.NativeMethodAccessorImpl.invoke0(Native Method) ~[?:?]
	at jdk.internal.reflect.NativeMethodAccessorImpl.invoke(NativeMethodAccessorImpl.java:77) ~[?:?]
	at jdk.internal.reflect.DelegatingMethodAccessorImpl.invoke(DelegatingMethodAccessorImpl.java:43) ~[?:?]
	at java.lang.reflect.Method.invoke(Method.java:569) ~[?:?]
	at net.minecraftforge.fml.loading.targets.CommonLaunchHandler.runTarget(CommonLaunchHandler.java:111) ~[fmlloader-1.20.1-47.2.0.jar:?]
	at net.minecraftforge.fml.loading.targets.CommonLaunchHandler.clientService(CommonLaunchHandler.java:99) ~[fmlloader-1.20.1-47.2.0.jar:?]
	at net.minecraftforge.fml.loading.targets.ForgeClientUserdevLaunchHandler.devService(ForgeClientUserdevLaunchHandler.java:19) ~[fmlloader-1.20.1-47.2.0.jar:?]
	at net.minecraftforge.fml.loading.targets.CommonDevLaunchHandler.lambda$makeService$7(CommonDevLaunchHandler.java:135) ~[fmlloader-1.20.1-47.2.0.jar:?]
	at cpw.mods.modlauncher.LaunchServiceHandlerDecorator.launch(LaunchServiceHandlerDecorator.java:30) ~[modlauncher-10.0.9.jar:?]
	at cpw.mods.modlauncher.LaunchServiceHandler.launch(LaunchServiceHandler.java:53) ~[modlauncher-10.0.9.jar:?]
	at cpw.mods.modlauncher.LaunchServiceHandler.launch(LaunchServiceHandler.java:71) ~[modlauncher-10.0.9.jar:?]
	at cpw.mods.modlauncher.Launcher.run(Launcher.java:108) ~[modlauncher-10.0.9.jar:?]
	at cpw.mods.modlauncher.Launcher.main(Launcher.java:78) ~[modlauncher-10.0.9.jar:?]
	at cpw.mods.modlauncher.BootstrapLaunchConsumer.accept(BootstrapLaunchConsumer.java:26) ~[modlauncher-10.0.9.jar:?]
	at cpw.mods.modlauncher.BootstrapLaunchConsumer.accept(BootstrapLaunchConsumer.java:23) ~[modlauncher-10.0.9.jar:?]
	at cpw.mods.bootstraplauncher.BootstrapLauncher.main(BootstrapLauncher.java:141) ~[bootstraplauncher-1.1.2.jar:?]
[17Jun2025 23:52:26.111] [Render thread/ERROR] [net.minecraft.world.item.crafting.RecipeManager/]: Parsing error loading recipe simplemissiles:missiletrapdoorrecipe
com.google.gson.JsonSyntaxException: Unknown item 'simplemissiles:trapdoorclosed'
	at net.minecraftforge.common.crafting.CraftingHelper.getItem(CraftingHelper.java:160) ~[forge-1.20.1-47.2.0_mapped_parchment_2023.09.03-1.20.1.jar:?]
	at net.minecraftforge.common.crafting.CraftingHelper.getItemStack(CraftingHelper.java:186) ~[forge-1.20.1-47.2.0_mapped_parchment_2023.09.03-1.20.1.jar:?]
	at net.minecraft.world.item.crafting.ShapedRecipe.itemStackFromJson(ShapedRecipe.java:286) ~[forge-1.20.1-47.2.0_mapped_parchment_2023.09.03-1.20.1.jar:?]
	at net.minecraft.world.item.crafting.ShapedRecipe$Serializer.fromJson(ShapedRecipe.java:311) ~[forge-1.20.1-47.2.0_mapped_parchment_2023.09.03-1.20.1.jar:?]
	at net.minecraft.world.item.crafting.ShapedRecipe$Serializer.fromJson(ShapedRecipe.java:301) ~[forge-1.20.1-47.2.0_mapped_parchment_2023.09.03-1.20.1.jar:?]
	at net.minecraftforge.common.extensions.IForgeRecipeSerializer.fromJson(IForgeRecipeSerializer.java:23) ~[forge-1.20.1-47.2.0_mapped_parchment_2023.09.03-1.20.1.jar:?]
	at net.minecraft.world.item.crafting.RecipeManager.fromJson(RecipeManager.java:171) ~[forge-1.20.1-47.2.0_mapped_parchment_2023.09.03-1.20.1.jar:?]
	at net.minecraft.world.item.crafting.RecipeManager.apply(RecipeManager.java:67) ~[forge-1.20.1-47.2.0_mapped_parchment_2023.09.03-1.20.1.jar:?]
	at net.minecraft.world.item.crafting.RecipeManager.apply(RecipeManager.java:34) ~[forge-1.20.1-47.2.0_mapped_parchment_2023.09.03-1.20.1.jar:?]
	at net.minecraft.server.packs.resources.SimplePreparableReloadListener.lambda$reload$1(SimplePreparableReloadListener.java:13) ~[forge-1.20.1-47.2.0_mapped_parchment_2023.09.03-1.20.1.jar:?]
	at java.util.concurrent.CompletableFuture$UniAccept.tryFire(CompletableFuture.java:718) ~[?:?]
	at java.util.concurrent.CompletableFuture$Completion.run(CompletableFuture.java:482) ~[?:?]
	at net.minecraft.server.packs.resources.SimpleReloadInstance.lambda$new$3(SimpleReloadInstance.java:69) ~[forge-1.20.1-47.2.0_mapped_parchment_2023.09.03-1.20.1.jar:?]
	at net.minecraft.util.thread.BlockableEventLoop.doRunTask(BlockableEventLoop.java:156) ~[forge-1.20.1-47.2.0_mapped_parchment_2023.09.03-1.20.1.jar:?]
	at net.minecraft.util.thread.ReentrantBlockableEventLoop.doRunTask(ReentrantBlockableEventLoop.java:23) ~[forge-1.20.1-47.2.0_mapped_parchment_2023.09.03-1.20.1.jar:?]
	at net.minecraft.util.thread.BlockableEventLoop.pollTask(BlockableEventLoop.java:130) ~[forge-1.20.1-47.2.0_mapped_parchment_2023.09.03-1.20.1.jar:?]
	at net.minecraft.util.thread.BlockableEventLoop.managedBlock(BlockableEventLoop.java:139) ~[forge-1.20.1-47.2.0_mapped_parchment_2023.09.03-1.20.1.jar:?]
	at net.minecraft.client.gui.screens.worldselection.WorldOpenFlows.loadWorldDataBlocking(WorldOpenFlows.java:163) ~[forge-1.20.1-47.2.0_mapped_parchment_2023.09.03-1.20.1.jar:?]
	at net.minecraft.client.gui.screens.worldselection.WorldOpenFlows.loadWorldStem(WorldOpenFlows.java:113) ~[forge-1.20.1-47.2.0_mapped_parchment_2023.09.03-1.20.1.jar:?]
	at net.minecraft.client.gui.screens.worldselection.WorldOpenFlows.doLoadLevel(WorldOpenFlows.java:181) ~[forge-1.20.1-47.2.0_mapped_parchment_2023.09.03-1.20.1.jar:?]
	at net.minecraft.client.gui.screens.worldselection.WorldOpenFlows.doLoadLevel(WorldOpenFlows.java:169) ~[forge-1.20.1-47.2.0_mapped_parchment_2023.09.03-1.20.1.jar:?]
	at net.minecraft.client.gui.screens.worldselection.WorldOpenFlows.loadLevel(WorldOpenFlows.java:65) ~[forge-1.20.1-47.2.0_mapped_parchment_2023.09.03-1.20.1.jar:?]
	at net.minecraft.client.gui.screens.worldselection.WorldSelectionList$WorldListEntry.loadWorld(WorldSelectionList.java:575) ~[forge-1.20.1-47.2.0_mapped_parchment_2023.09.03-1.20.1.jar:?]
	at net.minecraft.client.gui.screens.worldselection.WorldSelectionList$WorldListEntry.joinWorld(WorldSelectionList.java:474) ~[forge-1.20.1-47.2.0_mapped_parchment_2023.09.03-1.20.1.jar:?]
	at net.minecraft.client.gui.screens.worldselection.WorldSelectionList$WorldListEntry.mouseClicked(WorldSelectionList.java:416) ~[forge-1.20.1-47.2.0_mapped_parchment_2023.09.03-1.20.1.jar:?]
	at net.minecraft.client.gui.components.AbstractSelectionList.mouseClicked(AbstractSelectionList.java:298) ~[forge-1.20.1-47.2.0_mapped_parchment_2023.09.03-1.20.1.jar:?]
	at net.minecraft.client.gui.components.events.ContainerEventHandler.mouseClicked(ContainerEventHandler.java:38) ~[forge-1.20.1-47.2.0_mapped_parchment_2023.09.03-1.20.1.jar:?]
	at net.minecraft.client.MouseHandler.lambda$onPress$0(MouseHandler.java:92) ~[forge-1.20.1-47.2.0_mapped_parchment_2023.09.03-1.20.1.jar:?]
	at net.minecraft.client.gui.screens.Screen.wrapScreenError(Screen.java:437) ~[forge-1.20.1-47.2.0_mapped_parchment_2023.09.03-1.20.1.jar:?]
	at net.minecraft.client.MouseHandler.onPress(MouseHandler.java:89) ~[forge-1.20.1-47.2.0_mapped_parchment_2023.09.03-1.20.1.jar:?]
	at net.minecraft.client.MouseHandler.lambda$setup$4(MouseHandler.java:189) ~[forge-1.20.1-47.2.0_mapped_parchment_2023.09.03-1.20.1.jar:?]
	at net.minecraft.util.thread.BlockableEventLoop.execute(BlockableEventLoop.java:102) ~[forge-1.20.1-47.2.0_mapped_parchment_2023.09.03-1.20.1.jar:?]
	at net.minecraft.client.MouseHandler.lambda$setup$5(MouseHandler.java:188) ~[forge-1.20.1-47.2.0_mapped_parchment_2023.09.03-1.20.1.jar:?]
	at org.lwjgl.glfw.GLFWMouseButtonCallbackI.callback(GLFWMouseButtonCallbackI.java:43) ~[lwjgl-glfw-3.3.1.jar:build 7]
	at org.lwjgl.system.JNI.invokeV(Native Method) ~[lwjgl-3.3.1.jar:build 7]
	at org.lwjgl.glfw.GLFW.glfwWaitEventsTimeout(GLFW.java:3474) ~[lwjgl-glfw-3.3.1.jar:build 7]
	at com.mojang.blaze3d.systems.RenderSystem.limitDisplayFPS(RenderSystem.java:237) ~[forge-1.20.1-47.2.0_mapped_parchment_2023.09.03-1.20.1.jar:?]
	at net.minecraft.client.Minecraft.runTick(Minecraft.java:1173) ~[forge-1.20.1-47.2.0_mapped_parchment_2023.09.03-1.20.1.jar:?]
	at net.minecraft.client.Minecraft.run(Minecraft.java:718) ~[forge-1.20.1-47.2.0_mapped_parchment_2023.09.03-1.20.1.jar:?]
	at net.minecraft.client.main.Main.main(Main.java:218) ~[forge-1.20.1-47.2.0_mapped_parchment_2023.09.03-1.20.1.jar:?]
	at jdk.internal.reflect.NativeMethodAccessorImpl.invoke0(Native Method) ~[?:?]
	at jdk.internal.reflect.NativeMethodAccessorImpl.invoke(NativeMethodAccessorImpl.java:77) ~[?:?]
	at jdk.internal.reflect.DelegatingMethodAccessorImpl.invoke(DelegatingMethodAccessorImpl.java:43) ~[?:?]
	at java.lang.reflect.Method.invoke(Method.java:569) ~[?:?]
	at net.minecraftforge.fml.loading.targets.CommonLaunchHandler.runTarget(CommonLaunchHandler.java:111) ~[fmlloader-1.20.1-47.2.0.jar:?]
	at net.minecraftforge.fml.loading.targets.CommonLaunchHandler.clientService(CommonLaunchHandler.java:99) ~[fmlloader-1.20.1-47.2.0.jar:?]
	at net.minecraftforge.fml.loading.targets.ForgeClientUserdevLaunchHandler.devService(ForgeClientUserdevLaunchHandler.java:19) ~[fmlloader-1.20.1-47.2.0.jar:?]
	at net.minecraftforge.fml.loading.targets.CommonDevLaunchHandler.lambda$makeService$7(CommonDevLaunchHandler.java:135) ~[fmlloader-1.20.1-47.2.0.jar:?]
	at cpw.mods.modlauncher.LaunchServiceHandlerDecorator.launch(LaunchServiceHandlerDecorator.java:30) ~[modlauncher-10.0.9.jar:?]
	at cpw.mods.modlauncher.LaunchServiceHandler.launch(LaunchServiceHandler.java:53) ~[modlauncher-10.0.9.jar:?]
	at cpw.mods.modlauncher.LaunchServiceHandler.launch(LaunchServiceHandler.java:71) ~[modlauncher-10.0.9.jar:?]
	at cpw.mods.modlauncher.Launcher.run(Launcher.java:108) ~[modlauncher-10.0.9.jar:?]
	at cpw.mods.modlauncher.Launcher.main(Launcher.java:78) ~[modlauncher-10.0.9.jar:?]
	at cpw.mods.modlauncher.BootstrapLaunchConsumer.accept(BootstrapLaunchConsumer.java:26) ~[modlauncher-10.0.9.jar:?]
	at cpw.mods.modlauncher.BootstrapLaunchConsumer.accept(BootstrapLaunchConsumer.java:23) ~[modlauncher-10.0.9.jar:?]
	at cpw.mods.bootstraplauncher.BootstrapLauncher.main(BootstrapLauncher.java:141) ~[bootstraplauncher-1.1.2.jar:?]
[17Jun2025 23:52:26.111] [Render thread/ERROR] [net.minecraft.world.item.crafting.RecipeManager/]: Parsing error loading recipe simplemissiles:bullet
com.google.gson.JsonSyntaxException: Unknown item 'simplemissiles:bullet'
	at net.minecraftforge.common.crafting.CraftingHelper.getItem(CraftingHelper.java:160) ~[forge-1.20.1-47.2.0_mapped_parchment_2023.09.03-1.20.1.jar:?]
	at net.minecraftforge.common.crafting.CraftingHelper.getItemStack(CraftingHelper.java:186) ~[forge-1.20.1-47.2.0_mapped_parchment_2023.09.03-1.20.1.jar:?]
	at net.minecraft.world.item.crafting.ShapedRecipe.itemStackFromJson(ShapedRecipe.java:286) ~[forge-1.20.1-47.2.0_mapped_parchment_2023.09.03-1.20.1.jar:?]
	at net.minecraft.world.item.crafting.ShapelessRecipe$Serializer.fromJson(ShapelessRecipe.java:95) ~[forge-1.20.1-47.2.0_mapped_parchment_2023.09.03-1.20.1.jar:?]
	at net.minecraft.world.item.crafting.ShapelessRecipe$Serializer.fromJson(ShapelessRecipe.java:84) ~[forge-1.20.1-47.2.0_mapped_parchment_2023.09.03-1.20.1.jar:?]
	at net.minecraftforge.common.extensions.IForgeRecipeSerializer.fromJson(IForgeRecipeSerializer.java:23) ~[forge-1.20.1-47.2.0_mapped_parchment_2023.09.03-1.20.1.jar:?]
	at net.minecraft.world.item.crafting.RecipeManager.fromJson(RecipeManager.java:171) ~[forge-1.20.1-47.2.0_mapped_parchment_2023.09.03-1.20.1.jar:?]
	at net.minecraft.world.item.crafting.RecipeManager.apply(RecipeManager.java:67) ~[forge-1.20.1-47.2.0_mapped_parchment_2023.09.03-1.20.1.jar:?]
	at net.minecraft.world.item.crafting.RecipeManager.apply(RecipeManager.java:34) ~[forge-1.20.1-47.2.0_mapped_parchment_2023.09.03-1.20.1.jar:?]
	at net.minecraft.server.packs.resources.SimplePreparableReloadListener.lambda$reload$1(SimplePreparableReloadListener.java:13) ~[forge-1.20.1-47.2.0_mapped_parchment_2023.09.03-1.20.1.jar:?]
	at java.util.concurrent.CompletableFuture$UniAccept.tryFire(CompletableFuture.java:718) ~[?:?]
	at java.util.concurrent.CompletableFuture$Completion.run(CompletableFuture.java:482) ~[?:?]
	at net.minecraft.server.packs.resources.SimpleReloadInstance.lambda$new$3(SimpleReloadInstance.java:69) ~[forge-1.20.1-47.2.0_mapped_parchment_2023.09.03-1.20.1.jar:?]
	at net.minecraft.util.thread.BlockableEventLoop.doRunTask(BlockableEventLoop.java:156) ~[forge-1.20.1-47.2.0_mapped_parchment_2023.09.03-1.20.1.jar:?]
	at net.minecraft.util.thread.ReentrantBlockableEventLoop.doRunTask(ReentrantBlockableEventLoop.java:23) ~[forge-1.20.1-47.2.0_mapped_parchment_2023.09.03-1.20.1.jar:?]
	at net.minecraft.util.thread.BlockableEventLoop.pollTask(BlockableEventLoop.java:130) ~[forge-1.20.1-47.2.0_mapped_parchment_2023.09.03-1.20.1.jar:?]
	at net.minecraft.util.thread.BlockableEventLoop.managedBlock(BlockableEventLoop.java:139) ~[forge-1.20.1-47.2.0_mapped_parchment_2023.09.03-1.20.1.jar:?]
	at net.minecraft.client.gui.screens.worldselection.WorldOpenFlows.loadWorldDataBlocking(WorldOpenFlows.java:163) ~[forge-1.20.1-47.2.0_mapped_parchment_2023.09.03-1.20.1.jar:?]
	at net.minecraft.client.gui.screens.worldselection.WorldOpenFlows.loadWorldStem(WorldOpenFlows.java:113) ~[forge-1.20.1-47.2.0_mapped_parchment_2023.09.03-1.20.1.jar:?]
	at net.minecraft.client.gui.screens.worldselection.WorldOpenFlows.doLoadLevel(WorldOpenFlows.java:181) ~[forge-1.20.1-47.2.0_mapped_parchment_2023.09.03-1.20.1.jar:?]
	at net.minecraft.client.gui.screens.worldselection.WorldOpenFlows.doLoadLevel(WorldOpenFlows.java:169) ~[forge-1.20.1-47.2.0_mapped_parchment_2023.09.03-1.20.1.jar:?]
	at net.minecraft.client.gui.screens.worldselection.WorldOpenFlows.loadLevel(WorldOpenFlows.java:65) ~[forge-1.20.1-47.2.0_mapped_parchment_2023.09.03-1.20.1.jar:?]
	at net.minecraft.client.gui.screens.worldselection.WorldSelectionList$WorldListEntry.loadWorld(WorldSelectionList.java:575) ~[forge-1.20.1-47.2.0_mapped_parchment_2023.09.03-1.20.1.jar:?]
	at net.minecraft.client.gui.screens.worldselection.WorldSelectionList$WorldListEntry.joinWorld(WorldSelectionList.java:474) ~[forge-1.20.1-47.2.0_mapped_parchment_2023.09.03-1.20.1.jar:?]
	at net.minecraft.client.gui.screens.worldselection.WorldSelectionList$WorldListEntry.mouseClicked(WorldSelectionList.java:416) ~[forge-1.20.1-47.2.0_mapped_parchment_2023.09.03-1.20.1.jar:?]
	at net.minecraft.client.gui.components.AbstractSelectionList.mouseClicked(AbstractSelectionList.java:298) ~[forge-1.20.1-47.2.0_mapped_parchment_2023.09.03-1.20.1.jar:?]
	at net.minecraft.client.gui.components.events.ContainerEventHandler.mouseClicked(ContainerEventHandler.java:38) ~[forge-1.20.1-47.2.0_mapped_parchment_2023.09.03-1.20.1.jar:?]
	at net.minecraft.client.MouseHandler.lambda$onPress$0(MouseHandler.java:92) ~[forge-1.20.1-47.2.0_mapped_parchment_2023.09.03-1.20.1.jar:?]
	at net.minecraft.client.gui.screens.Screen.wrapScreenError(Screen.java:437) ~[forge-1.20.1-47.2.0_mapped_parchment_2023.09.03-1.20.1.jar:?]
	at net.minecraft.client.MouseHandler.onPress(MouseHandler.java:89) ~[forge-1.20.1-47.2.0_mapped_parchment_2023.09.03-1.20.1.jar:?]
	at net.minecraft.client.MouseHandler.lambda$setup$4(MouseHandler.java:189) ~[forge-1.20.1-47.2.0_mapped_parchment_2023.09.03-1.20.1.jar:?]
	at net.minecraft.util.thread.BlockableEventLoop.execute(BlockableEventLoop.java:102) ~[forge-1.20.1-47.2.0_mapped_parchment_2023.09.03-1.20.1.jar:?]
	at net.minecraft.client.MouseHandler.lambda$setup$5(MouseHandler.java:188) ~[forge-1.20.1-47.2.0_mapped_parchment_2023.09.03-1.20.1.jar:?]
	at org.lwjgl.glfw.GLFWMouseButtonCallbackI.callback(GLFWMouseButtonCallbackI.java:43) ~[lwjgl-glfw-3.3.1.jar:build 7]
	at org.lwjgl.system.JNI.invokeV(Native Method) ~[lwjgl-3.3.1.jar:build 7]
	at org.lwjgl.glfw.GLFW.glfwWaitEventsTimeout(GLFW.java:3474) ~[lwjgl-glfw-3.3.1.jar:build 7]
	at com.mojang.blaze3d.systems.RenderSystem.limitDisplayFPS(RenderSystem.java:237) ~[forge-1.20.1-47.2.0_mapped_parchment_2023.09.03-1.20.1.jar:?]
	at net.minecraft.client.Minecraft.runTick(Minecraft.java:1173) ~[forge-1.20.1-47.2.0_mapped_parchment_2023.09.03-1.20.1.jar:?]
	at net.minecraft.client.Minecraft.run(Minecraft.java:718) ~[forge-1.20.1-47.2.0_mapped_parchment_2023.09.03-1.20.1.jar:?]
	at net.minecraft.client.main.Main.main(Main.java:218) ~[forge-1.20.1-47.2.0_mapped_parchment_2023.09.03-1.20.1.jar:?]
	at jdk.internal.reflect.NativeMethodAccessorImpl.invoke0(Native Method) ~[?:?]
	at jdk.internal.reflect.NativeMethodAccessorImpl.invoke(NativeMethodAccessorImpl.java:77) ~[?:?]
	at jdk.internal.reflect.DelegatingMethodAccessorImpl.invoke(DelegatingMethodAccessorImpl.java:43) ~[?:?]
	at java.lang.reflect.Method.invoke(Method.java:569) ~[?:?]
	at net.minecraftforge.fml.loading.targets.CommonLaunchHandler.runTarget(CommonLaunchHandler.java:111) ~[fmlloader-1.20.1-47.2.0.jar:?]
	at net.minecraftforge.fml.loading.targets.CommonLaunchHandler.clientService(CommonLaunchHandler.java:99) ~[fmlloader-1.20.1-47.2.0.jar:?]
	at net.minecraftforge.fml.loading.targets.ForgeClientUserdevLaunchHandler.devService(ForgeClientUserdevLaunchHandler.java:19) ~[fmlloader-1.20.1-47.2.0.jar:?]
	at net.minecraftforge.fml.loading.targets.CommonDevLaunchHandler.lambda$makeService$7(CommonDevLaunchHandler.java:135) ~[fmlloader-1.20.1-47.2.0.jar:?]
	at cpw.mods.modlauncher.LaunchServiceHandlerDecorator.launch(LaunchServiceHandlerDecorator.java:30) ~[modlauncher-10.0.9.jar:?]
	at cpw.mods.modlauncher.LaunchServiceHandler.launch(LaunchServiceHandler.java:53) ~[modlauncher-10.0.9.jar:?]
	at cpw.mods.modlauncher.LaunchServiceHandler.launch(LaunchServiceHandler.java:71) ~[modlauncher-10.0.9.jar:?]
	at cpw.mods.modlauncher.Launcher.run(Launcher.java:108) ~[modlauncher-10.0.9.jar:?]
	at cpw.mods.modlauncher.Launcher.main(Launcher.java:78) ~[modlauncher-10.0.9.jar:?]
	at cpw.mods.modlauncher.BootstrapLaunchConsumer.accept(BootstrapLaunchConsumer.java:26) ~[modlauncher-10.0.9.jar:?]
	at cpw.mods.modlauncher.BootstrapLaunchConsumer.accept(BootstrapLaunchConsumer.java:23) ~[modlauncher-10.0.9.jar:?]
	at cpw.mods.bootstraplauncher.BootstrapLauncher.main(BootstrapLauncher.java:141) ~[bootstraplauncher-1.1.2.jar:?]
[17Jun2025 23:52:26.113] [Render thread/ERROR] [net.minecraft.world.item.crafting.RecipeManager/]: Parsing error loading recipe simplemissiles:em_pcraft
com.google.gson.JsonSyntaxException: Unknown item 'simplemissiles:navigation_system'
	at net.minecraft.world.item.crafting.ShapedRecipe.lambda$itemFromJson$2(ShapedRecipe.java:292) ~[forge-1.20.1-47.2.0_mapped_parchment_2023.09.03-1.20.1.jar:?]
	at java.util.Optional.orElseThrow(Optional.java:403) ~[?:?]
	at net.minecraft.world.item.crafting.ShapedRecipe.itemFromJson(ShapedRecipe.java:291) ~[forge-1.20.1-47.2.0_mapped_parchment_2023.09.03-1.20.1.jar:?]
	at net.minecraft.world.item.crafting.Ingredient.valueFromJson(Ingredient.java:219) ~[forge-1.20.1-47.2.0_mapped_parchment_2023.09.03-1.20.1.jar:?]
	at net.minecraftforge.common.crafting.VanillaIngredientSerializer.parse(VanillaIngredientSerializer.java:27) ~[forge-1.20.1-47.2.0_mapped_parchment_2023.09.03-1.20.1.jar:?]
	at net.minecraftforge.common.crafting.CraftingHelper.getIngredient(CraftingHelper.java:148) ~[forge-1.20.1-47.2.0_mapped_parchment_2023.09.03-1.20.1.jar:?]
	at net.minecraft.world.item.crafting.Ingredient.fromJson(Ingredient.java:194) ~[forge-1.20.1-47.2.0_mapped_parchment_2023.09.03-1.20.1.jar:?]
	at net.minecraft.world.item.crafting.ShapedRecipe.keyFromJson(ShapedRecipe.java:278) ~[forge-1.20.1-47.2.0_mapped_parchment_2023.09.03-1.20.1.jar:?]
	at net.minecraft.world.item.crafting.ShapedRecipe$Serializer.fromJson(ShapedRecipe.java:306) ~[forge-1.20.1-47.2.0_mapped_parchment_2023.09.03-1.20.1.jar:?]
	at net.minecraft.world.item.crafting.ShapedRecipe$Serializer.fromJson(ShapedRecipe.java:301) ~[forge-1.20.1-47.2.0_mapped_parchment_2023.09.03-1.20.1.jar:?]
	at net.minecraftforge.common.extensions.IForgeRecipeSerializer.fromJson(IForgeRecipeSerializer.java:23) ~[forge-1.20.1-47.2.0_mapped_parchment_2023.09.03-1.20.1.jar:?]
	at net.minecraft.world.item.crafting.RecipeManager.fromJson(RecipeManager.java:171) ~[forge-1.20.1-47.2.0_mapped_parchment_2023.09.03-1.20.1.jar:?]
	at net.minecraft.world.item.crafting.RecipeManager.apply(RecipeManager.java:67) ~[forge-1.20.1-47.2.0_mapped_parchment_2023.09.03-1.20.1.jar:?]
	at net.minecraft.world.item.crafting.RecipeManager.apply(RecipeManager.java:34) ~[forge-1.20.1-47.2.0_mapped_parchment_2023.09.03-1.20.1.jar:?]
	at net.minecraft.server.packs.resources.SimplePreparableReloadListener.lambda$reload$1(SimplePreparableReloadListener.java:13) ~[forge-1.20.1-47.2.0_mapped_parchment_2023.09.03-1.20.1.jar:?]
	at java.util.concurrent.CompletableFuture$UniAccept.tryFire(CompletableFuture.java:718) ~[?:?]
	at java.util.concurrent.CompletableFuture$Completion.run(CompletableFuture.java:482) ~[?:?]
	at net.minecraft.server.packs.resources.SimpleReloadInstance.lambda$new$3(SimpleReloadInstance.java:69) ~[forge-1.20.1-47.2.0_mapped_parchment_2023.09.03-1.20.1.jar:?]
	at net.minecraft.util.thread.BlockableEventLoop.doRunTask(BlockableEventLoop.java:156) ~[forge-1.20.1-47.2.0_mapped_parchment_2023.09.03-1.20.1.jar:?]
	at net.minecraft.util.thread.ReentrantBlockableEventLoop.doRunTask(ReentrantBlockableEventLoop.java:23) ~[forge-1.20.1-47.2.0_mapped_parchment_2023.09.03-1.20.1.jar:?]
	at net.minecraft.util.thread.BlockableEventLoop.pollTask(BlockableEventLoop.java:130) ~[forge-1.20.1-47.2.0_mapped_parchment_2023.09.03-1.20.1.jar:?]
	at net.minecraft.util.thread.BlockableEventLoop.managedBlock(BlockableEventLoop.java:139) ~[forge-1.20.1-47.2.0_mapped_parchment_2023.09.03-1.20.1.jar:?]
	at net.minecraft.client.gui.screens.worldselection.WorldOpenFlows.loadWorldDataBlocking(WorldOpenFlows.java:163) ~[forge-1.20.1-47.2.0_mapped_parchment_2023.09.03-1.20.1.jar:?]
	at net.minecraft.client.gui.screens.worldselection.WorldOpenFlows.loadWorldStem(WorldOpenFlows.java:113) ~[forge-1.20.1-47.2.0_mapped_parchment_2023.09.03-1.20.1.jar:?]
	at net.minecraft.client.gui.screens.worldselection.WorldOpenFlows.doLoadLevel(WorldOpenFlows.java:181) ~[forge-1.20.1-47.2.0_mapped_parchment_2023.09.03-1.20.1.jar:?]
	at net.minecraft.client.gui.screens.worldselection.WorldOpenFlows.doLoadLevel(WorldOpenFlows.java:169) ~[forge-1.20.1-47.2.0_mapped_parchment_2023.09.03-1.20.1.jar:?]
	at net.minecraft.client.gui.screens.worldselection.WorldOpenFlows.loadLevel(WorldOpenFlows.java:65) ~[forge-1.20.1-47.2.0_mapped_parchment_2023.09.03-1.20.1.jar:?]
	at net.minecraft.client.gui.screens.worldselection.WorldSelectionList$WorldListEntry.loadWorld(WorldSelectionList.java:575) ~[forge-1.20.1-47.2.0_mapped_parchment_2023.09.03-1.20.1.jar:?]
	at net.minecraft.client.gui.screens.worldselection.WorldSelectionList$WorldListEntry.joinWorld(WorldSelectionList.java:474) ~[forge-1.20.1-47.2.0_mapped_parchment_2023.09.03-1.20.1.jar:?]
	at net.minecraft.client.gui.screens.worldselection.WorldSelectionList$WorldListEntry.mouseClicked(WorldSelectionList.java:416) ~[forge-1.20.1-47.2.0_mapped_parchment_2023.09.03-1.20.1.jar:?]
	at net.minecraft.client.gui.components.AbstractSelectionList.mouseClicked(AbstractSelectionList.java:298) ~[forge-1.20.1-47.2.0_mapped_parchment_2023.09.03-1.20.1.jar:?]
	at net.minecraft.client.gui.components.events.ContainerEventHandler.mouseClicked(ContainerEventHandler.java:38) ~[forge-1.20.1-47.2.0_mapped_parchment_2023.09.03-1.20.1.jar:?]
	at net.minecraft.client.MouseHandler.lambda$onPress$0(MouseHandler.java:92) ~[forge-1.20.1-47.2.0_mapped_parchment_2023.09.03-1.20.1.jar:?]
	at net.minecraft.client.gui.screens.Screen.wrapScreenError(Screen.java:437) ~[forge-1.20.1-47.2.0_mapped_parchment_2023.09.03-1.20.1.jar:?]
	at net.minecraft.client.MouseHandler.onPress(MouseHandler.java:89) ~[forge-1.20.1-47.2.0_mapped_parchment_2023.09.03-1.20.1.jar:?]
	at net.minecraft.client.MouseHandler.lambda$setup$4(MouseHandler.java:189) ~[forge-1.20.1-47.2.0_mapped_parchment_2023.09.03-1.20.1.jar:?]
	at net.minecraft.util.thread.BlockableEventLoop.execute(BlockableEventLoop.java:102) ~[forge-1.20.1-47.2.0_mapped_parchment_2023.09.03-1.20.1.jar:?]
	at net.minecraft.client.MouseHandler.lambda$setup$5(MouseHandler.java:188) ~[forge-1.20.1-47.2.0_mapped_parchment_2023.09.03-1.20.1.jar:?]
	at org.lwjgl.glfw.GLFWMouseButtonCallbackI.callback(GLFWMouseButtonCallbackI.java:43) ~[lwjgl-glfw-3.3.1.jar:build 7]
	at org.lwjgl.system.JNI.invokeV(Native Method) ~[lwjgl-3.3.1.jar:build 7]
	at org.lwjgl.glfw.GLFW.glfwWaitEventsTimeout(GLFW.java:3474) ~[lwjgl-glfw-3.3.1.jar:build 7]
	at com.mojang.blaze3d.systems.RenderSystem.limitDisplayFPS(RenderSystem.java:237) ~[forge-1.20.1-47.2.0_mapped_parchment_2023.09.03-1.20.1.jar:?]
	at net.minecraft.client.Minecraft.runTick(Minecraft.java:1173) ~[forge-1.20.1-47.2.0_mapped_parchment_2023.09.03-1.20.1.jar:?]
	at net.minecraft.client.Minecraft.run(Minecraft.java:718) ~[forge-1.20.1-47.2.0_mapped_parchment_2023.09.03-1.20.1.jar:?]
	at net.minecraft.client.main.Main.main(Main.java:218) ~[forge-1.20.1-47.2.0_mapped_parchment_2023.09.03-1.20.1.jar:?]
	at jdk.internal.reflect.NativeMethodAccessorImpl.invoke0(Native Method) ~[?:?]
	at jdk.internal.reflect.NativeMethodAccessorImpl.invoke(NativeMethodAccessorImpl.java:77) ~[?:?]
	at jdk.internal.reflect.DelegatingMethodAccessorImpl.invoke(DelegatingMethodAccessorImpl.java:43) ~[?:?]
	at java.lang.reflect.Method.invoke(Method.java:569) ~[?:?]
	at net.minecraftforge.fml.loading.targets.CommonLaunchHandler.runTarget(CommonLaunchHandler.java:111) ~[fmlloader-1.20.1-47.2.0.jar:?]
	at net.minecraftforge.fml.loading.targets.CommonLaunchHandler.clientService(CommonLaunchHandler.java:99) ~[fmlloader-1.20.1-47.2.0.jar:?]
	at net.minecraftforge.fml.loading.targets.ForgeClientUserdevLaunchHandler.devService(ForgeClientUserdevLaunchHandler.java:19) ~[fmlloader-1.20.1-47.2.0.jar:?]
	at net.minecraftforge.fml.loading.targets.CommonDevLaunchHandler.lambda$makeService$7(CommonDevLaunchHandler.java:135) ~[fmlloader-1.20.1-47.2.0.jar:?]
	at cpw.mods.modlauncher.LaunchServiceHandlerDecorator.launch(LaunchServiceHandlerDecorator.java:30) ~[modlauncher-10.0.9.jar:?]
	at cpw.mods.modlauncher.LaunchServiceHandler.launch(LaunchServiceHandler.java:53) ~[modlauncher-10.0.9.jar:?]
	at cpw.mods.modlauncher.LaunchServiceHandler.launch(LaunchServiceHandler.java:71) ~[modlauncher-10.0.9.jar:?]
	at cpw.mods.modlauncher.Launcher.run(Launcher.java:108) ~[modlauncher-10.0.9.jar:?]
	at cpw.mods.modlauncher.Launcher.main(Launcher.java:78) ~[modlauncher-10.0.9.jar:?]
	at cpw.mods.modlauncher.BootstrapLaunchConsumer.accept(BootstrapLaunchConsumer.java:26) ~[modlauncher-10.0.9.jar:?]
	at cpw.mods.modlauncher.BootstrapLaunchConsumer.accept(BootstrapLaunchConsumer.java:23) ~[modlauncher-10.0.9.jar:?]
	at cpw.mods.bootstraplauncher.BootstrapLauncher.main(BootstrapLauncher.java:141) ~[bootstraplauncher-1.1.2.jar:?]
[17Jun2025 23:52:26.114] [Render thread/INFO] [net.minecraft.world.item.crafting.RecipeManager/]: Loaded 7 recipes
[17Jun2025 23:52:26.176] [Render thread/ERROR] [net.minecraft.server.ServerAdvancementManager/]: Parsing error loading custom advancement simplemissiles:heeel_nah: Expected item to be an item, was unknown string 'simplemissiles:omega_missle'
[17Jun2025 23:52:26.183] [Render thread/ERROR] [net.minecraft.server.ServerAdvancementManager/]: Parsing error loading custom advancement simplemissiles:ahhanother_nerd: Expected item to be an item, was unknown string 'simplemissiles:test_pvo'
[17Jun2025 23:52:26.194] [Render thread/ERROR] [net.minecraft.server.ServerAdvancementManager/]: Parsing error loading custom advancement simplemissiles:advanced_weaponry: Expected item to be an item, was unknown string 'simplemissiles:tnt_missle'
[17Jun2025 23:52:26.197] [Render thread/ERROR] [net.minecraft.server.ServerAdvancementManager/]: Parsing error loading custom advancement simplemissiles:what_a_strange_feeling: Expected item to be an item, was unknown string 'simplemissiles:geiger_counter'
[17Jun2025 23:52:26.214] [Render thread/ERROR] [net.minecraft.advancements.AdvancementList/]: Couldn't load advancement simplemissiles:advanced_weaponry_2: Task Advancement{parentId=simplemissiles:advanced_weaponry, display=net.minecraft.advancements.DisplayInfo@22cca101, rewards=AdvancementRewards{experience=0, loot=[], recipes=[], function=net.minecraft.commands.CommandFunction$CacheableFunction@403b7be3}, criteria={advanced_weaponry_2_0=net.minecraft.advancements.Criterion@2a5d9ede}, requirements=[[advanced_weaponry_2_0]], sends_telemetry_event=false}
[17Jun2025 23:52:26.214] [Render thread/INFO] [net.minecraft.advancements.AdvancementList/]: Loaded 1271 advancements
[17Jun2025 23:52:26.559] [Server thread/INFO] [net.minecraft.client.server.IntegratedServer/]: Starting integrated minecraft server version 1.20.1
[17Jun2025 23:52:26.559] [Server thread/INFO] [net.minecraft.server.MinecraftServer/]: Generating keypair
[17Jun2025 23:52:27.379] [Server thread/INFO] [net.minecraft.server.MinecraftServer/]: Preparing start region for dimension minecraft:overworld
[17Jun2025 23:52:29.142] [Render thread/INFO] [net.minecraft.server.level.progress.LoggerChunkProgressListener/]: Preparing spawn area: 0%
[17Jun2025 23:52:29.179] [Render thread/INFO] [net.minecraft.server.level.progress.LoggerChunkProgressListener/]: Preparing spawn area: 0%
[17Jun2025 23:52:29.179] [Render thread/INFO] [net.minecraft.server.level.progress.LoggerChunkProgressListener/]: Preparing spawn area: 0%
[17Jun2025 23:52:29.179] [Render thread/INFO] [net.minecraft.server.level.progress.LoggerChunkProgressListener/]: Preparing spawn area: 0%
[17Jun2025 23:52:29.415] [Render thread/INFO] [net.minecraft.server.level.progress.LoggerChunkProgressListener/]: Preparing spawn area: 0%
[17Jun2025 23:52:29.859] [Server thread/INFO] [net.minecraftforge.server.permission.PermissionAPI/]: Successfully initialized permission handler forge:default_handler
[17Jun2025 23:52:29.874] [Render thread/INFO] [net.minecraft.server.level.progress.LoggerChunkProgressListener/]: Time elapsed: 2477 ms
[17Jun2025 23:52:29.954] [Server thread/INFO] [net.minecraft.client.server.IntegratedServer/]: Changing simulation distance to 10, from 0
[17Jun2025 23:52:30.025] [Render thread/WARN] [io.netty.util.internal.SystemPropertyUtil/]: Unable to parse the boolean system property 'java.net.preferIPv6Addresses':system - using the default value: false
[17Jun2025 23:52:30.386] [Netty Local Client IO #0/INFO] [net.minecraftforge.network.NetworkHooks/]: Connected to a modded server.
[17Jun2025 23:52:30.431] [Server thread/INFO] [net.minecraft.server.players.PlayerList/]: Dev[local:E:4a1c0567] logged in with entity id 140 at (0.30000001192092896, 64.0, -235.45257499079543)
[17Jun2025 23:52:30.469] [Server thread/INFO] [net.minecraft.server.MinecraftServer/]: Dev joined the game
[17Jun2025 23:52:30.729] [Render thread/WARN] [net.minecraft.client.multiplayer.ClientPacketListener/]: Received passengers for unknown entity
[17Jun2025 23:52:30.889] [Render thread/INFO] [net.minecraft.advancements.AdvancementList/]: Loaded 12 advancements
[17Jun2025 23:52:40.410] [Server thread/INFO] [net.minecraft.client.server.IntegratedServer/]: Saving and pausing game...
[17Jun2025 23:52:40.430] [Server thread/INFO] [net.minecraft.server.MinecraftServer/]: Saving chunks for level 'ServerLevel[New World]'/minecraft:overworld
[17Jun2025 23:52:40.446] [Server thread/INFO] [net.minecraft.server.MinecraftServer/]: Saving chunks for level 'ServerLevel[New World]'/minecraft:the_nether
[17Jun2025 23:52:40.447] [Server thread/INFO] [net.minecraft.server.MinecraftServer/]: Saving chunks for level 'ServerLevel[New World]'/minecraft:the_end
[17Jun2025 23:52:41.160] [Server thread/INFO] [net.minecraft.client.server.IntegratedServer/]: Saving and pausing game...
[17Jun2025 23:52:41.173] [Server thread/INFO] [net.minecraft.server.MinecraftServer/]: Saving chunks for level 'ServerLevel[New World]'/minecraft:overworld
[17Jun2025 23:52:41.182] [Server thread/INFO] [net.minecraft.server.MinecraftServer/]: Saving chunks for level 'ServerLevel[New World]'/minecraft:the_nether
[17Jun2025 23:52:41.182] [Server thread/INFO] [net.minecraft.server.MinecraftServer/]: Saving chunks for level 'ServerLevel[New World]'/minecraft:the_end
