#
# There is insufficient memory for the Java Runtime Environment to continue.
# Native memory allocation (mmap) failed to map 721420288 bytes for G1 virtual space
# Possible reasons:
#   The system is out of physical RAM or swap space
#   The process is running with CompressedOops enabled, and the Java Heap may be blocking the growth of the native heap
# Possible solutions:
#   Reduce memory load on the system
#   Increase physical memory or swap space
#   Check if swap backing store is full
#   Decrease Java heap size (-Xmx/-Xms)
#   Decrease number of Java threads
#   Decrease Java thread stack sizes (-Xss)
#   Set larger code cache with -XX:ReservedCodeCacheSize=
#   JVM is running with Zero Based Compressed Oops mode in which the Java heap is
#     placed in the first 32GB address space. The Java Heap base address is the
#     maximum limit for the native heap growth. Please use -XX:HeapBaseMinAddress
#     to set the Java Heap base and to place the Java Heap above 32GB virtual address.
# This output file may be truncated or incomplete.
#
#  Out of Memory Error (os_windows.cpp:3613), pid=26328, tid=26552
#
# JRE version: OpenJDK Runtime Environment Temurin-17.0.10+7 (17.0.10+7) (build 17.0.10+7)
# Java VM: OpenJDK 64-Bit Server VM Temurin-17.0.10+7 (17.0.10+7, mixed mode, sharing, tiered, compressed oops, compressed class ptrs, g1 gc, windows-amd64)
# No core dump will be written. Minidumps are not enabled by default on client versions of Windows
#

---------------  S U M M A R Y ------------

Command Line: -Dforge.enableGameTest=true -Dforge.logging.console.level=debug -Dforge.logging.markers=REGISTRIES -DignoreList=bootstraplauncher,securejarhandler,asm-commons,asm-util,asm-analysis,asm-tree,asm,JarJarFileSystems,client-extra,fmlcore,javafmllanguage,lowcodelanguage,mclanguage,forge- -Djava.net.preferIPv6Addresses=system -DlegacyClassPath.file=C:\Users\anime\MCreatorWorkspaces\simplenukes\build\classpath\runClient_minecraftClasspath.txt -DmergeModules=jna-5.10.0.jar,jna-platform-5.10.0.jar --module-path=C:\Users\anime\.mcreator\gradle\caches\modules-2\files-2.1\cpw.mods\bootstraplauncher\1.1.2\c546e00443d8432cda6baa1c860346980742628\bootstraplauncher-1.1.2.jar;C:\Users\anime\.mcreator\gradle\caches\modules-2\files-2.1\cpw.mods\securejarhandler\2.1.10\51e6a22c6c716beb11e244bf5b8be480f51dd6b5\securejarhandler-2.1.10.jar;C:\Users\anime\.mcreator\gradle\caches\modules-2\files-2.1\org.ow2.asm\asm-commons\9.5\19ab5b5800a3910d30d3a3e64fdb00fd0cb42de0\asm-commons-9.5.jar;C:\Users\anime\.mcreator\gradle\caches\modules-2\files-2.1\org.ow2.asm\asm-util\9.5\64b5a1fc8c1b15ed2efd6a063e976bc8d3dc5ffe\asm-util-9.5.jar;C:\Users\anime\.mcreator\gradle\caches\modules-2\files-2.1\org.ow2.asm\asm-analysis\9.5\490bacc77de7cbc0be1a30bb3471072d705be4a4\asm-analysis-9.5.jar;C:\Users\anime\.mcreator\gradle\caches\modules-2\files-2.1\org.ow2.asm\asm-tree\9.5\fd33c8b6373abaa675be407082fdfda35021254a\asm-tree-9.5.jar;C:\Users\anime\.mcreator\gradle\caches\modules-2\files-2.1\org.ow2.asm\asm\9.5\dc6ea1875f4d64fbc85e1691c95b96a3d8569c90\asm-9.5.jar;C:\Users\anime\.mcreator\gradle\caches\modules-2\files-2.1\net.minecraftforge\JarJarFileSystems\0.3.19\2464eb7d6b9ddb9db36a82cf8a95193e5c6fe020\JarJarFileSystems-0.3.19.jar --add-modules=ALL-MODULE-PATH --add-opens=java.base/java.util.jar=cpw.mods.securejarhandler --add-opens=java.base/java.lang.invoke=cpw.mods.securejarhandler --add-exports=java.base/sun.security.util=cpw.mods.securejarhandler --add-exports=jdk.naming.dns/com.sun.jndi.dns=java.naming -XX:HeapDumpPath=MojangTricksIntelDriversForPerformance_javaw.exe_minecraft.exe.heapdump -Dfile.encoding=UTF-8 -Duser.country=US -Duser.language=en -Duser.variant cpw.mods.bootstraplauncher.BootstrapLauncher --launchTarget forgeclientuserdev --version MOD_DEV --assetIndex 5 --assetsDir C:\Users\anime\.mcreator\gradle\caches\forge_gradle\assets --gameDir . --fml.forgeVersion 47.2.0 --fml.mcVersion 1.20.1 --fml.forgeGroup net.minecraftforge --fml.mcpVersion 20230612.114412

Host: 11th Gen Intel(R) Core(TM) i7-1165G7 @ 2.80GHz, 8 cores, 15G,  Windows 10 , 64 bit Build 19041 (10.0.19041.5438)
Time: Fri Feb 21 22:55:47 2025 FLE Standard Time elapsed time: 220.289746 seconds (0d 0h 3m 40s)

---------------  T H R E A D  ---------------

Current thread (0x00000202b50966a0):  VMThread "VM Thread" [stack: 0x000000ab47600000,0x000000ab47700000] [id=26552]

Stack: [0x000000ab47600000,0x000000ab47700000]
Native frames: (J=compiled Java code, j=interpreted, Vv=VM code, C=native code)
V  [jvm.dll+0x67d2c9]
V  [jvm.dll+0x834afa]
V  [jvm.dll+0x8365be]
V  [jvm.dll+0x836c23]
V  [jvm.dll+0x2477ff]
V  [jvm.dll+0x67a109]
V  [jvm.dll+0x66eb7a]
V  [jvm.dll+0x30764b]
V  [jvm.dll+0x30eaf6]
V  [jvm.dll+0x35e83e]
V  [jvm.dll+0x35ea6f]
V  [jvm.dll+0x2de248]
V  [jvm.dll+0x2e12c6]
V  [jvm.dll+0x2eb9ba]
V  [jvm.dll+0x31fd00]
V  [jvm.dll+0x83b11b]
V  [jvm.dll+0x83be61]
V  [jvm.dll+0x83c37d]
V  [jvm.dll+0x83c754]
V  [jvm.dll+0x83c820]
V  [jvm.dll+0x7e3fba]
V  [jvm.dll+0x67c1b5]
C  [ucrtbase.dll+0x21bb2]
C  [KERNEL32.DLL+0x17374]
C  [ntdll.dll+0x4cc91]

VM_Operation (0x000000ab472ffad0): G1PauseRemark, mode: safepoint, requested by thread 0x0000020292321590


---------------  P R O C E S S  ---------------

Threads class SMR info:
_java_thread_list=0x000002036b5a6280, length=45, elements={
0x00000202922a50f0, 0x00000202b509af70, 0x00000202b509ba40, 0x00000202b50b1a30,
0x00000202b50b6420, 0x00000202b50b6cf0, 0x00000202b50b95d0, 0x00000202b50be2a0,
0x00000202b50bfbc0, 0x00000202b50d1230, 0x00000202b51d49e0, 0x00000202b52a2500,
0x00000202809eac40, 0x00000202809eb660, 0x00000202809e9800, 0x00000202809e6f80,
0x00000202fed1b8d0, 0x00000202fed1cd10, 0x00000202fed19a70, 0x00000202fed1d220,
0x00000202fed19560, 0x00000202fed1a9a0, 0x00000202fed19f80, 0x00000202fed1a490,
0x00000202fed1b3c0, 0x00000202fed1d730, 0x00000202fed1e150, 0x0000020289639480,
0x000002028963b7f0, 0x000002028963fed0, 0x0000020289638f70, 0x0000020289639990,
0x000002028963a8c0, 0x0000020280e35810, 0x0000020289638550, 0x0000020318b347a0,
0x0000020318b351c0, 0x0000020318b36b10, 0x0000020318b38970, 0x0000020289638a60,
0x0000020318b37020, 0x0000020280e34df0, 0x000002028963efa0, 0x0000020318b37f50,
0x0000020318f60f40
}

Java Threads: ( => current thread )
  0x00000202922a50f0 JavaThread "Render thread" [_thread_blocked, id=25472, stack(0x000000ab47000000,0x000000ab47100000)]
  0x00000202b509af70 JavaThread "Reference Handler" daemon [_thread_blocked, id=13356, stack(0x000000ab47700000,0x000000ab47800000)]
  0x00000202b509ba40 JavaThread "Finalizer" daemon [_thread_blocked, id=5896, stack(0x000000ab47800000,0x000000ab47900000)]
  0x00000202b50b1a30 JavaThread "Signal Dispatcher" daemon [_thread_blocked, id=26260, stack(0x000000ab47900000,0x000000ab47a00000)]
  0x00000202b50b6420 JavaThread "Attach Listener" daemon [_thread_blocked, id=21368, stack(0x000000ab47a00000,0x000000ab47b00000)]
  0x00000202b50b6cf0 JavaThread "Service Thread" daemon [_thread_blocked, id=22592, stack(0x000000ab47b00000,0x000000ab47c00000)]
  0x00000202b50b95d0 JavaThread "Monitor Deflation Thread" daemon [_thread_blocked, id=26740, stack(0x000000ab47c00000,0x000000ab47d00000)]
  0x00000202b50be2a0 JavaThread "C2 CompilerThread0" daemon [_thread_blocked, id=5776, stack(0x000000ab47d00000,0x000000ab47e00000)]
  0x00000202b50bfbc0 JavaThread "C1 CompilerThread0" daemon [_thread_blocked, id=6812, stack(0x000000ab47e00000,0x000000ab47f00000)]
  0x00000202b50d1230 JavaThread "Sweeper thread" daemon [_thread_blocked, id=1456, stack(0x000000ab47f00000,0x000000ab48000000)]
  0x00000202b51d49e0 JavaThread "Common-Cleaner" daemon [_thread_blocked, id=28096, stack(0x000000ab48000000,0x000000ab48100000)]
  0x00000202b52a2500 JavaThread "Notification Thread" daemon [_thread_blocked, id=28648, stack(0x000000ab48200000,0x000000ab48300000)]
  0x00000202809eac40 JavaThread "JNA Cleaner" daemon [_thread_blocked, id=28940, stack(0x000000ab49800000,0x000000ab49900000)]
  0x00000202809eb660 JavaThread "Timer hack thread" daemon [_thread_blocked, id=2556, stack(0x000000ab49a00000,0x000000ab49b00000)]
  0x00000202809e9800 JavaThread "Yggdrasil Key Fetcher" daemon [_thread_blocked, id=14772, stack(0x000000ab49c00000,0x000000ab49d00000)]
  0x00000202809e6f80 JavaThread "modloading-worker-0" daemon [_thread_blocked, id=4680, stack(0x000000ab49700000,0x000000ab49800000)]
  0x00000202fed1b8d0 JavaThread "modloading-worker-0" daemon [_thread_blocked, id=10428, stack(0x000000ab4a000000,0x000000ab4a100000)]
  0x00000202fed1cd10 JavaThread "Worker-Main-1" daemon [_thread_blocked, id=5964, stack(0x000000ab4a500000,0x000000ab4a600000)]
  0x00000202fed19a70 JavaThread "Thread-3" daemon [_thread_blocked, id=12920, stack(0x000000ab4a600000,0x000000ab4a700000)]
  0x00000202fed1d220 JavaThread "FileSystemWatchService" daemon [_thread_in_native, id=4716, stack(0x000000ab4a700000,0x000000ab4a800000)]
  0x00000202fed19560 JavaThread "Worker-Main-2" daemon [_thread_blocked, id=4684, stack(0x000000ab4a800000,0x000000ab4a900000)]
  0x00000202fed1a9a0 JavaThread "Worker-Main-3" daemon [_thread_blocked, id=19080, stack(0x000000ab4a900000,0x000000ab4aa00000)]
  0x00000202fed19f80 JavaThread "Worker-Main-4" daemon [_thread_blocked, id=10120, stack(0x000000ab4aa00000,0x000000ab4ab00000)]
  0x00000202fed1a490 JavaThread "Worker-Main-5" daemon [_thread_blocked, id=9864, stack(0x000000ab4ab00000,0x000000ab4ac00000)]
  0x00000202fed1b3c0 JavaThread "Worker-Main-6" daemon [_thread_blocked, id=2352, stack(0x000000ab4ac00000,0x000000ab4ad00000)]
  0x00000202fed1d730 JavaThread "Worker-Main-7" daemon [_thread_blocked, id=3228, stack(0x000000ab4ad00000,0x000000ab4ae00000)]
  0x00000202fed1e150 JavaThread "IO-Worker-8" [_thread_blocked, id=10192, stack(0x000000ab4af00000,0x000000ab4b000000)]
  0x0000020289639480 JavaThread "FileSystemWatchService" daemon [_thread_in_native, id=19420, stack(0x000000ab4b600000,0x000000ab4b700000)]
  0x000002028963b7f0 JavaThread "IO-Worker-9" [_thread_blocked, id=6272, stack(0x000000ab4b700000,0x000000ab4b800000)]
  0x000002028963fed0 JavaThread "Java2D Disposer" daemon [_thread_blocked, id=25000, stack(0x000000ab4ba00000,0x000000ab4bb00000)]
  0x0000020289638f70 JavaThread "Netty Server IO #0" daemon [_thread_in_native, id=29500, stack(0x000000ab4bb00000,0x000000ab4bc00000)]
  0x0000020289639990 JavaThread "Netty Local Client IO #0" daemon [_thread_blocked, id=29348, stack(0x000000ab4bc00000,0x000000ab4bd00000)]
  0x000002028963a8c0 JavaThread "Netty Server IO #1" daemon [_thread_in_native, id=6596, stack(0x000000ab4bd00000,0x000000ab4be00000)]
  0x0000020280e35810 JavaThread "IO-Worker-11" [_thread_blocked, id=10800, stack(0x000000ab4b100000,0x000000ab4b200000)]
  0x0000020289638550 JavaThread "FileSystemWatchService" daemon [_thread_in_native, id=15308, stack(0x000000ab49400000,0x000000ab49500000)]
  0x0000020318b347a0 JavaThread "Netty Server IO #2" daemon [_thread_in_native, id=24988, stack(0x000000ab49000000,0x000000ab49100000)]
  0x0000020318b351c0 JavaThread "Netty Local Client IO #1" daemon [_thread_blocked, id=29184, stack(0x000000ab4a400000,0x000000ab4a500000)]
  0x0000020318b36b10 JavaThread "Netty Server IO #3" daemon [_thread_in_native, id=23336, stack(0x000000ab4b000000,0x000000ab4b100000)]
  0x0000020318b38970 JavaThread "IO-Worker-12" [_thread_blocked, id=27736, stack(0x000000ab4b200000,0x000000ab4b300000)]
  0x0000020289638a60 JavaThread "Server thread" [_thread_blocked, id=25808, stack(0x000000ab46e00000,0x000000ab46f00000)]
  0x0000020318b37020 JavaThread "FileSystemWatchService" daemon [_thread_in_native, id=27856, stack(0x000000ab4b500000,0x000000ab4b600000)]
  0x0000020280e34df0 JavaThread "Netty Server IO #4" daemon [_thread_in_native, id=28896, stack(0x000000ab49900000,0x000000ab49a00000)]
  0x000002028963efa0 JavaThread "Netty Local Client IO #2" daemon [_thread_blocked, id=8936, stack(0x000000ab49e00000,0x000000ab49f00000)]
  0x0000020318b37f50 JavaThread "Netty Server IO #5" daemon [_thread_in_native, id=3808, stack(0x000000ab4be00000,0x000000ab4bf00000)]
  0x0000020318f60f40 JavaThread "Sound engine" daemon [_thread_blocked, id=6252, stack(0x000000ab4bf00000,0x000000ab4c000000)]

Other Threads:
=>0x00000202b50966a0 VMThread "VM Thread" [stack: 0x000000ab47600000,0x000000ab47700000] [id=26552]
  0x00000202b51e3300 WatcherThread [stack: 0x000000ab48300000,0x000000ab48400000] [id=20524]
  0x0000020292310c60 GCTaskThread "GC Thread#0" [stack: 0x000000ab47100000,0x000000ab47200000] [id=28376]
  0x00000202b5d0fab0 GCTaskThread "GC Thread#1" [stack: 0x000000ab48400000,0x000000ab48500000] [id=21988]
  0x00000202b5d0fd70 GCTaskThread "GC Thread#2" [stack: 0x000000ab48500000,0x000000ab48600000] [id=5408]
  0x00000202b5d10030 GCTaskThread "GC Thread#3" [stack: 0x000000ab48600000,0x000000ab48700000] [id=11944]
  0x00000202b5d102f0 GCTaskThread "GC Thread#4" [stack: 0x000000ab48700000,0x000000ab48800000] [id=23472]
  0x00000202b5ab15b0 GCTaskThread "GC Thread#5" [stack: 0x000000ab48800000,0x000000ab48900000] [id=29460]
  0x00000202ff3aba10 GCTaskThread "GC Thread#6" [stack: 0x000000ab48a00000,0x000000ab48b00000] [id=20856]
  0x00000202b5317950 GCTaskThread "GC Thread#7" [stack: 0x000000ab49500000,0x000000ab49600000] [id=24024]
  0x0000020292321590 ConcurrentGCThread "G1 Main Marker" [stack: 0x000000ab47200000,0x000000ab47300000] [id=23160]
  0x0000020292323670 ConcurrentGCThread "G1 Conc#0" [stack: 0x000000ab47300000,0x000000ab47400000] [id=25624]
  0x000002028086a500 ConcurrentGCThread "G1 Conc#1" [stack: 0x000000ab49600000,0x000000ab49700000] [id=24904]
  0x00000202b4d2e280 ConcurrentGCThread "G1 Refine#0" [stack: 0x000000ab47400000,0x000000ab47500000] [id=27848]
  0x0000020288bed950 ConcurrentGCThread "G1 Refine#1" [stack: 0x000000ab49b00000,0x000000ab49c00000] [id=28480]
  0x00000202b5ce02c0 ConcurrentGCThread "G1 Refine#2" [stack: 0x000000ab4ae00000,0x000000ab4af00000] [id=6732]
  0x000002028a71f560 ConcurrentGCThread "G1 Refine#3" [stack: 0x000000ab48100000,0x000000ab48200000] [id=17908]
  0x000002028a71e0d0 ConcurrentGCThread "G1 Refine#4" [stack: 0x000000ab48900000,0x000000ab48a00000] [id=23012]
  0x000002028a71e3c0 ConcurrentGCThread "G1 Refine#5" [stack: 0x000000ab48e00000,0x000000ab48f00000] [id=3220]
  0x000002028a71e9a0 ConcurrentGCThread "G1 Refine#6" [stack: 0x000000ab4a200000,0x000000ab4a300000] [id=27952]
  0x000002028a71f850 ConcurrentGCThread "G1 Refine#7" [stack: 0x000000ab4b900000,0x000000ab4ba00000] [id=19140]
  0x00000202b4d2e960 ConcurrentGCThread "G1 Service" [stack: 0x000000ab47500000,0x000000ab47600000] [id=8220]

Threads with active compile tasks:

VM state: at safepoint (normal execution)

VM Mutex/Monitor currently owned by a thread:  ([mutex/lock_event])
[0x00000202922a0e60] Threads_lock - owner thread: 0x00000202b50966a0
[0x00000202922a05f0] Heap_lock - owner thread: 0x0000020292321590

Heap address: 0x0000000705200000, size: 4014 MB, Compressed Oops mode: Zero based, Oop shift amount: 3

CDS archive(s) mapped at: [0x00000202b6000000-0x00000202b6bb0000-0x00000202b6bb0000), size 12255232, SharedBaseAddress: 0x00000202b6000000, ArchiveRelocationMode: 1.
Compressed class space mapped at: 0x00000202b7000000-0x00000202f7000000, reserved size: 1073741824
Narrow klass base: 0x00000202b6000000, Narrow klass shift: 0, Narrow klass range: 0x100000000

GC Precious Log:
 CPUs: 8 total, 8 available
 Memory: 16050M
 Large Page Support: Disabled
 NUMA Support: Disabled
 Compressed Oops: Enabled (Zero based)
 Heap Region Size: 2M
 Heap Min Capacity: 8M
 Heap Initial Capacity: 252M
 Heap Max Capacity: 4014M
 Pre-touch: Disabled
 Parallel Workers: 8
 Concurrent Workers: 2
 Concurrent Refinement Workers: 8
 Periodic GC: Disabled

Heap:
 garbage-first heap   total 2166784K, used 1718278K [0x0000000705200000, 0x0000000800000000)
  region size 2048K, 19 young (38912K), 4 survivors (8192K)
 Metaspace       used 131818K, committed 133824K, reserved 1179648K
  class space    used 18823K, committed 19712K, reserved 1048576K

Heap Regions: E=young(eden), S=young(survivor), O=old, HS=humongous(starts), HC=humongous(continues), CS=collection set, F=free, OA=open archive, CA=closed archive, TAMS=top-at-mark-start (previous, next)
|   0|0x0000000705200000, 0x0000000705400000, 0x0000000705400000|100%|HS|  |TAMS 0x0000000705400000, 0x0000000705200000| Complete 
|   1|0x0000000705400000, 0x0000000705600000, 0x0000000705600000|100%| O|  |TAMS 0x0000000705600000, 0x0000000705400000| Untracked 
|   2|0x0000000705600000, 0x0000000705800000, 0x0000000705800000|100%| O|  |TAMS 0x0000000705800000, 0x0000000705600000| Untracked 
|   3|0x0000000705800000, 0x0000000705a00000, 0x0000000705a00000|100%|HS|  |TAMS 0x0000000705a00000, 0x0000000705800000| Complete 
|   4|0x0000000705a00000, 0x0000000705c00000, 0x0000000705c00000|100%| O|  |TAMS 0x0000000705c00000, 0x0000000705a00000| Untracked 
|   5|0x0000000705c00000, 0x0000000705e00000, 0x0000000705e00000|100%| O|  |TAMS 0x0000000705e00000, 0x0000000705c00000| Updating 
|   6|0x0000000705e00000, 0x0000000706000000, 0x0000000706000000|100%|HS|  |TAMS 0x0000000706000000, 0x0000000705e00000| Complete 
|   7|0x0000000706000000, 0x0000000706200000, 0x0000000706200000|100%|HS|  |TAMS 0x0000000706200000, 0x0000000706000000| Complete 
|   8|0x0000000706200000, 0x0000000706400000, 0x0000000706400000|100%| O|  |TAMS 0x0000000706400000, 0x0000000706200000| Untracked 
|   9|0x0000000706400000, 0x0000000706600000, 0x0000000706600000|100%| O|  |TAMS 0x0000000706600000, 0x0000000706400000| Untracked 
|  10|0x0000000706600000, 0x0000000706800000, 0x0000000706800000|100%| O|  |TAMS 0x0000000706800000, 0x0000000706600000| Untracked 
|  11|0x0000000706800000, 0x0000000706a00000, 0x0000000706a00000|100%| O|  |TAMS 0x0000000706a00000, 0x0000000706800000| Untracked 
|  12|0x0000000706a00000, 0x0000000706c00000, 0x0000000706c00000|100%| O|  |TAMS 0x0000000706c00000, 0x0000000706a00000| Untracked 
|  13|0x0000000706c00000, 0x0000000706e00000, 0x0000000706e00000|100%| O|  |TAMS 0x0000000706e00000, 0x0000000706c00000| Untracked 
|  14|0x0000000706e00000, 0x0000000707000000, 0x0000000707000000|100%| O|  |TAMS 0x0000000707000000, 0x0000000706e00000| Untracked 
|  15|0x0000000707000000, 0x0000000707200000, 0x0000000707200000|100%|HS|  |TAMS 0x0000000707200000, 0x0000000707000000| Complete 
|  16|0x0000000707200000, 0x0000000707400000, 0x0000000707400000|100%| O|  |TAMS 0x0000000707400000, 0x0000000707200000| Updating 
|  17|0x0000000707400000, 0x0000000707600000, 0x0000000707600000|100%| O|  |TAMS 0x0000000707600000, 0x0000000707400000| Untracked 
|  18|0x0000000707600000, 0x0000000707800000, 0x0000000707800000|100%| O|  |TAMS 0x0000000707800000, 0x0000000707600000| Untracked 
|  19|0x0000000707800000, 0x0000000707a00000, 0x0000000707a00000|100%| O|  |TAMS 0x0000000707a00000, 0x0000000707800000| Updating 
|  20|0x0000000707a00000, 0x0000000707c00000, 0x0000000707c00000|100%| O|  |TAMS 0x0000000707c00000, 0x0000000707a00000| Untracked 
|  21|0x0000000707c00000, 0x0000000707e00000, 0x0000000707e00000|100%| O|  |TAMS 0x0000000707e00000, 0x0000000707c00000| Untracked 
|  22|0x0000000707e00000, 0x0000000708000000, 0x0000000708000000|100%| O|  |TAMS 0x0000000708000000, 0x0000000707e00000| Untracked 
|  23|0x0000000708000000, 0x0000000708200000, 0x0000000708200000|100%| O|  |TAMS 0x0000000708200000, 0x0000000708000000| Untracked 
|  24|0x0000000708200000, 0x0000000708400000, 0x0000000708400000|100%| O|  |TAMS 0x0000000708400000, 0x0000000708200000| Untracked 
|  25|0x0000000708400000, 0x0000000708600000, 0x0000000708600000|100%| O|  |TAMS 0x0000000708600000, 0x0000000708400000| Updating 
|  26|0x0000000708600000, 0x0000000708800000, 0x0000000708800000|100%| O|  |TAMS 0x0000000708800000, 0x0000000708600000| Untracked 
|  27|0x0000000708800000, 0x0000000708a00000, 0x0000000708a00000|100%| O|  |TAMS 0x0000000708a00000, 0x0000000708800000| Untracked 
|  28|0x0000000708a00000, 0x0000000708c00000, 0x0000000708c00000|100%| O|  |TAMS 0x0000000708c00000, 0x0000000708a00000| Untracked 
|  29|0x0000000708c00000, 0x0000000708e00000, 0x0000000708e00000|100%| O|  |TAMS 0x0000000708e00000, 0x0000000708c00000| Untracked 
|  30|0x0000000708e00000, 0x0000000709000000, 0x0000000709000000|100%| O|  |TAMS 0x0000000709000000, 0x0000000708e00000| Untracked 
|  31|0x0000000709000000, 0x0000000709200000, 0x0000000709200000|100%| O|  |TAMS 0x0000000709200000, 0x0000000709000000| Untracked 
|  32|0x0000000709200000, 0x0000000709400000, 0x0000000709400000|100%| O|  |TAMS 0x0000000709400000, 0x0000000709200000| Untracked 
|  33|0x0000000709400000, 0x0000000709600000, 0x0000000709600000|100%| O|  |TAMS 0x0000000709600000, 0x0000000709400000| Untracked 
|  34|0x0000000709600000, 0x0000000709800000, 0x0000000709800000|100%| O|  |TAMS 0x0000000709800000, 0x0000000709600000| Untracked 
|  35|0x0000000709800000, 0x0000000709a00000, 0x0000000709a00000|100%|HS|  |TAMS 0x0000000709a00000, 0x0000000709800000| Complete 
|  36|0x0000000709a00000, 0x0000000709c00000, 0x0000000709c00000|100%|HC|  |TAMS 0x0000000709c00000, 0x0000000709a00000| Complete 
|  37|0x0000000709c00000, 0x0000000709e00000, 0x0000000709e00000|100%|HC|  |TAMS 0x0000000709e00000, 0x0000000709c00000| Complete 
|  38|0x0000000709e00000, 0x000000070a000000, 0x000000070a000000|100%|HC|  |TAMS 0x000000070a000000, 0x0000000709e00000| Complete 
|  39|0x000000070a000000, 0x000000070a200000, 0x000000070a200000|100%|HC|  |TAMS 0x000000070a200000, 0x000000070a000000| Complete 
|  40|0x000000070a200000, 0x000000070a400000, 0x000000070a400000|100%|HC|  |TAMS 0x000000070a400000, 0x000000070a200000| Complete 
|  41|0x000000070a400000, 0x000000070a600000, 0x000000070a600000|100%| O|  |TAMS 0x000000070a600000, 0x000000070a400000| Untracked 
|  42|0x000000070a600000, 0x000000070a800000, 0x000000070a800000|100%| O|  |TAMS 0x000000070a800000, 0x000000070a600000| Untracked 
|  43|0x000000070a800000, 0x000000070aa00000, 0x000000070aa00000|100%| O|  |TAMS 0x000000070aa00000, 0x000000070a800000| Untracked 
|  44|0x000000070aa00000, 0x000000070ac00000, 0x000000070ac00000|100%| O|  |TAMS 0x000000070ac00000, 0x000000070aa00000| Untracked 
|  45|0x000000070ac00000, 0x000000070ae00000, 0x000000070ae00000|100%| O|  |TAMS 0x000000070ae00000, 0x000000070ac00000| Untracked 
|  46|0x000000070ae00000, 0x000000070b000000, 0x000000070b000000|100%| O|  |TAMS 0x000000070b000000, 0x000000070ae00000| Untracked 
|  47|0x000000070b000000, 0x000000070b200000, 0x000000070b200000|100%| O|  |TAMS 0x000000070b200000, 0x000000070b000000| Untracked 
|  48|0x000000070b200000, 0x000000070b400000, 0x000000070b400000|100%| O|  |TAMS 0x000000070b400000, 0x000000070b200000| Untracked 
|  49|0x000000070b400000, 0x000000070b600000, 0x000000070b600000|100%| O|  |TAMS 0x000000070b600000, 0x000000070b400000| Untracked 
|  50|0x000000070b600000, 0x000000070b800000, 0x000000070b800000|100%| O|  |TAMS 0x000000070b800000, 0x000000070b600000| Untracked 
|  51|0x000000070b800000, 0x000000070ba00000, 0x000000070ba00000|100%| O|  |TAMS 0x000000070ba00000, 0x000000070b800000| Untracked 
|  52|0x000000070ba00000, 0x000000070bc00000, 0x000000070bc00000|100%| O|  |TAMS 0x000000070bc00000, 0x000000070ba00000| Untracked 
|  53|0x000000070bc00000, 0x000000070be00000, 0x000000070be00000|100%| O|  |TAMS 0x000000070be00000, 0x000000070bc00000| Untracked 
|  54|0x000000070be00000, 0x000000070c000000, 0x000000070c000000|100%| O|  |TAMS 0x000000070c000000, 0x000000070be00000| Untracked 
|  55|0x000000070c000000, 0x000000070c200000, 0x000000070c200000|100%| O|  |TAMS 0x000000070c200000, 0x000000070c000000| Updating 
|  56|0x000000070c200000, 0x000000070c400000, 0x000000070c400000|100%| O|  |TAMS 0x000000070c400000, 0x000000070c200000| Untracked 
|  57|0x000000070c400000, 0x000000070c600000, 0x000000070c600000|100%| O|  |TAMS 0x000000070c600000, 0x000000070c400000| Untracked 
|  58|0x000000070c600000, 0x000000070c800000, 0x000000070c800000|100%| O|  |TAMS 0x000000070c800000, 0x000000070c600000| Untracked 
|  59|0x000000070c800000, 0x000000070ca00000, 0x000000070ca00000|100%| O|  |TAMS 0x000000070ca00000, 0x000000070c800000| Untracked 
|  60|0x000000070ca00000, 0x000000070cc00000, 0x000000070cc00000|100%| O|  |TAMS 0x000000070cc00000, 0x000000070ca00000| Untracked 
|  61|0x000000070cc00000, 0x000000070ce00000, 0x000000070ce00000|100%| O|  |TAMS 0x000000070ce00000, 0x000000070cc00000| Updating 
|  62|0x000000070ce00000, 0x000000070d000000, 0x000000070d000000|100%| O|  |TAMS 0x000000070d000000, 0x000000070ce00000| Updating 
|  63|0x000000070d000000, 0x000000070d200000, 0x000000070d200000|100%| O|  |TAMS 0x000000070d200000, 0x000000070d000000| Untracked 
|  64|0x000000070d200000, 0x000000070d400000, 0x000000070d400000|100%| O|  |TAMS 0x000000070d400000, 0x000000070d200000| Untracked 
|  65|0x000000070d400000, 0x000000070d600000, 0x000000070d600000|100%| O|  |TAMS 0x000000070d600000, 0x000000070d400000| Untracked 
|  66|0x000000070d600000, 0x000000070d800000, 0x000000070d800000|100%| O|  |TAMS 0x000000070d800000, 0x000000070d600000| Untracked 
|  67|0x000000070d800000, 0x000000070da00000, 0x000000070da00000|100%| O|  |TAMS 0x000000070da00000, 0x000000070d800000| Updating 
|  68|0x000000070da00000, 0x000000070dc00000, 0x000000070dc00000|100%| O|  |TAMS 0x000000070dc00000, 0x000000070da00000| Updating 
|  69|0x000000070dc00000, 0x000000070de00000, 0x000000070de00000|100%| O|  |TAMS 0x000000070de00000, 0x000000070dc00000| Untracked 
|  70|0x000000070de00000, 0x000000070e000000, 0x000000070e000000|100%| O|  |TAMS 0x000000070e000000, 0x000000070de00000| Untracked 
|  71|0x000000070e000000, 0x000000070e200000, 0x000000070e200000|100%| O|  |TAMS 0x000000070e200000, 0x000000070e000000| Updating 
|  72|0x000000070e200000, 0x000000070e400000, 0x000000070e400000|100%| O|  |TAMS 0x000000070e400000, 0x000000070e200000| Untracked 
|  73|0x000000070e400000, 0x000000070e600000, 0x000000070e600000|100%| O|  |TAMS 0x000000070e600000, 0x000000070e400000| Untracked 
|  74|0x000000070e600000, 0x000000070e600000, 0x000000070e800000|  0%| F|  |TAMS 0x000000070e600000, 0x000000070e600000| Untracked 
|  75|0x000000070e800000, 0x000000070ea00000, 0x000000070ea00000|100%| O|  |TAMS 0x000000070ea00000, 0x000000070e800000| Untracked 
|  76|0x000000070ea00000, 0x000000070ec00000, 0x000000070ec00000|100%| O|  |TAMS 0x000000070ec00000, 0x000000070ea00000| Untracked 
|  77|0x000000070ec00000, 0x000000070ee00000, 0x000000070ee00000|100%| O|  |TAMS 0x000000070ee00000, 0x000000070ec00000| Untracked 
|  78|0x000000070ee00000, 0x000000070f000000, 0x000000070f000000|100%| O|  |TAMS 0x000000070f000000, 0x000000070ee00000| Untracked 
|  79|0x000000070f000000, 0x000000070f200000, 0x000000070f200000|100%| O|  |TAMS 0x000000070f200000, 0x000000070f000000| Untracked 
|  80|0x000000070f200000, 0x000000070f400000, 0x000000070f400000|100%| O|  |TAMS 0x000000070f400000, 0x000000070f200000| Untracked 
|  81|0x000000070f400000, 0x000000070f600000, 0x000000070f600000|100%| O|  |TAMS 0x000000070f600000, 0x000000070f400000| Updating 
|  82|0x000000070f600000, 0x000000070f800000, 0x000000070f800000|100%| O|  |TAMS 0x000000070f800000, 0x000000070f600000| Untracked 
|  83|0x000000070f800000, 0x000000070fa00000, 0x000000070fa00000|100%| O|  |TAMS 0x000000070fa00000, 0x000000070f800000| Untracked 
|  84|0x000000070fa00000, 0x000000070fc00000, 0x000000070fc00000|100%| O|  |TAMS 0x000000070fc00000, 0x000000070fa00000| Untracked 
|  85|0x000000070fc00000, 0x000000070fe00000, 0x000000070fe00000|100%| O|  |TAMS 0x000000070fe00000, 0x000000070fc00000| Untracked 
|  86|0x000000070fe00000, 0x0000000710000000, 0x0000000710000000|100%| O|  |TAMS 0x0000000710000000, 0x000000070fe00000| Updating 
|  87|0x0000000710000000, 0x0000000710200000, 0x0000000710200000|100%| O|  |TAMS 0x0000000710200000, 0x0000000710000000| Untracked 
|  88|0x0000000710200000, 0x0000000710400000, 0x0000000710400000|100%| O|  |TAMS 0x0000000710400000, 0x0000000710200000| Untracked 
|  89|0x0000000710400000, 0x0000000710600000, 0x0000000710600000|100%| O|  |TAMS 0x0000000710600000, 0x0000000710400000| Untracked 
|  90|0x0000000710600000, 0x0000000710800000, 0x0000000710800000|100%| O|  |TAMS 0x0000000710800000, 0x0000000710600000| Untracked 
|  91|0x0000000710800000, 0x0000000710a00000, 0x0000000710a00000|100%| O|  |TAMS 0x0000000710a00000, 0x0000000710800000| Updating 
|  92|0x0000000710a00000, 0x0000000710c00000, 0x0000000710c00000|100%| O|  |TAMS 0x0000000710c00000, 0x0000000710a00000| Updating 
|  93|0x0000000710c00000, 0x0000000710e00000, 0x0000000710e00000|100%| O|  |TAMS 0x0000000710e00000, 0x0000000710c00000| Updating 
|  94|0x0000000710e00000, 0x0000000711000000, 0x0000000711000000|100%| O|  |TAMS 0x0000000711000000, 0x0000000710e00000| Untracked 
|  95|0x0000000711000000, 0x0000000711200000, 0x0000000711200000|100%| O|  |TAMS 0x0000000711200000, 0x0000000711000000| Untracked 
|  96|0x0000000711200000, 0x0000000711400000, 0x0000000711400000|100%| O|  |TAMS 0x0000000711400000, 0x0000000711200000| Updating 
|  97|0x0000000711400000, 0x0000000711600000, 0x0000000711600000|100%| O|  |TAMS 0x0000000711600000, 0x0000000711400000| Untracked 
|  98|0x0000000711600000, 0x0000000711800000, 0x0000000711800000|100%| O|  |TAMS 0x0000000711800000, 0x0000000711600000| Untracked 
|  99|0x0000000711800000, 0x0000000711a00000, 0x0000000711a00000|100%| O|  |TAMS 0x0000000711a00000, 0x0000000711800000| Updating 
| 100|0x0000000711a00000, 0x0000000711c00000, 0x0000000711c00000|100%| O|  |TAMS 0x0000000711c00000, 0x0000000711a00000| Untracked 
| 101|0x0000000711c00000, 0x0000000711e00000, 0x0000000711e00000|100%| O|  |TAMS 0x0000000711e00000, 0x0000000711c00000| Updating 
| 102|0x0000000711e00000, 0x0000000712000000, 0x0000000712000000|100%| O|  |TAMS 0x0000000712000000, 0x0000000711e00000| Untracked 
| 103|0x0000000712000000, 0x0000000712200000, 0x0000000712200000|100%| O|  |TAMS 0x0000000712200000, 0x0000000712000000| Untracked 
| 104|0x0000000712200000, 0x0000000712400000, 0x0000000712400000|100%| O|  |TAMS 0x0000000712400000, 0x0000000712200000| Untracked 
| 105|0x0000000712400000, 0x0000000712600000, 0x0000000712600000|100%| O|  |TAMS 0x0000000712600000, 0x0000000712400000| Untracked 
| 106|0x0000000712600000, 0x0000000712800000, 0x0000000712800000|100%| O|  |TAMS 0x0000000712800000, 0x0000000712600000| Untracked 
| 107|0x0000000712800000, 0x0000000712a00000, 0x0000000712a00000|100%| O|  |TAMS 0x0000000712a00000, 0x0000000712800000| Untracked 
| 108|0x0000000712a00000, 0x0000000712c00000, 0x0000000712c00000|100%| O|  |TAMS 0x0000000712c00000, 0x0000000712a00000| Untracked 
| 109|0x0000000712c00000, 0x0000000712e00000, 0x0000000712e00000|100%| O|  |TAMS 0x0000000712e00000, 0x0000000712c00000| Untracked 
| 110|0x0000000712e00000, 0x0000000713000000, 0x0000000713000000|100%| O|  |TAMS 0x0000000713000000, 0x0000000712e00000| Untracked 
| 111|0x0000000713000000, 0x0000000713200000, 0x0000000713200000|100%| O|  |TAMS 0x0000000713200000, 0x0000000713000000| Untracked 
| 112|0x0000000713200000, 0x0000000713400000, 0x0000000713400000|100%| O|  |TAMS 0x0000000713400000, 0x0000000713200000| Untracked 
| 113|0x0000000713400000, 0x0000000713600000, 0x0000000713600000|100%| O|  |TAMS 0x0000000713600000, 0x0000000713400000| Untracked 
| 114|0x0000000713600000, 0x0000000713800000, 0x0000000713800000|100%| O|  |TAMS 0x0000000713800000, 0x0000000713600000| Untracked 
| 115|0x0000000713800000, 0x0000000713a00000, 0x0000000713a00000|100%| O|  |TAMS 0x0000000713a00000, 0x0000000713800000| Untracked 
| 116|0x0000000713a00000, 0x0000000713c00000, 0x0000000713c00000|100%| O|  |TAMS 0x0000000713c00000, 0x0000000713a00000| Untracked 
| 117|0x0000000713c00000, 0x0000000713e00000, 0x0000000713e00000|100%| O|  |TAMS 0x0000000713e00000, 0x0000000713c00000| Untracked 
| 118|0x0000000713e00000, 0x0000000714000000, 0x0000000714000000|100%| O|  |TAMS 0x0000000714000000, 0x0000000713e00000| Untracked 
| 119|0x0000000714000000, 0x0000000714200000, 0x0000000714200000|100%| O|  |TAMS 0x0000000714200000, 0x0000000714000000| Untracked 
| 120|0x0000000714200000, 0x0000000714400000, 0x0000000714400000|100%| O|  |TAMS 0x0000000714400000, 0x0000000714200000| Untracked 
| 121|0x0000000714400000, 0x0000000714600000, 0x0000000714600000|100%| O|  |TAMS 0x0000000714600000, 0x0000000714400000| Untracked 
| 122|0x0000000714600000, 0x0000000714800000, 0x0000000714800000|100%| O|  |TAMS 0x0000000714800000, 0x0000000714600000| Untracked 
| 123|0x0000000714800000, 0x0000000714a00000, 0x0000000714a00000|100%| O|  |TAMS 0x0000000714a00000, 0x0000000714800000| Untracked 
| 124|0x0000000714a00000, 0x0000000714c00000, 0x0000000714c00000|100%| O|  |TAMS 0x0000000714c00000, 0x0000000714a00000| Untracked 
| 125|0x0000000714c00000, 0x0000000714e00000, 0x0000000714e00000|100%| O|  |TAMS 0x0000000714e00000, 0x0000000714c00000| Untracked 
| 126|0x0000000714e00000, 0x0000000715000000, 0x0000000715000000|100%| O|  |TAMS 0x0000000715000000, 0x0000000714e00000| Untracked 
| 127|0x0000000715000000, 0x0000000715200000, 0x0000000715200000|100%| O|  |TAMS 0x0000000715200000, 0x0000000715000000| Untracked 
| 128|0x0000000715200000, 0x0000000715400000, 0x0000000715400000|100%| O|  |TAMS 0x0000000715400000, 0x0000000715200000| Untracked 
| 129|0x0000000715400000, 0x0000000715600000, 0x0000000715600000|100%| O|  |TAMS 0x0000000715600000, 0x0000000715400000| Untracked 
| 130|0x0000000715600000, 0x0000000715800000, 0x0000000715800000|100%| O|  |TAMS 0x0000000715800000, 0x0000000715600000| Updating 
| 131|0x0000000715800000, 0x0000000715a00000, 0x0000000715a00000|100%| O|  |TAMS 0x0000000715a00000, 0x0000000715800000| Updating 
| 132|0x0000000715a00000, 0x0000000715c00000, 0x0000000715c00000|100%| O|  |TAMS 0x0000000715c00000, 0x0000000715a00000| Updating 
| 133|0x0000000715c00000, 0x0000000715e00000, 0x0000000715e00000|100%| O|  |TAMS 0x0000000715e00000, 0x0000000715c00000| Updating 
| 134|0x0000000715e00000, 0x0000000716000000, 0x0000000716000000|100%| O|  |TAMS 0x0000000716000000, 0x0000000715e00000| Updating 
| 135|0x0000000716000000, 0x0000000716200000, 0x0000000716200000|100%| O|  |TAMS 0x0000000716200000, 0x0000000716000000| Untracked 
| 136|0x0000000716200000, 0x0000000716400000, 0x0000000716400000|100%| O|  |TAMS 0x0000000716400000, 0x0000000716200000| Untracked 
| 137|0x0000000716400000, 0x0000000716600000, 0x0000000716600000|100%| O|  |TAMS 0x0000000716600000, 0x0000000716400000| Updating 
| 138|0x0000000716600000, 0x0000000716800000, 0x0000000716800000|100%| O|  |TAMS 0x0000000716800000, 0x0000000716600000| Updating 
| 139|0x0000000716800000, 0x0000000716a00000, 0x0000000716a00000|100%| O|  |TAMS 0x0000000716a00000, 0x0000000716800000| Updating 
| 140|0x0000000716a00000, 0x0000000716a00000, 0x0000000716c00000|  0%| F|  |TAMS 0x0000000716a00000, 0x0000000716a00000| Untracked 
| 141|0x0000000716c00000, 0x0000000716c00000, 0x0000000716e00000|  0%| F|  |TAMS 0x0000000716c00000, 0x0000000716c00000| Untracked 
| 142|0x0000000716e00000, 0x0000000716e00000, 0x0000000717000000|  0%| F|  |TAMS 0x0000000716e00000, 0x0000000716e00000| Untracked 
| 143|0x0000000717000000, 0x0000000717000000, 0x0000000717200000|  0%| F|  |TAMS 0x0000000717000000, 0x0000000717000000| Untracked 
| 144|0x0000000717200000, 0x0000000717200000, 0x0000000717400000|  0%| F|  |TAMS 0x0000000717200000, 0x0000000717200000| Untracked 
| 145|0x0000000717400000, 0x0000000717400000, 0x0000000717600000|  0%| F|  |TAMS 0x0000000717400000, 0x0000000717400000| Untracked 
| 146|0x0000000717600000, 0x0000000717600000, 0x0000000717800000|  0%| F|  |TAMS 0x0000000717600000, 0x0000000717600000| Untracked 
| 147|0x0000000717800000, 0x0000000717a00000, 0x0000000717a00000|100%| O|  |TAMS 0x0000000717a00000, 0x0000000717800000| Updating 
| 148|0x0000000717a00000, 0x0000000717a00000, 0x0000000717c00000|  0%| F|  |TAMS 0x0000000717a00000, 0x0000000717a00000| Untracked 
| 149|0x0000000717c00000, 0x0000000717c00000, 0x0000000717e00000|  0%| F|  |TAMS 0x0000000717c00000, 0x0000000717c00000| Untracked 
| 150|0x0000000717e00000, 0x0000000717e00000, 0x0000000718000000|  0%| F|  |TAMS 0x0000000717e00000, 0x0000000717e00000| Untracked 
| 151|0x0000000718000000, 0x0000000718000000, 0x0000000718200000|  0%| F|  |TAMS 0x0000000718000000, 0x0000000718000000| Untracked 
| 152|0x0000000718200000, 0x0000000718200000, 0x0000000718400000|  0%| F|  |TAMS 0x0000000718200000, 0x0000000718200000| Untracked 
| 153|0x0000000718400000, 0x0000000718400000, 0x0000000718600000|  0%| F|  |TAMS 0x0000000718400000, 0x0000000718400000| Untracked 
| 154|0x0000000718600000, 0x0000000718600000, 0x0000000718800000|  0%| F|  |TAMS 0x0000000718600000, 0x0000000718600000| Untracked 
| 155|0x0000000718800000, 0x0000000718800000, 0x0000000718a00000|  0%| F|  |TAMS 0x0000000718800000, 0x0000000718800000| Untracked 
| 156|0x0000000718a00000, 0x0000000718a00000, 0x0000000718c00000|  0%| F|  |TAMS 0x0000000718a00000, 0x0000000718a00000| Untracked 
| 157|0x0000000718c00000, 0x0000000718c00000, 0x0000000718e00000|  0%| F|  |TAMS 0x0000000718c00000, 0x0000000718c00000| Untracked 
| 158|0x0000000718e00000, 0x0000000718e00000, 0x0000000719000000|  0%| F|  |TAMS 0x0000000718e00000, 0x0000000718e00000| Untracked 
| 159|0x0000000719000000, 0x0000000719200000, 0x0000000719200000|100%| O|  |TAMS 0x0000000719200000, 0x0000000719000000| Updating 
| 160|0x0000000719200000, 0x0000000719400000, 0x0000000719400000|100%| O|  |TAMS 0x0000000719400000, 0x0000000719200000| Updating 
| 161|0x0000000719400000, 0x0000000719400000, 0x0000000719600000|  0%| F|  |TAMS 0x0000000719400000, 0x0000000719400000| Untracked 
| 162|0x0000000719600000, 0x0000000719800000, 0x0000000719800000|100%| O|  |TAMS 0x0000000719800000, 0x0000000719600000| Updating 
| 163|0x0000000719800000, 0x0000000719a00000, 0x0000000719a00000|100%| O|  |TAMS 0x0000000719a00000, 0x0000000719800000| Updating 
| 164|0x0000000719a00000, 0x0000000719c00000, 0x0000000719c00000|100%| O|  |TAMS 0x0000000719c00000, 0x0000000719a00000| Updating 
| 165|0x0000000719c00000, 0x0000000719e00000, 0x0000000719e00000|100%| O|  |TAMS 0x0000000719e00000, 0x0000000719c00000| Updating 
| 166|0x0000000719e00000, 0x000000071a000000, 0x000000071a000000|100%| O|  |TAMS 0x000000071a000000, 0x0000000719e00000| Updating 
| 167|0x000000071a000000, 0x000000071a000000, 0x000000071a200000|  0%| F|  |TAMS 0x000000071a000000, 0x000000071a000000| Untracked 
| 168|0x000000071a200000, 0x000000071a400000, 0x000000071a400000|100%| O|  |TAMS 0x000000071a400000, 0x000000071a200000| Updating 
| 169|0x000000071a400000, 0x000000071a600000, 0x000000071a600000|100%| O|  |TAMS 0x000000071a600000, 0x000000071a400000| Updating 
| 170|0x000000071a600000, 0x000000071a800000, 0x000000071a800000|100%| O|  |TAMS 0x000000071a800000, 0x000000071a600000| Updating 
| 171|0x000000071a800000, 0x000000071aa00000, 0x000000071aa00000|100%| O|  |TAMS 0x000000071aa00000, 0x000000071a800000| Updating 
| 172|0x000000071aa00000, 0x000000071ac00000, 0x000000071ac00000|100%| O|  |TAMS 0x000000071ac00000, 0x000000071aa00000| Updating 
| 173|0x000000071ac00000, 0x000000071ac00000, 0x000000071ae00000|  0%| F|  |TAMS 0x000000071ac00000, 0x000000071ac00000| Untracked 
| 174|0x000000071ae00000, 0x000000071ae00000, 0x000000071b000000|  0%| F|  |TAMS 0x000000071ae00000, 0x000000071ae00000| Untracked 
| 175|0x000000071b000000, 0x000000071b200000, 0x000000071b200000|100%| O|  |TAMS 0x000000071b200000, 0x000000071b000000| Updating 
| 176|0x000000071b200000, 0x000000071b400000, 0x000000071b400000|100%| O|  |TAMS 0x000000071b400000, 0x000000071b200000| Updating 
| 177|0x000000071b400000, 0x000000071b400000, 0x000000071b600000|  0%| F|  |TAMS 0x000000071b400000, 0x000000071b400000| Untracked 
| 178|0x000000071b600000, 0x000000071b600000, 0x000000071b800000|  0%| F|  |TAMS 0x000000071b600000, 0x000000071b600000| Untracked 
| 179|0x000000071b800000, 0x000000071b800000, 0x000000071ba00000|  0%| F|  |TAMS 0x000000071b800000, 0x000000071b800000| Untracked 
| 180|0x000000071ba00000, 0x000000071ba00000, 0x000000071bc00000|  0%| F|  |TAMS 0x000000071ba00000, 0x000000071ba00000| Untracked 
| 181|0x000000071bc00000, 0x000000071bc00000, 0x000000071be00000|  0%| F|  |TAMS 0x000000071bc00000, 0x000000071bc00000| Untracked 
| 182|0x000000071be00000, 0x000000071be00000, 0x000000071c000000|  0%| F|  |TAMS 0x000000071be00000, 0x000000071be00000| Untracked 
| 183|0x000000071c000000, 0x000000071c000000, 0x000000071c200000|  0%| F|  |TAMS 0x000000071c000000, 0x000000071c000000| Untracked 
| 184|0x000000071c200000, 0x000000071c200000, 0x000000071c400000|  0%| F|  |TAMS 0x000000071c200000, 0x000000071c200000| Untracked 
| 185|0x000000071c400000, 0x000000071c400000, 0x000000071c600000|  0%| F|  |TAMS 0x000000071c400000, 0x000000071c400000| Untracked 
| 186|0x000000071c600000, 0x000000071c600000, 0x000000071c800000|  0%| F|  |TAMS 0x000000071c600000, 0x000000071c600000| Untracked 
| 187|0x000000071c800000, 0x000000071ca00000, 0x000000071ca00000|100%| O|  |TAMS 0x000000071ca00000, 0x000000071c800000| Updating 
| 188|0x000000071ca00000, 0x000000071cc00000, 0x000000071cc00000|100%| O|  |TAMS 0x000000071cc00000, 0x000000071ca00000| Updating 
| 189|0x000000071cc00000, 0x000000071cc00000, 0x000000071ce00000|  0%| F|  |TAMS 0x000000071cc00000, 0x000000071cc00000| Untracked 
| 190|0x000000071ce00000, 0x000000071d000000, 0x000000071d000000|100%| O|  |TAMS 0x000000071d000000, 0x000000071ce00000| Updating 
| 191|0x000000071d000000, 0x000000071d000000, 0x000000071d200000|  0%| F|  |TAMS 0x000000071d000000, 0x000000071d000000| Untracked 
| 192|0x000000071d200000, 0x000000071d400000, 0x000000071d400000|100%| O|  |TAMS 0x000000071d400000, 0x000000071d200000| Updating 
| 193|0x000000071d400000, 0x000000071d400000, 0x000000071d600000|  0%| F|  |TAMS 0x000000071d400000, 0x000000071d400000| Untracked 
| 194|0x000000071d600000, 0x000000071d800000, 0x000000071d800000|100%| O|  |TAMS 0x000000071d800000, 0x000000071d600000| Updating 
| 195|0x000000071d800000, 0x000000071da00000, 0x000000071da00000|100%| O|  |TAMS 0x000000071da00000, 0x000000071d800000| Updating 
| 196|0x000000071da00000, 0x000000071da00000, 0x000000071dc00000|  0%| F|  |TAMS 0x000000071da00000, 0x000000071da00000| Untracked 
| 197|0x000000071dc00000, 0x000000071dc00000, 0x000000071de00000|  0%| F|  |TAMS 0x000000071dc00000, 0x000000071dc00000| Untracked 
| 198|0x000000071de00000, 0x000000071e000000, 0x000000071e000000|100%| O|  |TAMS 0x000000071e000000, 0x000000071de00000| Updating 
| 199|0x000000071e000000, 0x000000071e000000, 0x000000071e200000|  0%| F|  |TAMS 0x000000071e000000, 0x000000071e000000| Untracked 
| 200|0x000000071e200000, 0x000000071e200000, 0x000000071e400000|  0%| F|  |TAMS 0x000000071e200000, 0x000000071e200000| Untracked 
| 201|0x000000071e400000, 0x000000071e600000, 0x000000071e600000|100%| O|  |TAMS 0x000000071e600000, 0x000000071e400000| Updating 
| 202|0x000000071e600000, 0x000000071e800000, 0x000000071e800000|100%| O|  |TAMS 0x000000071e800000, 0x000000071e600000| Updating 
| 203|0x000000071e800000, 0x000000071ea00000, 0x000000071ea00000|100%| O|  |TAMS 0x000000071ea00000, 0x000000071e800000| Updating 
| 204|0x000000071ea00000, 0x000000071ec00000, 0x000000071ec00000|100%| O|  |TAMS 0x000000071ec00000, 0x000000071ea00000| Updating 
| 205|0x000000071ec00000, 0x000000071ee00000, 0x000000071ee00000|100%| O|  |TAMS 0x000000071ee00000, 0x000000071ec00000| Updating 
| 206|0x000000071ee00000, 0x000000071f000000, 0x000000071f000000|100%| O|  |TAMS 0x000000071f000000, 0x000000071ee00000| Updating 
| 207|0x000000071f000000, 0x000000071f000000, 0x000000071f200000|  0%| F|  |TAMS 0x000000071f000000, 0x000000071f000000| Untracked 
| 208|0x000000071f200000, 0x000000071f200000, 0x000000071f400000|  0%| F|  |TAMS 0x000000071f200000, 0x000000071f200000| Untracked 
| 209|0x000000071f400000, 0x000000071f400000, 0x000000071f600000|  0%| F|  |TAMS 0x000000071f400000, 0x000000071f400000| Untracked 
| 210|0x000000071f600000, 0x000000071f800000, 0x000000071f800000|100%| O|  |TAMS 0x000000071f800000, 0x000000071f600000| Updating 
| 211|0x000000071f800000, 0x000000071f800000, 0x000000071fa00000|  0%| F|  |TAMS 0x000000071f800000, 0x000000071f800000| Untracked 
| 212|0x000000071fa00000, 0x000000071fc00000, 0x000000071fc00000|100%| O|  |TAMS 0x000000071fc00000, 0x000000071fa00000| Updating 
| 213|0x000000071fc00000, 0x000000071fe00000, 0x000000071fe00000|100%| O|  |TAMS 0x000000071fe00000, 0x000000071fc00000| Updating 
| 214|0x000000071fe00000, 0x0000000720000000, 0x0000000720000000|100%| O|  |TAMS 0x0000000720000000, 0x000000071fe00000| Updating 
| 215|0x0000000720000000, 0x0000000720200000, 0x0000000720200000|100%| O|  |TAMS 0x0000000720200000, 0x0000000720000000| Updating 
| 216|0x0000000720200000, 0x0000000720200000, 0x0000000720400000|  0%| F|  |TAMS 0x0000000720200000, 0x0000000720200000| Untracked 
| 217|0x0000000720400000, 0x0000000720600000, 0x0000000720600000|100%| O|  |TAMS 0x0000000720600000, 0x0000000720400000| Updating 
| 218|0x0000000720600000, 0x0000000720600000, 0x0000000720800000|  0%| F|  |TAMS 0x0000000720600000, 0x0000000720600000| Untracked 
| 219|0x0000000720800000, 0x0000000720800000, 0x0000000720a00000|  0%| F|  |TAMS 0x0000000720800000, 0x0000000720800000| Untracked 
| 220|0x0000000720a00000, 0x0000000720a00000, 0x0000000720c00000|  0%| F|  |TAMS 0x0000000720a00000, 0x0000000720a00000| Untracked 
| 221|0x0000000720c00000, 0x0000000720e00000, 0x0000000720e00000|100%| O|  |TAMS 0x0000000720e00000, 0x0000000720c00000| Updating 
| 222|0x0000000720e00000, 0x0000000721000000, 0x0000000721000000|100%| O|  |TAMS 0x0000000721000000, 0x0000000720e00000| Updating 
| 223|0x0000000721000000, 0x0000000721000000, 0x0000000721200000|  0%| F|  |TAMS 0x0000000721000000, 0x0000000721000000| Untracked 
| 224|0x0000000721200000, 0x0000000721200000, 0x0000000721400000|  0%| F|  |TAMS 0x0000000721200000, 0x0000000721200000| Untracked 
| 225|0x0000000721400000, 0x0000000721600000, 0x0000000721600000|100%| O|  |TAMS 0x0000000721600000, 0x0000000721400000| Updating 
| 226|0x0000000721600000, 0x0000000721800000, 0x0000000721800000|100%| O|  |TAMS 0x0000000721800000, 0x0000000721600000| Updating 
| 227|0x0000000721800000, 0x0000000721a00000, 0x0000000721a00000|100%| O|  |TAMS 0x0000000721a00000, 0x0000000721800000| Updating 
| 228|0x0000000721a00000, 0x0000000721a00000, 0x0000000721c00000|  0%| F|  |TAMS 0x0000000721a00000, 0x0000000721a00000| Untracked 
| 229|0x0000000721c00000, 0x0000000721e00000, 0x0000000721e00000|100%| O|  |TAMS 0x0000000721e00000, 0x0000000721c00000| Updating 
| 230|0x0000000721e00000, 0x0000000722000000, 0x0000000722000000|100%| O|  |TAMS 0x0000000722000000, 0x0000000721e00000| Updating 
| 231|0x0000000722000000, 0x0000000722200000, 0x0000000722200000|100%| O|  |TAMS 0x0000000722200000, 0x0000000722000000| Updating 
| 232|0x0000000722200000, 0x0000000722400000, 0x0000000722400000|100%| O|  |TAMS 0x0000000722400000, 0x0000000722200000| Updating 
| 233|0x0000000722400000, 0x0000000722600000, 0x0000000722600000|100%| O|  |TAMS 0x0000000722600000, 0x0000000722400000| Updating 
| 234|0x0000000722600000, 0x0000000722800000, 0x0000000722800000|100%| O|  |TAMS 0x0000000722800000, 0x0000000722600000| Updating 
| 235|0x0000000722800000, 0x0000000722a00000, 0x0000000722a00000|100%| O|  |TAMS 0x0000000722a00000, 0x0000000722800000| Updating 
| 236|0x0000000722a00000, 0x0000000722c00000, 0x0000000722c00000|100%| O|  |TAMS 0x0000000722c00000, 0x0000000722a00000| Updating 
| 237|0x0000000722c00000, 0x0000000722e00000, 0x0000000722e00000|100%| O|  |TAMS 0x0000000722e00000, 0x0000000722c00000| Updating 
| 238|0x0000000722e00000, 0x0000000723000000, 0x0000000723000000|100%| O|  |TAMS 0x0000000723000000, 0x0000000722e00000| Updating 
| 239|0x0000000723000000, 0x0000000723200000, 0x0000000723200000|100%| O|  |TAMS 0x0000000723200000, 0x0000000723000000| Updating 
| 240|0x0000000723200000, 0x0000000723400000, 0x0000000723400000|100%| O|  |TAMS 0x0000000723400000, 0x0000000723200000| Updating 
| 241|0x0000000723400000, 0x0000000723600000, 0x0000000723600000|100%| O|  |TAMS 0x0000000723600000, 0x0000000723400000| Updating 
| 242|0x0000000723600000, 0x0000000723800000, 0x0000000723800000|100%| O|  |TAMS 0x0000000723800000, 0x0000000723600000| Updating 
| 243|0x0000000723800000, 0x0000000723a00000, 0x0000000723a00000|100%| O|  |TAMS 0x0000000723a00000, 0x0000000723800000| Updating 
| 244|0x0000000723a00000, 0x0000000723c00000, 0x0000000723c00000|100%| O|  |TAMS 0x0000000723c00000, 0x0000000723a00000| Updating 
| 245|0x0000000723c00000, 0x0000000723e00000, 0x0000000723e00000|100%| O|  |TAMS 0x0000000723e00000, 0x0000000723c00000| Updating 
| 246|0x0000000723e00000, 0x0000000724000000, 0x0000000724000000|100%| O|  |TAMS 0x0000000724000000, 0x0000000723e00000| Updating 
| 247|0x0000000724000000, 0x0000000724200000, 0x0000000724200000|100%| O|  |TAMS 0x0000000724200000, 0x0000000724000000| Updating 
| 248|0x0000000724200000, 0x0000000724400000, 0x0000000724400000|100%| O|  |TAMS 0x0000000724400000, 0x0000000724200000| Updating 
| 249|0x0000000724400000, 0x0000000724600000, 0x0000000724600000|100%| O|  |TAMS 0x0000000724600000, 0x0000000724400000| Updating 
| 250|0x0000000724600000, 0x0000000724800000, 0x0000000724800000|100%| O|  |TAMS 0x0000000724800000, 0x0000000724600000| Updating 
| 251|0x0000000724800000, 0x0000000724a00000, 0x0000000724a00000|100%| O|  |TAMS 0x0000000724a00000, 0x0000000724800000| Updating 
| 252|0x0000000724a00000, 0x0000000724c00000, 0x0000000724c00000|100%| O|  |TAMS 0x0000000724c00000, 0x0000000724a00000| Updating 
| 253|0x0000000724c00000, 0x0000000724c00000, 0x0000000724e00000|  0%| F|  |TAMS 0x0000000724c00000, 0x0000000724c00000| Untracked 
| 254|0x0000000724e00000, 0x0000000725000000, 0x0000000725000000|100%| O|  |TAMS 0x0000000725000000, 0x0000000724e00000| Updating 
| 255|0x0000000725000000, 0x0000000725200000, 0x0000000725200000|100%| O|  |TAMS 0x0000000725200000, 0x0000000725000000| Updating 
| 256|0x0000000725200000, 0x0000000725400000, 0x0000000725400000|100%| O|  |TAMS 0x0000000725400000, 0x0000000725200000| Updating 
| 257|0x0000000725400000, 0x0000000725600000, 0x0000000725600000|100%| O|  |TAMS 0x0000000725600000, 0x0000000725400000| Updating 
| 258|0x0000000725600000, 0x0000000725800000, 0x0000000725800000|100%| O|  |TAMS 0x0000000725800000, 0x0000000725600000| Updating 
| 259|0x0000000725800000, 0x0000000725a00000, 0x0000000725a00000|100%| O|  |TAMS 0x0000000725a00000, 0x0000000725800000| Updating 
| 260|0x0000000725a00000, 0x0000000725c00000, 0x0000000725c00000|100%| O|  |TAMS 0x0000000725c00000, 0x0000000725a00000| Updating 
| 261|0x0000000725c00000, 0x0000000725e00000, 0x0000000725e00000|100%| O|  |TAMS 0x0000000725e00000, 0x0000000725c00000| Updating 
| 262|0x0000000725e00000, 0x0000000726000000, 0x0000000726000000|100%| O|  |TAMS 0x0000000726000000, 0x0000000725e00000| Updating 
| 263|0x0000000726000000, 0x0000000726200000, 0x0000000726200000|100%| O|  |TAMS 0x0000000726200000, 0x0000000726000000| Updating 
| 264|0x0000000726200000, 0x0000000726400000, 0x0000000726400000|100%| O|  |TAMS 0x0000000726400000, 0x0000000726200000| Updating 
| 265|0x0000000726400000, 0x0000000726600000, 0x0000000726600000|100%| O|  |TAMS 0x0000000726600000, 0x0000000726400000| Updating 
| 266|0x0000000726600000, 0x0000000726800000, 0x0000000726800000|100%| O|  |TAMS 0x0000000726800000, 0x0000000726600000| Updating 
| 267|0x0000000726800000, 0x0000000726a00000, 0x0000000726a00000|100%| O|  |TAMS 0x0000000726a00000, 0x0000000726800000| Updating 
| 268|0x0000000726a00000, 0x0000000726c00000, 0x0000000726c00000|100%| O|  |TAMS 0x0000000726c00000, 0x0000000726a00000| Updating 
| 269|0x0000000726c00000, 0x0000000726e00000, 0x0000000726e00000|100%| O|  |TAMS 0x0000000726e00000, 0x0000000726c00000| Updating 
| 270|0x0000000726e00000, 0x0000000727000000, 0x0000000727000000|100%| O|  |TAMS 0x0000000727000000, 0x0000000726e00000| Updating 
| 271|0x0000000727000000, 0x0000000727200000, 0x0000000727200000|100%| O|  |TAMS 0x0000000727200000, 0x0000000727000000| Updating 
| 272|0x0000000727200000, 0x0000000727400000, 0x0000000727400000|100%| O|  |TAMS 0x0000000727400000, 0x0000000727200000| Updating 
| 273|0x0000000727400000, 0x0000000727600000, 0x0000000727600000|100%| O|  |TAMS 0x0000000727600000, 0x0000000727400000| Updating 
| 274|0x0000000727600000, 0x0000000727800000, 0x0000000727800000|100%| O|  |TAMS 0x0000000727800000, 0x0000000727600000| Updating 
| 275|0x0000000727800000, 0x0000000727a00000, 0x0000000727a00000|100%| O|  |TAMS 0x0000000727a00000, 0x0000000727800000| Updating 
| 276|0x0000000727a00000, 0x0000000727c00000, 0x0000000727c00000|100%| O|  |TAMS 0x0000000727c00000, 0x0000000727a00000| Updating 
| 277|0x0000000727c00000, 0x0000000727e00000, 0x0000000727e00000|100%| O|  |TAMS 0x0000000727e00000, 0x0000000727c00000| Updating 
| 278|0x0000000727e00000, 0x0000000728000000, 0x0000000728000000|100%| O|  |TAMS 0x0000000728000000, 0x0000000727e00000| Updating 
| 279|0x0000000728000000, 0x0000000728200000, 0x0000000728200000|100%| O|  |TAMS 0x0000000728200000, 0x0000000728000000| Updating 
| 280|0x0000000728200000, 0x0000000728400000, 0x0000000728400000|100%| O|  |TAMS 0x0000000728400000, 0x0000000728200000| Updating 
| 281|0x0000000728400000, 0x0000000728600000, 0x0000000728600000|100%| O|  |TAMS 0x0000000728600000, 0x0000000728400000| Updating 
| 282|0x0000000728600000, 0x0000000728600000, 0x0000000728800000|  0%| F|  |TAMS 0x0000000728600000, 0x0000000728600000| Untracked 
| 283|0x0000000728800000, 0x0000000728800000, 0x0000000728a00000|  0%| F|  |TAMS 0x0000000728800000, 0x0000000728800000| Untracked 
| 284|0x0000000728a00000, 0x0000000728c00000, 0x0000000728c00000|100%| O|  |TAMS 0x0000000728c00000, 0x0000000728a00000| Updating 
| 285|0x0000000728c00000, 0x0000000728e00000, 0x0000000728e00000|100%| O|  |TAMS 0x0000000728e00000, 0x0000000728c00000| Updating 
| 286|0x0000000728e00000, 0x0000000728e00000, 0x0000000729000000|  0%| F|  |TAMS 0x0000000728e00000, 0x0000000728e00000| Untracked 
| 287|0x0000000729000000, 0x0000000729200000, 0x0000000729200000|100%| O|  |TAMS 0x0000000729200000, 0x0000000729000000| Updating 
| 288|0x0000000729200000, 0x0000000729400000, 0x0000000729400000|100%| O|  |TAMS 0x0000000729400000, 0x0000000729200000| Updating 
| 289|0x0000000729400000, 0x0000000729600000, 0x0000000729600000|100%| O|  |TAMS 0x0000000729600000, 0x0000000729400000| Updating 
| 290|0x0000000729600000, 0x0000000729800000, 0x0000000729800000|100%| O|  |TAMS 0x0000000729800000, 0x0000000729600000| Updating 
| 291|0x0000000729800000, 0x0000000729a00000, 0x0000000729a00000|100%| O|  |TAMS 0x0000000729a00000, 0x0000000729800000| Updating 
| 292|0x0000000729a00000, 0x0000000729c00000, 0x0000000729c00000|100%| O|  |TAMS 0x0000000729c00000, 0x0000000729a00000| Updating 
| 293|0x0000000729c00000, 0x0000000729e00000, 0x0000000729e00000|100%| O|  |TAMS 0x0000000729e00000, 0x0000000729c00000| Updating 
| 294|0x0000000729e00000, 0x000000072a000000, 0x000000072a000000|100%| O|  |TAMS 0x000000072a000000, 0x0000000729e00000| Updating 
| 295|0x000000072a000000, 0x000000072a200000, 0x000000072a200000|100%| O|  |TAMS 0x000000072a200000, 0x000000072a000000| Updating 
| 296|0x000000072a200000, 0x000000072a400000, 0x000000072a400000|100%| O|  |TAMS 0x000000072a400000, 0x000000072a200000| Updating 
| 297|0x000000072a400000, 0x000000072a600000, 0x000000072a600000|100%| O|  |TAMS 0x000000072a600000, 0x000000072a400000| Updating 
| 298|0x000000072a600000, 0x000000072a800000, 0x000000072a800000|100%| O|  |TAMS 0x000000072a800000, 0x000000072a600000| Updating 
| 299|0x000000072a800000, 0x000000072aa00000, 0x000000072aa00000|100%| O|  |TAMS 0x000000072aa00000, 0x000000072a800000| Updating 
| 300|0x000000072aa00000, 0x000000072ac00000, 0x000000072ac00000|100%| O|  |TAMS 0x000000072ac00000, 0x000000072aa00000| Updating 
| 301|0x000000072ac00000, 0x000000072ae00000, 0x000000072ae00000|100%| O|  |TAMS 0x000000072ae00000, 0x000000072ac00000| Updating 
| 302|0x000000072ae00000, 0x000000072b000000, 0x000000072b000000|100%| O|  |TAMS 0x000000072b000000, 0x000000072ae00000| Updating 
| 303|0x000000072b000000, 0x000000072b200000, 0x000000072b200000|100%| O|  |TAMS 0x000000072b200000, 0x000000072b000000| Updating 
| 304|0x000000072b200000, 0x000000072b400000, 0x000000072b400000|100%| O|  |TAMS 0x000000072b400000, 0x000000072b200000| Updating 
| 305|0x000000072b400000, 0x000000072b600000, 0x000000072b600000|100%| O|  |TAMS 0x000000072b600000, 0x000000072b400000| Updating 
| 306|0x000000072b600000, 0x000000072b800000, 0x000000072b800000|100%| O|  |TAMS 0x000000072b800000, 0x000000072b600000| Updating 
| 307|0x000000072b800000, 0x000000072ba00000, 0x000000072ba00000|100%| O|  |TAMS 0x000000072ba00000, 0x000000072b800000| Updating 
| 308|0x000000072ba00000, 0x000000072ba00000, 0x000000072bc00000|  0%| F|  |TAMS 0x000000072ba00000, 0x000000072ba00000| Untracked 
| 309|0x000000072bc00000, 0x000000072be00000, 0x000000072be00000|100%| O|  |TAMS 0x000000072be00000, 0x000000072bc00000| Updating 
| 310|0x000000072be00000, 0x000000072c000000, 0x000000072c000000|100%| O|  |TAMS 0x000000072c000000, 0x000000072be00000| Updating 
| 311|0x000000072c000000, 0x000000072c200000, 0x000000072c200000|100%| O|  |TAMS 0x000000072c200000, 0x000000072c000000| Updating 
| 312|0x000000072c200000, 0x000000072c400000, 0x000000072c400000|100%| O|  |TAMS 0x000000072c400000, 0x000000072c200000| Updating 
| 313|0x000000072c400000, 0x000000072c600000, 0x000000072c600000|100%| O|  |TAMS 0x000000072c600000, 0x000000072c400000| Updating 
| 314|0x000000072c600000, 0x000000072c800000, 0x000000072c800000|100%| O|  |TAMS 0x000000072c800000, 0x000000072c600000| Updating 
| 315|0x000000072c800000, 0x000000072ca00000, 0x000000072ca00000|100%| O|  |TAMS 0x000000072ca00000, 0x000000072c800000| Updating 
| 316|0x000000072ca00000, 0x000000072cc00000, 0x000000072cc00000|100%| O|  |TAMS 0x000000072cc00000, 0x000000072ca00000| Updating 
| 317|0x000000072cc00000, 0x000000072ce00000, 0x000000072ce00000|100%| O|  |TAMS 0x000000072ce00000, 0x000000072cc00000| Updating 
| 318|0x000000072ce00000, 0x000000072d000000, 0x000000072d000000|100%| O|  |TAMS 0x000000072d000000, 0x000000072ce00000| Updating 
| 319|0x000000072d000000, 0x000000072d200000, 0x000000072d200000|100%| O|  |TAMS 0x000000072d200000, 0x000000072d000000| Updating 
| 320|0x000000072d200000, 0x000000072d400000, 0x000000072d400000|100%| O|  |TAMS 0x000000072d400000, 0x000000072d200000| Updating 
| 321|0x000000072d400000, 0x000000072d600000, 0x000000072d600000|100%| O|  |TAMS 0x000000072d600000, 0x000000072d400000| Updating 
| 322|0x000000072d600000, 0x000000072d800000, 0x000000072d800000|100%| O|  |TAMS 0x000000072d800000, 0x000000072d600000| Updating 
| 323|0x000000072d800000, 0x000000072da00000, 0x000000072da00000|100%| O|  |TAMS 0x000000072da00000, 0x000000072d800000| Updating 
| 324|0x000000072da00000, 0x000000072dc00000, 0x000000072dc00000|100%| O|  |TAMS 0x000000072dc00000, 0x000000072da00000| Updating 
| 325|0x000000072dc00000, 0x000000072de00000, 0x000000072de00000|100%| O|  |TAMS 0x000000072de00000, 0x000000072dc00000| Updating 
| 326|0x000000072de00000, 0x000000072e000000, 0x000000072e000000|100%| O|  |TAMS 0x000000072e000000, 0x000000072de00000| Updating 
| 327|0x000000072e000000, 0x000000072e200000, 0x000000072e200000|100%| O|  |TAMS 0x000000072e200000, 0x000000072e000000| Updating 
| 328|0x000000072e200000, 0x000000072e400000, 0x000000072e400000|100%| O|  |TAMS 0x000000072e400000, 0x000000072e200000| Updating 
| 329|0x000000072e400000, 0x000000072e600000, 0x000000072e600000|100%| O|  |TAMS 0x000000072e600000, 0x000000072e400000| Updating 
| 330|0x000000072e600000, 0x000000072e800000, 0x000000072e800000|100%| O|  |TAMS 0x000000072e800000, 0x000000072e600000| Updating 
| 331|0x000000072e800000, 0x000000072ea00000, 0x000000072ea00000|100%| O|  |TAMS 0x000000072ea00000, 0x000000072e800000| Updating 
| 332|0x000000072ea00000, 0x000000072ea00000, 0x000000072ec00000|  0%| F|  |TAMS 0x000000072ea00000, 0x000000072ea00000| Untracked 
| 333|0x000000072ec00000, 0x000000072ec00000, 0x000000072ee00000|  0%| F|  |TAMS 0x000000072ec00000, 0x000000072ec00000| Untracked 
| 334|0x000000072ee00000, 0x000000072ee00000, 0x000000072f000000|  0%| F|  |TAMS 0x000000072ee00000, 0x000000072ee00000| Untracked 
| 335|0x000000072f000000, 0x000000072f000000, 0x000000072f200000|  0%| F|  |TAMS 0x000000072f000000, 0x000000072f000000| Untracked 
| 336|0x000000072f200000, 0x000000072f200000, 0x000000072f400000|  0%| F|  |TAMS 0x000000072f200000, 0x000000072f200000| Untracked 
| 337|0x000000072f400000, 0x000000072f400000, 0x000000072f600000|  0%| F|  |TAMS 0x000000072f400000, 0x000000072f400000| Untracked 
| 338|0x000000072f600000, 0x000000072f600000, 0x000000072f800000|  0%| F|  |TAMS 0x000000072f600000, 0x000000072f600000| Untracked 
| 339|0x000000072f800000, 0x000000072f800000, 0x000000072fa00000|  0%| F|  |TAMS 0x000000072f800000, 0x000000072f800000| Untracked 
| 340|0x000000072fa00000, 0x000000072fa00000, 0x000000072fc00000|  0%| F|  |TAMS 0x000000072fa00000, 0x000000072fa00000| Untracked 
| 341|0x000000072fc00000, 0x000000072fc00000, 0x000000072fe00000|  0%| F|  |TAMS 0x000000072fc00000, 0x000000072fc00000| Untracked 
| 342|0x000000072fe00000, 0x000000072fe00000, 0x0000000730000000|  0%| F|  |TAMS 0x000000072fe00000, 0x000000072fe00000| Untracked 
| 343|0x0000000730000000, 0x0000000730000000, 0x0000000730200000|  0%| F|  |TAMS 0x0000000730000000, 0x0000000730000000| Untracked 
| 344|0x0000000730200000, 0x0000000730200000, 0x0000000730400000|  0%| F|  |TAMS 0x0000000730200000, 0x0000000730200000| Untracked 
| 345|0x0000000730400000, 0x0000000730400000, 0x0000000730600000|  0%| F|  |TAMS 0x0000000730400000, 0x0000000730400000| Untracked 
| 346|0x0000000730600000, 0x0000000730600000, 0x0000000730800000|  0%| F|  |TAMS 0x0000000730600000, 0x0000000730600000| Untracked 
| 347|0x0000000730800000, 0x0000000730800000, 0x0000000730a00000|  0%| F|  |TAMS 0x0000000730800000, 0x0000000730800000| Untracked 
| 348|0x0000000730a00000, 0x0000000730a00000, 0x0000000730c00000|  0%| F|  |TAMS 0x0000000730a00000, 0x0000000730a00000| Untracked 
| 349|0x0000000730c00000, 0x0000000730c00000, 0x0000000730e00000|  0%| F|  |TAMS 0x0000000730c00000, 0x0000000730c00000| Untracked 
| 350|0x0000000730e00000, 0x0000000730e00000, 0x0000000731000000|  0%| F|  |TAMS 0x0000000730e00000, 0x0000000730e00000| Untracked 
| 351|0x0000000731000000, 0x0000000731000000, 0x0000000731200000|  0%| F|  |TAMS 0x0000000731000000, 0x0000000731000000| Untracked 
| 352|0x0000000731200000, 0x0000000731200000, 0x0000000731400000|  0%| F|  |TAMS 0x0000000731200000, 0x0000000731200000| Untracked 
| 353|0x0000000731400000, 0x0000000731400000, 0x0000000731600000|  0%| F|  |TAMS 0x0000000731400000, 0x0000000731400000| Untracked 
| 354|0x0000000731600000, 0x0000000731600000, 0x0000000731800000|  0%| F|  |TAMS 0x0000000731600000, 0x0000000731600000| Untracked 
| 355|0x0000000731800000, 0x0000000731800000, 0x0000000731a00000|  0%| F|  |TAMS 0x0000000731800000, 0x0000000731800000| Untracked 
| 356|0x0000000731a00000, 0x0000000731a00000, 0x0000000731c00000|  0%| F|  |TAMS 0x0000000731a00000, 0x0000000731a00000| Untracked 
| 357|0x0000000731c00000, 0x0000000731c00000, 0x0000000731e00000|  0%| F|  |TAMS 0x0000000731c00000, 0x0000000731c00000| Untracked 
| 358|0x0000000731e00000, 0x0000000731e00000, 0x0000000732000000|  0%| F|  |TAMS 0x0000000731e00000, 0x0000000731e00000| Untracked 
| 359|0x0000000732000000, 0x0000000732000000, 0x0000000732200000|  0%| F|  |TAMS 0x0000000732000000, 0x0000000732000000| Untracked 
| 360|0x0000000732200000, 0x0000000732200000, 0x0000000732400000|  0%| F|  |TAMS 0x0000000732200000, 0x0000000732200000| Untracked 
| 361|0x0000000732400000, 0x0000000732600000, 0x0000000732600000|100%| O|  |TAMS 0x0000000732600000, 0x0000000732400000| Updating 
| 362|0x0000000732600000, 0x0000000732800000, 0x0000000732800000|100%| O|  |TAMS 0x0000000732800000, 0x0000000732600000| Updating 
| 363|0x0000000732800000, 0x0000000732a00000, 0x0000000732a00000|100%| O|  |TAMS 0x0000000732a00000, 0x0000000732800000| Updating 
| 364|0x0000000732a00000, 0x0000000732a00000, 0x0000000732c00000|  0%| F|  |TAMS 0x0000000732a00000, 0x0000000732a00000| Untracked 
| 365|0x0000000732c00000, 0x0000000732c00000, 0x0000000732e00000|  0%| F|  |TAMS 0x0000000732c00000, 0x0000000732c00000| Untracked 
| 366|0x0000000732e00000, 0x0000000732e00000, 0x0000000733000000|  0%| F|  |TAMS 0x0000000732e00000, 0x0000000732e00000| Untracked 
| 367|0x0000000733000000, 0x0000000733000000, 0x0000000733200000|  0%| F|  |TAMS 0x0000000733000000, 0x0000000733000000| Untracked 
| 368|0x0000000733200000, 0x0000000733400000, 0x0000000733400000|100%| O|  |TAMS 0x0000000733400000, 0x0000000733200000| Updating 
| 369|0x0000000733400000, 0x0000000733400000, 0x0000000733600000|  0%| F|  |TAMS 0x0000000733400000, 0x0000000733400000| Untracked 
| 370|0x0000000733600000, 0x0000000733600000, 0x0000000733800000|  0%| F|  |TAMS 0x0000000733600000, 0x0000000733600000| Untracked 
| 371|0x0000000733800000, 0x0000000733a00000, 0x0000000733a00000|100%| O|  |TAMS 0x0000000733a00000, 0x0000000733800000| Updating 
| 372|0x0000000733a00000, 0x0000000733a00000, 0x0000000733c00000|  0%| F|  |TAMS 0x0000000733a00000, 0x0000000733a00000| Untracked 
| 373|0x0000000733c00000, 0x0000000733c00000, 0x0000000733e00000|  0%| F|  |TAMS 0x0000000733c00000, 0x0000000733c00000| Untracked 
| 374|0x0000000733e00000, 0x0000000733e00000, 0x0000000734000000|  0%| F|  |TAMS 0x0000000733e00000, 0x0000000733e00000| Untracked 
| 375|0x0000000734000000, 0x0000000734000000, 0x0000000734200000|  0%| F|  |TAMS 0x0000000734000000, 0x0000000734000000| Untracked 
| 376|0x0000000734200000, 0x0000000734200000, 0x0000000734400000|  0%| F|  |TAMS 0x0000000734200000, 0x0000000734200000| Untracked 
| 377|0x0000000734400000, 0x0000000734400000, 0x0000000734600000|  0%| F|  |TAMS 0x0000000734400000, 0x0000000734400000| Untracked 
| 378|0x0000000734600000, 0x0000000734800000, 0x0000000734800000|100%| O|  |TAMS 0x0000000734800000, 0x0000000734600000| Updating 
| 379|0x0000000734800000, 0x0000000734a00000, 0x0000000734a00000|100%| O|  |TAMS 0x0000000734a00000, 0x0000000734800000| Updating 
| 380|0x0000000734a00000, 0x0000000734a00000, 0x0000000734c00000|  0%| F|  |TAMS 0x0000000734a00000, 0x0000000734a00000| Untracked 
| 381|0x0000000734c00000, 0x0000000734e00000, 0x0000000734e00000|100%| O|  |TAMS 0x0000000734e00000, 0x0000000734c00000| Updating 
| 382|0x0000000734e00000, 0x0000000734e00000, 0x0000000735000000|  0%| F|  |TAMS 0x0000000734e00000, 0x0000000734e00000| Untracked 
| 383|0x0000000735000000, 0x0000000735200000, 0x0000000735200000|100%| O|  |TAMS 0x0000000735200000, 0x0000000735000000| Updating 
| 384|0x0000000735200000, 0x0000000735400000, 0x0000000735400000|100%| O|  |TAMS 0x0000000735400000, 0x0000000735200000| Updating 
| 385|0x0000000735400000, 0x0000000735600000, 0x0000000735600000|100%| O|  |TAMS 0x0000000735600000, 0x0000000735400000| Updating 
| 386|0x0000000735600000, 0x0000000735600000, 0x0000000735800000|  0%| F|  |TAMS 0x0000000735600000, 0x0000000735600000| Untracked 
| 387|0x0000000735800000, 0x0000000735800000, 0x0000000735a00000|  0%| F|  |TAMS 0x0000000735800000, 0x0000000735800000| Untracked 
| 388|0x0000000735a00000, 0x0000000735c00000, 0x0000000735c00000|100%| O|  |TAMS 0x0000000735c00000, 0x0000000735a00000| Updating 
| 389|0x0000000735c00000, 0x0000000735c00000, 0x0000000735e00000|  0%| F|  |TAMS 0x0000000735c00000, 0x0000000735c00000| Untracked 
| 390|0x0000000735e00000, 0x0000000735e00000, 0x0000000736000000|  0%| F|  |TAMS 0x0000000735e00000, 0x0000000735e00000| Untracked 
| 391|0x0000000736000000, 0x0000000736200000, 0x0000000736200000|100%| O|  |TAMS 0x0000000736200000, 0x0000000736000000| Updating 
| 392|0x0000000736200000, 0x0000000736200000, 0x0000000736400000|  0%| F|  |TAMS 0x0000000736200000, 0x0000000736200000| Untracked 
| 393|0x0000000736400000, 0x0000000736600000, 0x0000000736600000|100%| O|  |TAMS 0x0000000736600000, 0x0000000736400000| Updating 
| 394|0x0000000736600000, 0x0000000736800000, 0x0000000736800000|100%| O|  |TAMS 0x0000000736800000, 0x0000000736600000| Updating 
| 395|0x0000000736800000, 0x0000000736800000, 0x0000000736a00000|  0%| F|  |TAMS 0x0000000736800000, 0x0000000736800000| Untracked 
| 396|0x0000000736a00000, 0x0000000736a00000, 0x0000000736c00000|  0%| F|  |TAMS 0x0000000736a00000, 0x0000000736a00000| Untracked 
| 397|0x0000000736c00000, 0x0000000736c00000, 0x0000000736e00000|  0%| F|  |TAMS 0x0000000736c00000, 0x0000000736c00000| Untracked 
| 398|0x0000000736e00000, 0x0000000736e00000, 0x0000000737000000|  0%| F|  |TAMS 0x0000000736e00000, 0x0000000736e00000| Untracked 
| 399|0x0000000737000000, 0x0000000737000000, 0x0000000737200000|  0%| F|  |TAMS 0x0000000737000000, 0x0000000737000000| Untracked 
| 400|0x0000000737200000, 0x0000000737200000, 0x0000000737400000|  0%| F|  |TAMS 0x0000000737200000, 0x0000000737200000| Untracked 
| 401|0x0000000737400000, 0x0000000737400000, 0x0000000737600000|  0%| F|  |TAMS 0x0000000737400000, 0x0000000737400000| Untracked 
| 402|0x0000000737600000, 0x0000000737600000, 0x0000000737800000|  0%| F|  |TAMS 0x0000000737600000, 0x0000000737600000| Untracked 
| 403|0x0000000737800000, 0x0000000737800000, 0x0000000737a00000|  0%| F|  |TAMS 0x0000000737800000, 0x0000000737800000| Untracked 
| 404|0x0000000737a00000, 0x0000000737c00000, 0x0000000737c00000|100%| O|  |TAMS 0x0000000737c00000, 0x0000000737a00000| Updating 
| 405|0x0000000737c00000, 0x0000000737e00000, 0x0000000737e00000|100%| O|  |TAMS 0x0000000737e00000, 0x0000000737c00000| Updating 
| 406|0x0000000737e00000, 0x0000000737e00000, 0x0000000738000000|  0%| F|  |TAMS 0x0000000737e00000, 0x0000000737e00000| Untracked 
| 407|0x0000000738000000, 0x0000000738200000, 0x0000000738200000|100%| O|  |TAMS 0x0000000738200000, 0x0000000738000000| Updating 
| 408|0x0000000738200000, 0x0000000738200000, 0x0000000738400000|  0%| F|  |TAMS 0x0000000738200000, 0x0000000738200000| Untracked 
| 409|0x0000000738400000, 0x0000000738400000, 0x0000000738600000|  0%| F|  |TAMS 0x0000000738400000, 0x0000000738400000| Untracked 
| 410|0x0000000738600000, 0x0000000738600000, 0x0000000738800000|  0%| F|  |TAMS 0x0000000738600000, 0x0000000738600000| Untracked 
| 411|0x0000000738800000, 0x0000000738a00000, 0x0000000738a00000|100%| O|  |TAMS 0x0000000738a00000, 0x0000000738800000| Updating 
| 412|0x0000000738a00000, 0x0000000738a00000, 0x0000000738c00000|  0%| F|  |TAMS 0x0000000738a00000, 0x0000000738a00000| Untracked 
| 413|0x0000000738c00000, 0x0000000738e00000, 0x0000000738e00000|100%| O|  |TAMS 0x0000000738e00000, 0x0000000738c00000| Updating 
| 414|0x0000000738e00000, 0x0000000739000000, 0x0000000739000000|100%| O|  |TAMS 0x0000000739000000, 0x0000000738e00000| Updating 
| 415|0x0000000739000000, 0x0000000739200000, 0x0000000739200000|100%| O|  |TAMS 0x0000000739200000, 0x0000000739000000| Updating 
| 416|0x0000000739200000, 0x0000000739400000, 0x0000000739400000|100%| O|  |TAMS 0x0000000739400000, 0x0000000739200000| Updating 
| 417|0x0000000739400000, 0x0000000739600000, 0x0000000739600000|100%| O|  |TAMS 0x0000000739600000, 0x0000000739400000| Updating 
| 418|0x0000000739600000, 0x0000000739800000, 0x0000000739800000|100%| O|  |TAMS 0x0000000739800000, 0x0000000739600000| Updating 
| 419|0x0000000739800000, 0x0000000739a00000, 0x0000000739a00000|100%| O|  |TAMS 0x0000000739a00000, 0x0000000739800000| Updating 
| 420|0x0000000739a00000, 0x0000000739c00000, 0x0000000739c00000|100%| O|  |TAMS 0x0000000739c00000, 0x0000000739a00000| Updating 
| 421|0x0000000739c00000, 0x0000000739e00000, 0x0000000739e00000|100%| O|  |TAMS 0x0000000739e00000, 0x0000000739c00000| Updating 
| 422|0x0000000739e00000, 0x000000073a000000, 0x000000073a000000|100%| O|  |TAMS 0x000000073a000000, 0x0000000739e00000| Updating 
| 423|0x000000073a000000, 0x000000073a200000, 0x000000073a200000|100%| O|  |TAMS 0x000000073a200000, 0x000000073a000000| Updating 
| 424|0x000000073a200000, 0x000000073a400000, 0x000000073a400000|100%| O|  |TAMS 0x000000073a400000, 0x000000073a200000| Updating 
| 425|0x000000073a400000, 0x000000073a600000, 0x000000073a600000|100%| O|  |TAMS 0x000000073a600000, 0x000000073a400000| Updating 
| 426|0x000000073a600000, 0x000000073a800000, 0x000000073a800000|100%| O|  |TAMS 0x000000073a800000, 0x000000073a600000| Updating 
| 427|0x000000073a800000, 0x000000073aa00000, 0x000000073aa00000|100%| O|  |TAMS 0x000000073aa00000, 0x000000073a800000| Updating 
| 428|0x000000073aa00000, 0x000000073ac00000, 0x000000073ac00000|100%| O|  |TAMS 0x000000073ac00000, 0x000000073aa00000| Updating 
| 429|0x000000073ac00000, 0x000000073ae00000, 0x000000073ae00000|100%| O|  |TAMS 0x000000073ae00000, 0x000000073ac00000| Updating 
| 430|0x000000073ae00000, 0x000000073b000000, 0x000000073b000000|100%| O|  |TAMS 0x000000073b000000, 0x000000073ae00000| Updating 
| 431|0x000000073b000000, 0x000000073b200000, 0x000000073b200000|100%| O|  |TAMS 0x000000073b200000, 0x000000073b000000| Updating 
| 432|0x000000073b200000, 0x000000073b400000, 0x000000073b400000|100%| O|  |TAMS 0x000000073b400000, 0x000000073b200000| Updating 
| 433|0x000000073b400000, 0x000000073b600000, 0x000000073b600000|100%| O|  |TAMS 0x000000073b600000, 0x000000073b400000| Updating 
| 434|0x000000073b600000, 0x000000073b800000, 0x000000073b800000|100%| O|  |TAMS 0x000000073b800000, 0x000000073b600000| Updating 
| 435|0x000000073b800000, 0x000000073ba00000, 0x000000073ba00000|100%| O|  |TAMS 0x000000073ba00000, 0x000000073b800000| Updating 
| 436|0x000000073ba00000, 0x000000073bc00000, 0x000000073bc00000|100%| O|  |TAMS 0x000000073bc00000, 0x000000073ba00000| Updating 
| 437|0x000000073bc00000, 0x000000073be00000, 0x000000073be00000|100%| O|  |TAMS 0x000000073be00000, 0x000000073bc00000| Updating 
| 438|0x000000073be00000, 0x000000073c000000, 0x000000073c000000|100%| O|  |TAMS 0x000000073c000000, 0x000000073be00000| Updating 
| 439|0x000000073c000000, 0x000000073c200000, 0x000000073c200000|100%| O|  |TAMS 0x000000073c200000, 0x000000073c000000| Updating 
| 440|0x000000073c200000, 0x000000073c400000, 0x000000073c400000|100%| O|  |TAMS 0x000000073c400000, 0x000000073c200000| Updating 
| 441|0x000000073c400000, 0x000000073c600000, 0x000000073c600000|100%| O|  |TAMS 0x000000073c600000, 0x000000073c400000| Updating 
| 442|0x000000073c600000, 0x000000073c800000, 0x000000073c800000|100%| O|  |TAMS 0x000000073c800000, 0x000000073c600000| Updating 
| 443|0x000000073c800000, 0x000000073ca00000, 0x000000073ca00000|100%| O|  |TAMS 0x000000073ca00000, 0x000000073c800000| Updating 
| 444|0x000000073ca00000, 0x000000073cc00000, 0x000000073cc00000|100%| O|  |TAMS 0x000000073cc00000, 0x000000073ca00000| Updating 
| 445|0x000000073cc00000, 0x000000073ce00000, 0x000000073ce00000|100%| O|  |TAMS 0x000000073ce00000, 0x000000073cc00000| Updating 
| 446|0x000000073ce00000, 0x000000073ce00000, 0x000000073d000000|  0%| F|  |TAMS 0x000000073ce00000, 0x000000073ce00000| Untracked 
| 447|0x000000073d000000, 0x000000073d000000, 0x000000073d200000|  0%| F|  |TAMS 0x000000073d000000, 0x000000073d000000| Untracked 
| 448|0x000000073d200000, 0x000000073d200000, 0x000000073d400000|  0%| F|  |TAMS 0x000000073d200000, 0x000000073d200000| Untracked 
| 449|0x000000073d400000, 0x000000073d600000, 0x000000073d600000|100%| O|  |TAMS 0x000000073d600000, 0x000000073d400000| Updating 
| 450|0x000000073d600000, 0x000000073d800000, 0x000000073d800000|100%| O|  |TAMS 0x000000073d800000, 0x000000073d600000| Updating 
| 451|0x000000073d800000, 0x000000073da00000, 0x000000073da00000|100%| O|  |TAMS 0x000000073da00000, 0x000000073d800000| Updating 
| 452|0x000000073da00000, 0x000000073dc00000, 0x000000073dc00000|100%| O|  |TAMS 0x000000073dc00000, 0x000000073da00000| Updating 
| 453|0x000000073dc00000, 0x000000073dc00000, 0x000000073de00000|  0%| F|  |TAMS 0x000000073dc00000, 0x000000073dc00000| Untracked 
| 454|0x000000073de00000, 0x000000073e000000, 0x000000073e000000|100%| O|  |TAMS 0x000000073e000000, 0x000000073de00000| Updating 
| 455|0x000000073e000000, 0x000000073e000000, 0x000000073e200000|  0%| F|  |TAMS 0x000000073e000000, 0x000000073e000000| Untracked 
| 456|0x000000073e200000, 0x000000073e400000, 0x000000073e400000|100%| O|  |TAMS 0x000000073e400000, 0x000000073e200000| Updating 
| 457|0x000000073e400000, 0x000000073e600000, 0x000000073e600000|100%| O|  |TAMS 0x000000073e600000, 0x000000073e400000| Updating 
| 458|0x000000073e600000, 0x000000073e800000, 0x000000073e800000|100%| O|  |TAMS 0x000000073e800000, 0x000000073e600000| Updating 
| 459|0x000000073e800000, 0x000000073ea00000, 0x000000073ea00000|100%| O|  |TAMS 0x000000073ea00000, 0x000000073e800000| Updating 
| 460|0x000000073ea00000, 0x000000073ec00000, 0x000000073ec00000|100%| O|  |TAMS 0x000000073ec00000, 0x000000073ea00000| Updating 
| 461|0x000000073ec00000, 0x000000073ee00000, 0x000000073ee00000|100%| O|  |TAMS 0x000000073ee00000, 0x000000073ec00000| Updating 
| 462|0x000000073ee00000, 0x000000073f000000, 0x000000073f000000|100%| O|  |TAMS 0x000000073f000000, 0x000000073ee00000| Updating 
| 463|0x000000073f000000, 0x000000073f200000, 0x000000073f200000|100%| O|  |TAMS 0x000000073f200000, 0x000000073f000000| Updating 
| 464|0x000000073f200000, 0x000000073f400000, 0x000000073f400000|100%| O|  |TAMS 0x000000073f400000, 0x000000073f200000| Updating 
| 465|0x000000073f400000, 0x000000073f600000, 0x000000073f600000|100%| O|  |TAMS 0x000000073f600000, 0x000000073f400000| Updating 
| 466|0x000000073f600000, 0x000000073f800000, 0x000000073f800000|100%| O|  |TAMS 0x000000073f800000, 0x000000073f600000| Updating 
| 467|0x000000073f800000, 0x000000073f800000, 0x000000073fa00000|  0%| F|  |TAMS 0x000000073f800000, 0x000000073f800000| Untracked 
| 468|0x000000073fa00000, 0x000000073fc00000, 0x000000073fc00000|100%| O|  |TAMS 0x000000073fc00000, 0x000000073fa00000| Updating 
| 469|0x000000073fc00000, 0x000000073fe00000, 0x000000073fe00000|100%| O|  |TAMS 0x000000073fe00000, 0x000000073fc00000| Updating 
| 470|0x000000073fe00000, 0x0000000740000000, 0x0000000740000000|100%| O|  |TAMS 0x0000000740000000, 0x000000073fe00000| Updating 
| 471|0x0000000740000000, 0x0000000740200000, 0x0000000740200000|100%| O|  |TAMS 0x0000000740200000, 0x0000000740000000| Updating 
| 472|0x0000000740200000, 0x0000000740400000, 0x0000000740400000|100%| O|  |TAMS 0x0000000740400000, 0x0000000740200000| Updating 
| 473|0x0000000740400000, 0x0000000740600000, 0x0000000740600000|100%| O|  |TAMS 0x0000000740600000, 0x0000000740400000| Updating 
| 474|0x0000000740600000, 0x0000000740800000, 0x0000000740800000|100%| O|  |TAMS 0x0000000740800000, 0x0000000740600000| Updating 
| 475|0x0000000740800000, 0x0000000740a00000, 0x0000000740a00000|100%| O|  |TAMS 0x0000000740a00000, 0x0000000740800000| Updating 
| 476|0x0000000740a00000, 0x0000000740c00000, 0x0000000740c00000|100%| O|  |TAMS 0x0000000740c00000, 0x0000000740a00000| Updating 
| 477|0x0000000740c00000, 0x0000000740e00000, 0x0000000740e00000|100%| O|  |TAMS 0x0000000740e00000, 0x0000000740c00000| Updating 
| 478|0x0000000740e00000, 0x0000000741000000, 0x0000000741000000|100%| O|  |TAMS 0x0000000741000000, 0x0000000740e00000| Updating 
| 479|0x0000000741000000, 0x0000000741200000, 0x0000000741200000|100%| O|  |TAMS 0x0000000741200000, 0x0000000741000000| Updating 
| 480|0x0000000741200000, 0x0000000741400000, 0x0000000741400000|100%| O|  |TAMS 0x0000000741400000, 0x0000000741200000| Updating 
| 481|0x0000000741400000, 0x0000000741600000, 0x0000000741600000|100%| O|  |TAMS 0x0000000741600000, 0x0000000741400000| Updating 
| 482|0x0000000741600000, 0x0000000741800000, 0x0000000741800000|100%| O|  |TAMS 0x0000000741800000, 0x0000000741600000| Updating 
| 483|0x0000000741800000, 0x0000000741a00000, 0x0000000741a00000|100%| O|  |TAMS 0x0000000741a00000, 0x0000000741800000| Updating 
| 484|0x0000000741a00000, 0x0000000741c00000, 0x0000000741c00000|100%| O|  |TAMS 0x0000000741c00000, 0x0000000741a00000| Updating 
| 485|0x0000000741c00000, 0x0000000741e00000, 0x0000000741e00000|100%| O|  |TAMS 0x0000000741e00000, 0x0000000741c00000| Updating 
| 486|0x0000000741e00000, 0x0000000742000000, 0x0000000742000000|100%| O|  |TAMS 0x0000000742000000, 0x0000000741e00000| Updating 
| 487|0x0000000742000000, 0x0000000742200000, 0x0000000742200000|100%| O|  |TAMS 0x0000000742200000, 0x0000000742000000| Updating 
| 488|0x0000000742200000, 0x0000000742400000, 0x0000000742400000|100%| O|  |TAMS 0x0000000742400000, 0x0000000742200000| Updating 
| 489|0x0000000742400000, 0x0000000742600000, 0x0000000742600000|100%| O|  |TAMS 0x0000000742600000, 0x0000000742400000| Updating 
| 490|0x0000000742600000, 0x0000000742800000, 0x0000000742800000|100%| O|  |TAMS 0x0000000742800000, 0x0000000742600000| Updating 
| 491|0x0000000742800000, 0x0000000742a00000, 0x0000000742a00000|100%| O|  |TAMS 0x0000000742a00000, 0x0000000742800000| Updating 
| 492|0x0000000742a00000, 0x0000000742c00000, 0x0000000742c00000|100%| O|  |TAMS 0x0000000742c00000, 0x0000000742a00000| Updating 
| 493|0x0000000742c00000, 0x0000000742c00000, 0x0000000742e00000|  0%| F|  |TAMS 0x0000000742c00000, 0x0000000742c00000| Untracked 
| 494|0x0000000742e00000, 0x0000000743000000, 0x0000000743000000|100%| O|  |TAMS 0x0000000743000000, 0x0000000742e00000| Updating 
| 495|0x0000000743000000, 0x0000000743200000, 0x0000000743200000|100%| O|  |TAMS 0x0000000743200000, 0x0000000743000000| Updating 
| 496|0x0000000743200000, 0x0000000743400000, 0x0000000743400000|100%| O|  |TAMS 0x0000000743400000, 0x0000000743200000| Updating 
| 497|0x0000000743400000, 0x0000000743600000, 0x0000000743600000|100%| O|  |TAMS 0x0000000743600000, 0x0000000743400000| Updating 
| 498|0x0000000743600000, 0x0000000743600000, 0x0000000743800000|  0%| F|  |TAMS 0x0000000743600000, 0x0000000743600000| Untracked 
| 499|0x0000000743800000, 0x0000000743a00000, 0x0000000743a00000|100%| O|  |TAMS 0x0000000743a00000, 0x0000000743800000| Updating 
| 500|0x0000000743a00000, 0x0000000743c00000, 0x0000000743c00000|100%| O|  |TAMS 0x0000000743c00000, 0x0000000743a00000| Updating 
| 501|0x0000000743c00000, 0x0000000743e00000, 0x0000000743e00000|100%| O|  |TAMS 0x0000000743e00000, 0x0000000743c00000| Updating 
| 502|0x0000000743e00000, 0x0000000744000000, 0x0000000744000000|100%| O|  |TAMS 0x0000000744000000, 0x0000000743e00000| Updating 
| 503|0x0000000744000000, 0x0000000744200000, 0x0000000744200000|100%| O|  |TAMS 0x0000000744200000, 0x0000000744000000| Updating 
| 504|0x0000000744200000, 0x0000000744400000, 0x0000000744400000|100%| O|  |TAMS 0x0000000744400000, 0x0000000744200000| Updating 
| 505|0x0000000744400000, 0x0000000744600000, 0x0000000744600000|100%| O|  |TAMS 0x0000000744600000, 0x0000000744400000| Updating 
| 506|0x0000000744600000, 0x0000000744800000, 0x0000000744800000|100%| O|  |TAMS 0x0000000744800000, 0x0000000744600000| Updating 
| 507|0x0000000744800000, 0x0000000744a00000, 0x0000000744a00000|100%| O|  |TAMS 0x0000000744a00000, 0x0000000744800000| Updating 
| 508|0x0000000744a00000, 0x0000000744c00000, 0x0000000744c00000|100%| O|  |TAMS 0x0000000744c00000, 0x0000000744a00000| Updating 
| 509|0x0000000744c00000, 0x0000000744e00000, 0x0000000744e00000|100%| O|  |TAMS 0x0000000744e00000, 0x0000000744c00000| Updating 
| 510|0x0000000744e00000, 0x0000000745000000, 0x0000000745000000|100%| O|  |TAMS 0x0000000745000000, 0x0000000744e00000| Updating 
| 511|0x0000000745000000, 0x0000000745200000, 0x0000000745200000|100%| O|  |TAMS 0x0000000745200000, 0x0000000745000000| Updating 
| 512|0x0000000745200000, 0x0000000745400000, 0x0000000745400000|100%| O|  |TAMS 0x0000000745400000, 0x0000000745200000| Updating 
| 513|0x0000000745400000, 0x0000000745600000, 0x0000000745600000|100%| O|  |TAMS 0x0000000745600000, 0x0000000745400000| Updating 
| 514|0x0000000745600000, 0x0000000745800000, 0x0000000745800000|100%| O|  |TAMS 0x0000000745800000, 0x0000000745600000| Updating 
| 515|0x0000000745800000, 0x0000000745a00000, 0x0000000745a00000|100%| O|  |TAMS 0x0000000745a00000, 0x0000000745800000| Updating 
| 516|0x0000000745a00000, 0x0000000745c00000, 0x0000000745c00000|100%| O|  |TAMS 0x0000000745c00000, 0x0000000745a00000| Updating 
| 517|0x0000000745c00000, 0x0000000745e00000, 0x0000000745e00000|100%| O|  |TAMS 0x0000000745e00000, 0x0000000745c00000| Updating 
| 518|0x0000000745e00000, 0x0000000746000000, 0x0000000746000000|100%| O|  |TAMS 0x0000000746000000, 0x0000000745e00000| Updating 
| 519|0x0000000746000000, 0x0000000746200000, 0x0000000746200000|100%| O|  |TAMS 0x0000000746200000, 0x0000000746000000| Updating 
| 520|0x0000000746200000, 0x0000000746400000, 0x0000000746400000|100%| O|  |TAMS 0x0000000746400000, 0x0000000746200000| Updating 
| 521|0x0000000746400000, 0x0000000746600000, 0x0000000746600000|100%| O|  |TAMS 0x0000000746600000, 0x0000000746400000| Updating 
| 522|0x0000000746600000, 0x0000000746800000, 0x0000000746800000|100%| O|  |TAMS 0x0000000746800000, 0x0000000746600000| Updating 
| 523|0x0000000746800000, 0x0000000746a00000, 0x0000000746a00000|100%| O|  |TAMS 0x0000000746a00000, 0x0000000746800000| Updating 
| 524|0x0000000746a00000, 0x0000000746c00000, 0x0000000746c00000|100%| O|  |TAMS 0x0000000746c00000, 0x0000000746a00000| Updating 
| 525|0x0000000746c00000, 0x0000000746e00000, 0x0000000746e00000|100%| O|  |TAMS 0x0000000746e00000, 0x0000000746c00000| Updating 
| 526|0x0000000746e00000, 0x0000000747000000, 0x0000000747000000|100%| O|  |TAMS 0x0000000747000000, 0x0000000746e00000| Updating 
| 527|0x0000000747000000, 0x0000000747200000, 0x0000000747200000|100%| O|  |TAMS 0x0000000747200000, 0x0000000747000000| Updating 
| 528|0x0000000747200000, 0x0000000747400000, 0x0000000747400000|100%| O|  |TAMS 0x0000000747400000, 0x0000000747200000| Updating 
| 529|0x0000000747400000, 0x0000000747600000, 0x0000000747600000|100%| O|  |TAMS 0x0000000747600000, 0x0000000747400000| Updating 
| 530|0x0000000747600000, 0x0000000747800000, 0x0000000747800000|100%| O|  |TAMS 0x0000000747800000, 0x0000000747600000| Updating 
| 531|0x0000000747800000, 0x0000000747a00000, 0x0000000747a00000|100%| O|  |TAMS 0x0000000747a00000, 0x0000000747800000| Updating 
| 532|0x0000000747a00000, 0x0000000747c00000, 0x0000000747c00000|100%| O|  |TAMS 0x0000000747c00000, 0x0000000747a00000| Updating 
| 533|0x0000000747c00000, 0x0000000747e00000, 0x0000000747e00000|100%| O|  |TAMS 0x0000000747e00000, 0x0000000747c00000| Updating 
| 534|0x0000000747e00000, 0x0000000748000000, 0x0000000748000000|100%| O|  |TAMS 0x0000000748000000, 0x0000000747e00000| Updating 
| 535|0x0000000748000000, 0x0000000748200000, 0x0000000748200000|100%| O|  |TAMS 0x0000000748200000, 0x0000000748000000| Updating 
| 536|0x0000000748200000, 0x0000000748400000, 0x0000000748400000|100%| O|  |TAMS 0x0000000748400000, 0x0000000748200000| Updating 
| 537|0x0000000748400000, 0x0000000748600000, 0x0000000748600000|100%| O|  |TAMS 0x0000000748600000, 0x0000000748400000| Updating 
| 538|0x0000000748600000, 0x0000000748800000, 0x0000000748800000|100%| O|  |TAMS 0x0000000748800000, 0x0000000748600000| Updating 
| 539|0x0000000748800000, 0x0000000748a00000, 0x0000000748a00000|100%| O|  |TAMS 0x0000000748a00000, 0x0000000748800000| Updating 
| 540|0x0000000748a00000, 0x0000000748c00000, 0x0000000748c00000|100%| O|  |TAMS 0x0000000748c00000, 0x0000000748a00000| Updating 
| 541|0x0000000748c00000, 0x0000000748e00000, 0x0000000748e00000|100%| O|  |TAMS 0x0000000748e00000, 0x0000000748c00000| Updating 
| 542|0x0000000748e00000, 0x0000000749000000, 0x0000000749000000|100%| O|  |TAMS 0x0000000749000000, 0x0000000748e00000| Updating 
| 543|0x0000000749000000, 0x0000000749200000, 0x0000000749200000|100%| O|  |TAMS 0x0000000749200000, 0x0000000749000000| Updating 
| 544|0x0000000749200000, 0x0000000749400000, 0x0000000749400000|100%| O|  |TAMS 0x0000000749400000, 0x0000000749200000| Updating 
| 545|0x0000000749400000, 0x0000000749600000, 0x0000000749600000|100%| O|  |TAMS 0x0000000749600000, 0x0000000749400000| Updating 
| 546|0x0000000749600000, 0x0000000749800000, 0x0000000749800000|100%| O|  |TAMS 0x0000000749800000, 0x0000000749600000| Updating 
| 547|0x0000000749800000, 0x0000000749a00000, 0x0000000749a00000|100%| O|  |TAMS 0x0000000749a00000, 0x0000000749800000| Updating 
| 548|0x0000000749a00000, 0x0000000749c00000, 0x0000000749c00000|100%| O|  |TAMS 0x0000000749c00000, 0x0000000749a00000| Updating 
| 549|0x0000000749c00000, 0x0000000749e00000, 0x0000000749e00000|100%| O|  |TAMS 0x0000000749e00000, 0x0000000749c00000| Updating 
| 550|0x0000000749e00000, 0x000000074a000000, 0x000000074a000000|100%| O|  |TAMS 0x000000074a000000, 0x0000000749e00000| Updating 
| 551|0x000000074a000000, 0x000000074a200000, 0x000000074a200000|100%| O|  |TAMS 0x000000074a200000, 0x000000074a000000| Updating 
| 552|0x000000074a200000, 0x000000074a400000, 0x000000074a400000|100%| O|  |TAMS 0x000000074a400000, 0x000000074a200000| Updating 
| 553|0x000000074a400000, 0x000000074a600000, 0x000000074a600000|100%| O|  |TAMS 0x000000074a600000, 0x000000074a400000| Updating 
| 554|0x000000074a600000, 0x000000074a800000, 0x000000074a800000|100%| O|  |TAMS 0x000000074a800000, 0x000000074a600000| Updating 
| 555|0x000000074a800000, 0x000000074aa00000, 0x000000074aa00000|100%| O|  |TAMS 0x000000074aa00000, 0x000000074a800000| Updating 
| 556|0x000000074aa00000, 0x000000074ac00000, 0x000000074ac00000|100%| O|  |TAMS 0x000000074ac00000, 0x000000074aa00000| Updating 
| 557|0x000000074ac00000, 0x000000074ae00000, 0x000000074ae00000|100%| O|  |TAMS 0x000000074ae00000, 0x000000074ac00000| Updating 
| 558|0x000000074ae00000, 0x000000074b000000, 0x000000074b000000|100%| O|  |TAMS 0x000000074b000000, 0x000000074ae00000| Updating 
| 559|0x000000074b000000, 0x000000074b200000, 0x000000074b200000|100%| O|  |TAMS 0x000000074b200000, 0x000000074b000000| Updating 
| 560|0x000000074b200000, 0x000000074b400000, 0x000000074b400000|100%| O|  |TAMS 0x000000074b400000, 0x000000074b200000| Updating 
| 561|0x000000074b400000, 0x000000074b600000, 0x000000074b600000|100%| O|  |TAMS 0x000000074b600000, 0x000000074b400000| Updating 
| 562|0x000000074b600000, 0x000000074b800000, 0x000000074b800000|100%| O|  |TAMS 0x000000074b800000, 0x000000074b600000| Updating 
| 563|0x000000074b800000, 0x000000074ba00000, 0x000000074ba00000|100%| O|  |TAMS 0x000000074ba00000, 0x000000074b800000| Updating 
| 564|0x000000074ba00000, 0x000000074bc00000, 0x000000074bc00000|100%| O|  |TAMS 0x000000074bc00000, 0x000000074ba00000| Updating 
| 565|0x000000074bc00000, 0x000000074be00000, 0x000000074be00000|100%| O|  |TAMS 0x000000074be00000, 0x000000074bc00000| Updating 
| 566|0x000000074be00000, 0x000000074c000000, 0x000000074c000000|100%| O|  |TAMS 0x000000074c000000, 0x000000074be00000| Updating 
| 567|0x000000074c000000, 0x000000074c200000, 0x000000074c200000|100%| O|  |TAMS 0x000000074c200000, 0x000000074c000000| Updating 
| 568|0x000000074c200000, 0x000000074c400000, 0x000000074c400000|100%| O|  |TAMS 0x000000074c400000, 0x000000074c200000| Updating 
| 569|0x000000074c400000, 0x000000074c600000, 0x000000074c600000|100%| O|  |TAMS 0x000000074c600000, 0x000000074c400000| Updating 
| 570|0x000000074c600000, 0x000000074c800000, 0x000000074c800000|100%| O|  |TAMS 0x000000074c800000, 0x000000074c600000| Updating 
| 571|0x000000074c800000, 0x000000074ca00000, 0x000000074ca00000|100%| O|  |TAMS 0x000000074ca00000, 0x000000074c800000| Updating 
| 572|0x000000074ca00000, 0x000000074cc00000, 0x000000074cc00000|100%| O|  |TAMS 0x000000074cc00000, 0x000000074ca00000| Updating 
| 573|0x000000074cc00000, 0x000000074ce00000, 0x000000074ce00000|100%| O|  |TAMS 0x000000074ce00000, 0x000000074cc00000| Updating 
| 574|0x000000074ce00000, 0x000000074d000000, 0x000000074d000000|100%| O|  |TAMS 0x000000074d000000, 0x000000074ce00000| Updating 
| 575|0x000000074d000000, 0x000000074d200000, 0x000000074d200000|100%| O|  |TAMS 0x000000074d200000, 0x000000074d000000| Updating 
| 576|0x000000074d200000, 0x000000074d400000, 0x000000074d400000|100%| O|  |TAMS 0x000000074d400000, 0x000000074d200000| Updating 
| 577|0x000000074d400000, 0x000000074d600000, 0x000000074d600000|100%| O|  |TAMS 0x000000074d600000, 0x000000074d400000| Updating 
| 578|0x000000074d600000, 0x000000074d800000, 0x000000074d800000|100%| O|  |TAMS 0x000000074d800000, 0x000000074d600000| Updating 
| 579|0x000000074d800000, 0x000000074da00000, 0x000000074da00000|100%| O|  |TAMS 0x000000074da00000, 0x000000074d800000| Updating 
| 580|0x000000074da00000, 0x000000074dc00000, 0x000000074dc00000|100%| O|  |TAMS 0x000000074dc00000, 0x000000074da00000| Updating 
| 581|0x000000074dc00000, 0x000000074de00000, 0x000000074de00000|100%| O|  |TAMS 0x000000074de00000, 0x000000074dc00000| Updating 
| 582|0x000000074de00000, 0x000000074e000000, 0x000000074e000000|100%| O|  |TAMS 0x000000074e000000, 0x000000074de00000| Updating 
| 583|0x000000074e000000, 0x000000074e200000, 0x000000074e200000|100%| O|  |TAMS 0x000000074e200000, 0x000000074e000000| Updating 
| 584|0x000000074e200000, 0x000000074e400000, 0x000000074e400000|100%| O|  |TAMS 0x000000074e400000, 0x000000074e200000| Updating 
| 585|0x000000074e400000, 0x000000074e600000, 0x000000074e600000|100%| O|  |TAMS 0x000000074e600000, 0x000000074e400000| Updating 
| 586|0x000000074e600000, 0x000000074e800000, 0x000000074e800000|100%| O|  |TAMS 0x000000074e800000, 0x000000074e600000| Updating 
| 587|0x000000074e800000, 0x000000074ea00000, 0x000000074ea00000|100%| O|  |TAMS 0x000000074ea00000, 0x000000074e800000| Updating 
| 588|0x000000074ea00000, 0x000000074ec00000, 0x000000074ec00000|100%| O|  |TAMS 0x000000074ec00000, 0x000000074ea00000| Updating 
| 589|0x000000074ec00000, 0x000000074ee00000, 0x000000074ee00000|100%| O|  |TAMS 0x000000074ee00000, 0x000000074ec00000| Updating 
| 590|0x000000074ee00000, 0x000000074f000000, 0x000000074f000000|100%| O|  |TAMS 0x000000074f000000, 0x000000074ee00000| Updating 
| 591|0x000000074f000000, 0x000000074f200000, 0x000000074f200000|100%| O|  |TAMS 0x000000074f200000, 0x000000074f000000| Updating 
| 592|0x000000074f200000, 0x000000074f400000, 0x000000074f400000|100%| O|  |TAMS 0x000000074f400000, 0x000000074f200000| Updating 
| 593|0x000000074f400000, 0x000000074f600000, 0x000000074f600000|100%| O|  |TAMS 0x000000074f600000, 0x000000074f400000| Updating 
| 594|0x000000074f600000, 0x000000074f800000, 0x000000074f800000|100%| O|  |TAMS 0x000000074f800000, 0x000000074f600000| Updating 
| 595|0x000000074f800000, 0x000000074fa00000, 0x000000074fa00000|100%| O|  |TAMS 0x000000074fa00000, 0x000000074f800000| Updating 
| 596|0x000000074fa00000, 0x000000074fc00000, 0x000000074fc00000|100%| O|  |TAMS 0x000000074fc00000, 0x000000074fa00000| Updating 
| 597|0x000000074fc00000, 0x000000074fe00000, 0x000000074fe00000|100%| O|  |TAMS 0x000000074fe00000, 0x000000074fc00000| Updating 
| 598|0x000000074fe00000, 0x0000000750000000, 0x0000000750000000|100%| O|  |TAMS 0x0000000750000000, 0x000000074fe00000| Updating 
| 599|0x0000000750000000, 0x0000000750200000, 0x0000000750200000|100%| O|  |TAMS 0x0000000750200000, 0x0000000750000000| Updating 
| 600|0x0000000750200000, 0x0000000750400000, 0x0000000750400000|100%| O|  |TAMS 0x0000000750400000, 0x0000000750200000| Untracked 
| 601|0x0000000750400000, 0x0000000750600000, 0x0000000750600000|100%| O|  |TAMS 0x0000000750600000, 0x0000000750400000| Updating 
| 602|0x0000000750600000, 0x0000000750800000, 0x0000000750800000|100%| O|  |TAMS 0x0000000750800000, 0x0000000750600000| Updating 
| 603|0x0000000750800000, 0x0000000750a00000, 0x0000000750a00000|100%| O|  |TAMS 0x0000000750a00000, 0x0000000750800000| Updating 
| 604|0x0000000750a00000, 0x0000000750c00000, 0x0000000750c00000|100%| O|  |TAMS 0x0000000750c00000, 0x0000000750a00000| Updating 
| 605|0x0000000750c00000, 0x0000000750e00000, 0x0000000750e00000|100%| O|  |TAMS 0x0000000750e00000, 0x0000000750c00000| Updating 
| 606|0x0000000750e00000, 0x0000000751000000, 0x0000000751000000|100%| O|  |TAMS 0x0000000751000000, 0x0000000750e00000| Updating 
| 607|0x0000000751000000, 0x0000000751200000, 0x0000000751200000|100%| O|  |TAMS 0x0000000751200000, 0x0000000751000000| Updating 
| 608|0x0000000751200000, 0x0000000751400000, 0x0000000751400000|100%| O|  |TAMS 0x0000000751400000, 0x0000000751200000| Untracked 
| 609|0x0000000751400000, 0x0000000751600000, 0x0000000751600000|100%| O|  |TAMS 0x0000000751600000, 0x0000000751400000| Updating 
| 610|0x0000000751600000, 0x0000000751800000, 0x0000000751800000|100%| O|  |TAMS 0x0000000751800000, 0x0000000751600000| Updating 
| 611|0x0000000751800000, 0x0000000751a00000, 0x0000000751a00000|100%| O|  |TAMS 0x0000000751a00000, 0x0000000751800000| Updating 
| 612|0x0000000751a00000, 0x0000000751c00000, 0x0000000751c00000|100%| O|  |TAMS 0x0000000751c00000, 0x0000000751a00000| Updating 
| 613|0x0000000751c00000, 0x0000000751e00000, 0x0000000751e00000|100%| O|  |TAMS 0x0000000751e00000, 0x0000000751c00000| Updating 
| 614|0x0000000751e00000, 0x0000000752000000, 0x0000000752000000|100%| O|  |TAMS 0x0000000752000000, 0x0000000751e00000| Updating 
| 615|0x0000000752000000, 0x0000000752200000, 0x0000000752200000|100%| O|  |TAMS 0x0000000752200000, 0x0000000752000000| Updating 
| 616|0x0000000752200000, 0x0000000752400000, 0x0000000752400000|100%| O|  |TAMS 0x0000000752400000, 0x0000000752200000| Updating 
| 617|0x0000000752400000, 0x0000000752600000, 0x0000000752600000|100%| O|  |TAMS 0x0000000752600000, 0x0000000752400000| Updating 
| 618|0x0000000752600000, 0x0000000752800000, 0x0000000752800000|100%| O|  |TAMS 0x0000000752800000, 0x0000000752600000| Untracked 
| 619|0x0000000752800000, 0x0000000752a00000, 0x0000000752a00000|100%| O|  |TAMS 0x0000000752a00000, 0x0000000752800000| Untracked 
| 620|0x0000000752a00000, 0x0000000752c00000, 0x0000000752c00000|100%| O|  |TAMS 0x0000000752c00000, 0x0000000752a00000| Updating 
| 621|0x0000000752c00000, 0x0000000752e00000, 0x0000000752e00000|100%| O|  |TAMS 0x0000000752e00000, 0x0000000752c00000| Updating 
| 622|0x0000000752e00000, 0x0000000753000000, 0x0000000753000000|100%| O|  |TAMS 0x0000000753000000, 0x0000000752e00000| Updating 
| 623|0x0000000753000000, 0x0000000753200000, 0x0000000753200000|100%| O|  |TAMS 0x0000000753200000, 0x0000000753000000| Updating 
| 624|0x0000000753200000, 0x0000000753400000, 0x0000000753400000|100%| O|  |TAMS 0x0000000753400000, 0x0000000753200000| Updating 
| 625|0x0000000753400000, 0x0000000753600000, 0x0000000753600000|100%| O|  |TAMS 0x0000000753600000, 0x0000000753400000| Untracked 
| 626|0x0000000753600000, 0x0000000753800000, 0x0000000753800000|100%| O|  |TAMS 0x0000000753800000, 0x0000000753600000| Untracked 
| 627|0x0000000753800000, 0x0000000753a00000, 0x0000000753a00000|100%| O|  |TAMS 0x0000000753a00000, 0x0000000753800000| Updating 
| 628|0x0000000753a00000, 0x0000000753c00000, 0x0000000753c00000|100%| O|  |TAMS 0x0000000753c00000, 0x0000000753a00000| Updating 
| 629|0x0000000753c00000, 0x0000000753e00000, 0x0000000753e00000|100%| O|  |TAMS 0x0000000753e00000, 0x0000000753c00000| Updating 
| 630|0x0000000753e00000, 0x0000000754000000, 0x0000000754000000|100%| O|  |TAMS 0x0000000754000000, 0x0000000753e00000| Updating 
| 631|0x0000000754000000, 0x0000000754200000, 0x0000000754200000|100%| O|  |TAMS 0x0000000754200000, 0x0000000754000000| Updating 
| 632|0x0000000754200000, 0x0000000754400000, 0x0000000754400000|100%| O|  |TAMS 0x0000000754400000, 0x0000000754200000| Updating 
| 633|0x0000000754400000, 0x0000000754600000, 0x0000000754600000|100%| O|  |TAMS 0x0000000754600000, 0x0000000754400000| Updating 
| 634|0x0000000754600000, 0x0000000754800000, 0x0000000754800000|100%| O|  |TAMS 0x0000000754800000, 0x0000000754600000| Updating 
| 635|0x0000000754800000, 0x0000000754a00000, 0x0000000754a00000|100%| O|  |TAMS 0x0000000754a00000, 0x0000000754800000| Updating 
| 636|0x0000000754a00000, 0x0000000754c00000, 0x0000000754c00000|100%| O|  |TAMS 0x0000000754c00000, 0x0000000754a00000| Updating 
| 637|0x0000000754c00000, 0x0000000754c00000, 0x0000000754e00000|  0%| F|  |TAMS 0x0000000754c00000, 0x0000000754c00000| Untracked 
| 638|0x0000000754e00000, 0x0000000755000000, 0x0000000755000000|100%| O|  |TAMS 0x0000000755000000, 0x0000000754e00000| Updating 
| 639|0x0000000755000000, 0x0000000755200000, 0x0000000755200000|100%| O|  |TAMS 0x0000000755200000, 0x0000000755000000| Updating 
| 640|0x0000000755200000, 0x0000000755400000, 0x0000000755400000|100%| O|  |TAMS 0x0000000755400000, 0x0000000755200000| Updating 
| 641|0x0000000755400000, 0x0000000755600000, 0x0000000755600000|100%| O|  |TAMS 0x0000000755600000, 0x0000000755400000| Updating 
| 642|0x0000000755600000, 0x0000000755800000, 0x0000000755800000|100%| O|  |TAMS 0x0000000755800000, 0x0000000755600000| Updating 
| 643|0x0000000755800000, 0x0000000755a00000, 0x0000000755a00000|100%| O|  |TAMS 0x0000000755a00000, 0x0000000755800000| Updating 
| 644|0x0000000755a00000, 0x0000000755c00000, 0x0000000755c00000|100%| O|  |TAMS 0x0000000755c00000, 0x0000000755a00000| Updating 
| 645|0x0000000755c00000, 0x0000000755e00000, 0x0000000755e00000|100%| O|  |TAMS 0x0000000755e00000, 0x0000000755c00000| Updating 
| 646|0x0000000755e00000, 0x0000000756000000, 0x0000000756000000|100%| O|  |TAMS 0x0000000756000000, 0x0000000755e00000| Updating 
| 647|0x0000000756000000, 0x0000000756200000, 0x0000000756200000|100%| O|  |TAMS 0x0000000756200000, 0x0000000756000000| Updating 
| 648|0x0000000756200000, 0x0000000756400000, 0x0000000756400000|100%| O|  |TAMS 0x0000000756400000, 0x0000000756200000| Updating 
| 649|0x0000000756400000, 0x0000000756600000, 0x0000000756600000|100%| O|  |TAMS 0x0000000756600000, 0x0000000756400000| Updating 
| 650|0x0000000756600000, 0x0000000756600000, 0x0000000756800000|  0%| F|  |TAMS 0x0000000756600000, 0x0000000756600000| Untracked 
| 651|0x0000000756800000, 0x0000000756800000, 0x0000000756a00000|  0%| F|  |TAMS 0x0000000756800000, 0x0000000756800000| Untracked 
| 652|0x0000000756a00000, 0x0000000756a00000, 0x0000000756c00000|  0%| F|  |TAMS 0x0000000756a00000, 0x0000000756a00000| Untracked 
| 653|0x0000000756c00000, 0x0000000756c00000, 0x0000000756e00000|  0%| F|  |TAMS 0x0000000756c00000, 0x0000000756c00000| Untracked 
| 654|0x0000000756e00000, 0x0000000757000000, 0x0000000757000000|100%| O|  |TAMS 0x0000000757000000, 0x0000000756e00000| Updating 
| 655|0x0000000757000000, 0x0000000757200000, 0x0000000757200000|100%| O|  |TAMS 0x0000000757200000, 0x0000000757000000| Updating 
| 656|0x0000000757200000, 0x0000000757400000, 0x0000000757400000|100%| O|  |TAMS 0x0000000757400000, 0x0000000757200000| Updating 
| 657|0x0000000757400000, 0x0000000757600000, 0x0000000757600000|100%| O|  |TAMS 0x0000000757600000, 0x0000000757400000| Updating 
| 658|0x0000000757600000, 0x0000000757800000, 0x0000000757800000|100%| O|  |TAMS 0x0000000757800000, 0x0000000757600000| Updating 
| 659|0x0000000757800000, 0x0000000757800000, 0x0000000757a00000|  0%| F|  |TAMS 0x0000000757800000, 0x0000000757800000| Untracked 
| 660|0x0000000757a00000, 0x0000000757a00000, 0x0000000757c00000|  0%| F|  |TAMS 0x0000000757a00000, 0x0000000757a00000| Untracked 
| 661|0x0000000757c00000, 0x0000000757c00000, 0x0000000757e00000|  0%| F|  |TAMS 0x0000000757c00000, 0x0000000757c00000| Untracked 
| 662|0x0000000757e00000, 0x0000000757e00000, 0x0000000758000000|  0%| F|  |TAMS 0x0000000757e00000, 0x0000000757e00000| Untracked 
| 663|0x0000000758000000, 0x0000000758200000, 0x0000000758200000|100%| O|  |TAMS 0x0000000758200000, 0x0000000758000000| Updating 
| 664|0x0000000758200000, 0x0000000758400000, 0x0000000758400000|100%| O|  |TAMS 0x0000000758400000, 0x0000000758200000| Updating 
| 665|0x0000000758400000, 0x0000000758600000, 0x0000000758600000|100%| O|  |TAMS 0x0000000758600000, 0x0000000758400000| Updating 
| 666|0x0000000758600000, 0x0000000758800000, 0x0000000758800000|100%| O|  |TAMS 0x0000000758800000, 0x0000000758600000| Updating 
| 667|0x0000000758800000, 0x0000000758a00000, 0x0000000758a00000|100%| O|  |TAMS 0x0000000758a00000, 0x0000000758800000| Updating 
| 668|0x0000000758a00000, 0x0000000758c00000, 0x0000000758c00000|100%| O|  |TAMS 0x0000000758c00000, 0x0000000758a00000| Updating 
| 669|0x0000000758c00000, 0x0000000758e00000, 0x0000000758e00000|100%| O|  |TAMS 0x0000000758e00000, 0x0000000758c00000| Updating 
| 670|0x0000000758e00000, 0x0000000759000000, 0x0000000759000000|100%| O|  |TAMS 0x0000000759000000, 0x0000000758e00000| Updating 
| 671|0x0000000759000000, 0x0000000759200000, 0x0000000759200000|100%| O|  |TAMS 0x0000000759200000, 0x0000000759000000| Updating 
| 672|0x0000000759200000, 0x0000000759400000, 0x0000000759400000|100%| O|  |TAMS 0x0000000759400000, 0x0000000759200000| Updating 
| 673|0x0000000759400000, 0x0000000759600000, 0x0000000759600000|100%| O|  |TAMS 0x0000000759600000, 0x0000000759400000| Updating 
| 674|0x0000000759600000, 0x0000000759800000, 0x0000000759800000|100%| O|  |TAMS 0x0000000759800000, 0x0000000759600000| Updating 
| 675|0x0000000759800000, 0x0000000759a00000, 0x0000000759a00000|100%| O|  |TAMS 0x0000000759a00000, 0x0000000759800000| Updating 
| 676|0x0000000759a00000, 0x0000000759c00000, 0x0000000759c00000|100%| O|  |TAMS 0x0000000759c00000, 0x0000000759a00000| Updating 
| 677|0x0000000759c00000, 0x0000000759e00000, 0x0000000759e00000|100%| O|  |TAMS 0x0000000759e00000, 0x0000000759c00000| Updating 
| 678|0x0000000759e00000, 0x000000075a000000, 0x000000075a000000|100%| O|  |TAMS 0x000000075a000000, 0x0000000759e00000| Updating 
| 679|0x000000075a000000, 0x000000075a200000, 0x000000075a200000|100%| O|  |TAMS 0x000000075a200000, 0x000000075a000000| Updating 
| 680|0x000000075a200000, 0x000000075a400000, 0x000000075a400000|100%| O|  |TAMS 0x000000075a400000, 0x000000075a200000| Updating 
| 681|0x000000075a400000, 0x000000075a600000, 0x000000075a600000|100%| O|  |TAMS 0x000000075a600000, 0x000000075a400000| Updating 
| 682|0x000000075a600000, 0x000000075a800000, 0x000000075a800000|100%| O|  |TAMS 0x000000075a800000, 0x000000075a600000| Updating 
| 683|0x000000075a800000, 0x000000075aa00000, 0x000000075aa00000|100%| O|  |TAMS 0x000000075aa00000, 0x000000075a800000| Updating 
| 684|0x000000075aa00000, 0x000000075ac00000, 0x000000075ac00000|100%| O|  |TAMS 0x000000075ac00000, 0x000000075aa00000| Updating 
| 685|0x000000075ac00000, 0x000000075ae00000, 0x000000075ae00000|100%| O|  |TAMS 0x000000075ae00000, 0x000000075ac00000| Updating 
| 686|0x000000075ae00000, 0x000000075b000000, 0x000000075b000000|100%| O|  |TAMS 0x000000075b000000, 0x000000075ae00000| Updating 
| 687|0x000000075b000000, 0x000000075b200000, 0x000000075b200000|100%| O|  |TAMS 0x000000075b200000, 0x000000075b000000| Updating 
| 688|0x000000075b200000, 0x000000075b400000, 0x000000075b400000|100%| O|  |TAMS 0x000000075b400000, 0x000000075b200000| Updating 
| 689|0x000000075b400000, 0x000000075b600000, 0x000000075b600000|100%| O|  |TAMS 0x000000075b600000, 0x000000075b400000| Updating 
| 690|0x000000075b600000, 0x000000075b800000, 0x000000075b800000|100%| O|  |TAMS 0x000000075b800000, 0x000000075b600000| Updating 
| 691|0x000000075b800000, 0x000000075ba00000, 0x000000075ba00000|100%| O|  |TAMS 0x000000075ba00000, 0x000000075b800000| Updating 
| 692|0x000000075ba00000, 0x000000075bc00000, 0x000000075bc00000|100%| O|  |TAMS 0x000000075bc00000, 0x000000075ba00000| Updating 
| 693|0x000000075bc00000, 0x000000075be00000, 0x000000075be00000|100%| O|  |TAMS 0x000000075be00000, 0x000000075bc00000| Updating 
| 694|0x000000075be00000, 0x000000075c000000, 0x000000075c000000|100%| O|  |TAMS 0x000000075c000000, 0x000000075be00000| Updating 
| 695|0x000000075c000000, 0x000000075c200000, 0x000000075c200000|100%| O|  |TAMS 0x000000075c200000, 0x000000075c000000| Updating 
| 696|0x000000075c200000, 0x000000075c400000, 0x000000075c400000|100%| O|  |TAMS 0x000000075c400000, 0x000000075c200000| Updating 
| 697|0x000000075c400000, 0x000000075c600000, 0x000000075c600000|100%| O|  |TAMS 0x000000075c600000, 0x000000075c400000| Updating 
| 698|0x000000075c600000, 0x000000075c800000, 0x000000075c800000|100%| O|  |TAMS 0x000000075c800000, 0x000000075c600000| Updating 
| 699|0x000000075c800000, 0x000000075ca00000, 0x000000075ca00000|100%| O|  |TAMS 0x000000075ca00000, 0x000000075c800000| Updating 
| 700|0x000000075ca00000, 0x000000075cc00000, 0x000000075cc00000|100%| O|  |TAMS 0x000000075cc00000, 0x000000075ca00000| Updating 
| 701|0x000000075cc00000, 0x000000075ce00000, 0x000000075ce00000|100%| O|  |TAMS 0x000000075ce00000, 0x000000075cc00000| Updating 
| 702|0x000000075ce00000, 0x000000075d000000, 0x000000075d000000|100%| O|  |TAMS 0x000000075d000000, 0x000000075ce00000| Updating 
| 703|0x000000075d000000, 0x000000075d200000, 0x000000075d200000|100%| O|  |TAMS 0x000000075d200000, 0x000000075d000000| Updating 
| 704|0x000000075d200000, 0x000000075d400000, 0x000000075d400000|100%| O|  |TAMS 0x000000075d400000, 0x000000075d200000| Updating 
| 705|0x000000075d400000, 0x000000075d600000, 0x000000075d600000|100%| O|  |TAMS 0x000000075d600000, 0x000000075d400000| Updating 
| 706|0x000000075d600000, 0x000000075d800000, 0x000000075d800000|100%| O|  |TAMS 0x000000075d800000, 0x000000075d600000| Updating 
| 707|0x000000075d800000, 0x000000075da00000, 0x000000075da00000|100%| O|  |TAMS 0x000000075da00000, 0x000000075d800000| Updating 
| 708|0x000000075da00000, 0x000000075da00000, 0x000000075dc00000|  0%| F|  |TAMS 0x000000075da00000, 0x000000075da00000| Untracked 
| 709|0x000000075dc00000, 0x000000075de00000, 0x000000075de00000|100%| O|  |TAMS 0x000000075de00000, 0x000000075dc00000| Updating 
| 710|0x000000075de00000, 0x000000075de00000, 0x000000075e000000|  0%| F|  |TAMS 0x000000075de00000, 0x000000075de00000| Untracked 
| 711|0x000000075e000000, 0x000000075e000000, 0x000000075e200000|  0%| F|  |TAMS 0x000000075e000000, 0x000000075e000000| Untracked 
| 712|0x000000075e200000, 0x000000075e400000, 0x000000075e400000|100%| O|  |TAMS 0x000000075e400000, 0x000000075e200000| Updating 
| 713|0x000000075e400000, 0x000000075e600000, 0x000000075e600000|100%| O|  |TAMS 0x000000075e600000, 0x000000075e400000| Updating 
| 714|0x000000075e600000, 0x000000075e800000, 0x000000075e800000|100%| O|  |TAMS 0x000000075e800000, 0x000000075e600000| Updating 
| 715|0x000000075e800000, 0x000000075ea00000, 0x000000075ea00000|100%| O|  |TAMS 0x000000075ea00000, 0x000000075e800000| Updating 
| 716|0x000000075ea00000, 0x000000075ec00000, 0x000000075ec00000|100%| O|  |TAMS 0x000000075ec00000, 0x000000075ea00000| Updating 
| 717|0x000000075ec00000, 0x000000075ee00000, 0x000000075ee00000|100%| O|  |TAMS 0x000000075ee00000, 0x000000075ec00000| Updating 
| 718|0x000000075ee00000, 0x000000075f000000, 0x000000075f000000|100%| O|  |TAMS 0x000000075f000000, 0x000000075ee00000| Updating 
| 719|0x000000075f000000, 0x000000075f000000, 0x000000075f200000|  0%| F|  |TAMS 0x000000075f000000, 0x000000075f000000| Untracked 
| 720|0x000000075f200000, 0x000000075f400000, 0x000000075f400000|100%| O|  |TAMS 0x000000075f400000, 0x000000075f200000| Updating 
| 721|0x000000075f400000, 0x000000075f600000, 0x000000075f600000|100%| O|  |TAMS 0x000000075f600000, 0x000000075f400000| Updating 
| 722|0x000000075f600000, 0x000000075f800000, 0x000000075f800000|100%| O|  |TAMS 0x000000075f800000, 0x000000075f600000| Updating 
| 723|0x000000075f800000, 0x000000075fa00000, 0x000000075fa00000|100%| O|  |TAMS 0x000000075fa00000, 0x000000075f800000| Updating 
| 724|0x000000075fa00000, 0x000000075fc00000, 0x000000075fc00000|100%| O|  |TAMS 0x000000075fc00000, 0x000000075fa00000| Updating 
| 725|0x000000075fc00000, 0x000000075fe00000, 0x000000075fe00000|100%| O|  |TAMS 0x000000075fe00000, 0x000000075fc00000| Updating 
| 726|0x000000075fe00000, 0x0000000760000000, 0x0000000760000000|100%| O|  |TAMS 0x0000000760000000, 0x000000075fe00000| Updating 
| 727|0x0000000760000000, 0x0000000760200000, 0x0000000760200000|100%| O|  |TAMS 0x0000000760200000, 0x0000000760000000| Updating 
| 728|0x0000000760200000, 0x0000000760400000, 0x0000000760400000|100%| O|  |TAMS 0x0000000760400000, 0x0000000760200000| Updating 
| 729|0x0000000760400000, 0x0000000760600000, 0x0000000760600000|100%| O|  |TAMS 0x0000000760600000, 0x0000000760400000| Updating 
| 730|0x0000000760600000, 0x0000000760800000, 0x0000000760800000|100%| O|  |TAMS 0x0000000760800000, 0x0000000760600000| Updating 
| 731|0x0000000760800000, 0x0000000760a00000, 0x0000000760a00000|100%| O|  |TAMS 0x0000000760a00000, 0x0000000760800000| Updating 
| 732|0x0000000760a00000, 0x0000000760c00000, 0x0000000760c00000|100%| O|  |TAMS 0x0000000760c00000, 0x0000000760a00000| Updating 
| 733|0x0000000760c00000, 0x0000000760e00000, 0x0000000760e00000|100%| O|  |TAMS 0x0000000760e00000, 0x0000000760c00000| Untracked 
| 734|0x0000000760e00000, 0x0000000761000000, 0x0000000761000000|100%| O|  |TAMS 0x0000000761000000, 0x0000000760e00000| Updating 
| 735|0x0000000761000000, 0x0000000761200000, 0x0000000761200000|100%| O|  |TAMS 0x0000000761200000, 0x0000000761000000| Untracked 
| 736|0x0000000761200000, 0x0000000761400000, 0x0000000761400000|100%| O|  |TAMS 0x0000000761400000, 0x0000000761200000| Updating 
| 737|0x0000000761400000, 0x0000000761600000, 0x0000000761600000|100%| O|  |TAMS 0x0000000761600000, 0x0000000761400000| Updating 
| 738|0x0000000761600000, 0x0000000761800000, 0x0000000761800000|100%| O|  |TAMS 0x0000000761800000, 0x0000000761600000| Updating 
| 739|0x0000000761800000, 0x0000000761a00000, 0x0000000761a00000|100%| O|  |TAMS 0x0000000761a00000, 0x0000000761800000| Updating 
| 740|0x0000000761a00000, 0x0000000761c00000, 0x0000000761c00000|100%| O|  |TAMS 0x0000000761c00000, 0x0000000761a00000| Updating 
| 741|0x0000000761c00000, 0x0000000761e00000, 0x0000000761e00000|100%| O|  |TAMS 0x0000000761e00000, 0x0000000761c00000| Updating 
| 742|0x0000000761e00000, 0x0000000762000000, 0x0000000762000000|100%| O|  |TAMS 0x0000000762000000, 0x0000000761e00000| Updating 
| 743|0x0000000762000000, 0x0000000762200000, 0x0000000762200000|100%| O|  |TAMS 0x0000000762200000, 0x0000000762000000| Updating 
| 744|0x0000000762200000, 0x0000000762400000, 0x0000000762400000|100%| O|  |TAMS 0x0000000762400000, 0x0000000762200000| Updating 
| 745|0x0000000762400000, 0x0000000762600000, 0x0000000762600000|100%| O|  |TAMS 0x0000000762600000, 0x0000000762400000| Updating 
| 746|0x0000000762600000, 0x0000000762800000, 0x0000000762800000|100%| O|  |TAMS 0x0000000762800000, 0x0000000762600000| Updating 
| 747|0x0000000762800000, 0x0000000762a00000, 0x0000000762a00000|100%| O|  |TAMS 0x0000000762a00000, 0x0000000762800000| Untracked 
| 748|0x0000000762a00000, 0x0000000762c00000, 0x0000000762c00000|100%| O|  |TAMS 0x0000000762c00000, 0x0000000762a00000| Updating 
| 749|0x0000000762c00000, 0x0000000762e00000, 0x0000000762e00000|100%| O|  |TAMS 0x0000000762e00000, 0x0000000762c00000| Updating 
| 750|0x0000000762e00000, 0x0000000763000000, 0x0000000763000000|100%| O|  |TAMS 0x0000000763000000, 0x0000000762e00000| Updating 
| 751|0x0000000763000000, 0x0000000763200000, 0x0000000763200000|100%| O|  |TAMS 0x0000000763200000, 0x0000000763000000| Updating 
| 752|0x0000000763200000, 0x0000000763400000, 0x0000000763400000|100%| O|  |TAMS 0x0000000763400000, 0x0000000763200000| Updating 
| 753|0x0000000763400000, 0x0000000763600000, 0x0000000763600000|100%| O|  |TAMS 0x0000000763600000, 0x0000000763400000| Updating 
| 754|0x0000000763600000, 0x0000000763800000, 0x0000000763800000|100%| O|  |TAMS 0x0000000763800000, 0x0000000763600000| Updating 
| 755|0x0000000763800000, 0x0000000763a00000, 0x0000000763a00000|100%| O|  |TAMS 0x0000000763a00000, 0x0000000763800000| Updating 
| 756|0x0000000763a00000, 0x0000000763c00000, 0x0000000763c00000|100%| O|  |TAMS 0x0000000763c00000, 0x0000000763a00000| Updating 
| 757|0x0000000763c00000, 0x0000000763e00000, 0x0000000763e00000|100%| O|  |TAMS 0x0000000763e00000, 0x0000000763c00000| Updating 
| 758|0x0000000763e00000, 0x0000000764000000, 0x0000000764000000|100%| O|  |TAMS 0x0000000764000000, 0x0000000763e00000| Updating 
| 759|0x0000000764000000, 0x0000000764200000, 0x0000000764200000|100%| O|  |TAMS 0x0000000764200000, 0x0000000764000000| Updating 
| 760|0x0000000764200000, 0x0000000764400000, 0x0000000764400000|100%| O|  |TAMS 0x0000000764400000, 0x0000000764200000| Updating 
| 761|0x0000000764400000, 0x0000000764600000, 0x0000000764600000|100%| O|  |TAMS 0x0000000764600000, 0x0000000764400000| Updating 
| 762|0x0000000764600000, 0x0000000764800000, 0x0000000764800000|100%| O|  |TAMS 0x0000000764800000, 0x0000000764600000| Updating 
| 763|0x0000000764800000, 0x0000000764a00000, 0x0000000764a00000|100%| O|  |TAMS 0x0000000764a00000, 0x0000000764800000| Updating 
| 764|0x0000000764a00000, 0x0000000764c00000, 0x0000000764c00000|100%| O|  |TAMS 0x0000000764c00000, 0x0000000764a00000| Updating 
| 765|0x0000000764c00000, 0x0000000764e00000, 0x0000000764e00000|100%| O|  |TAMS 0x0000000764e00000, 0x0000000764c00000| Updating 
| 766|0x0000000764e00000, 0x0000000765000000, 0x0000000765000000|100%| O|  |TAMS 0x0000000765000000, 0x0000000764e00000| Updating 
| 767|0x0000000765000000, 0x0000000765200000, 0x0000000765200000|100%| O|  |TAMS 0x0000000765200000, 0x0000000765000000| Updating 
| 768|0x0000000765200000, 0x0000000765400000, 0x0000000765400000|100%| O|  |TAMS 0x0000000765400000, 0x0000000765200000| Updating 
| 769|0x0000000765400000, 0x0000000765600000, 0x0000000765600000|100%| O|  |TAMS 0x0000000765600000, 0x0000000765400000| Updating 
| 770|0x0000000765600000, 0x0000000765600000, 0x0000000765800000|  0%| F|  |TAMS 0x0000000765600000, 0x0000000765600000| Untracked 
| 771|0x0000000765800000, 0x0000000765a00000, 0x0000000765a00000|100%| O|  |TAMS 0x0000000765a00000, 0x0000000765800000| Updating 
| 772|0x0000000765a00000, 0x0000000765c00000, 0x0000000765c00000|100%| O|  |TAMS 0x0000000765c00000, 0x0000000765a00000| Updating 
| 773|0x0000000765c00000, 0x0000000765e00000, 0x0000000765e00000|100%| O|  |TAMS 0x0000000765e00000, 0x0000000765c00000| Updating 
| 774|0x0000000765e00000, 0x0000000766000000, 0x0000000766000000|100%| O|  |TAMS 0x0000000766000000, 0x0000000765e00000| Updating 
| 775|0x0000000766000000, 0x0000000766200000, 0x0000000766200000|100%| O|  |TAMS 0x0000000766200000, 0x0000000766000000| Updating 
| 776|0x0000000766200000, 0x0000000766400000, 0x0000000766400000|100%| O|  |TAMS 0x0000000766400000, 0x0000000766200000| Updating 
| 777|0x0000000766400000, 0x0000000766600000, 0x0000000766600000|100%| O|  |TAMS 0x0000000766600000, 0x0000000766400000| Updating 
| 778|0x0000000766600000, 0x0000000766800000, 0x0000000766800000|100%| O|  |TAMS 0x0000000766800000, 0x0000000766600000| Updating 
| 779|0x0000000766800000, 0x0000000766a00000, 0x0000000766a00000|100%| O|  |TAMS 0x0000000766a00000, 0x0000000766800000| Updating 
| 780|0x0000000766a00000, 0x0000000766c00000, 0x0000000766c00000|100%| O|  |TAMS 0x0000000766c00000, 0x0000000766a00000| Updating 
| 781|0x0000000766c00000, 0x0000000766e00000, 0x0000000766e00000|100%| O|  |TAMS 0x0000000766e00000, 0x0000000766c00000| Updating 
| 782|0x0000000766e00000, 0x0000000767000000, 0x0000000767000000|100%| O|  |TAMS 0x0000000767000000, 0x0000000766e00000| Updating 
| 783|0x0000000767000000, 0x0000000767200000, 0x0000000767200000|100%| O|  |TAMS 0x0000000767200000, 0x0000000767000000| Updating 
| 784|0x0000000767200000, 0x0000000767400000, 0x0000000767400000|100%| O|  |TAMS 0x0000000767400000, 0x0000000767200000| Updating 
| 785|0x0000000767400000, 0x0000000767600000, 0x0000000767600000|100%| O|  |TAMS 0x0000000767600000, 0x0000000767400000| Updating 
| 786|0x0000000767600000, 0x0000000767800000, 0x0000000767800000|100%| O|  |TAMS 0x0000000767800000, 0x0000000767600000| Updating 
| 787|0x0000000767800000, 0x0000000767a00000, 0x0000000767a00000|100%| O|  |TAMS 0x0000000767a00000, 0x0000000767800000| Updating 
| 788|0x0000000767a00000, 0x0000000767c00000, 0x0000000767c00000|100%| O|  |TAMS 0x0000000767c00000, 0x0000000767a00000| Updating 
| 789|0x0000000767c00000, 0x0000000767e00000, 0x0000000767e00000|100%| O|  |TAMS 0x0000000767e00000, 0x0000000767c00000| Updating 
| 790|0x0000000767e00000, 0x0000000768000000, 0x0000000768000000|100%| O|  |TAMS 0x0000000768000000, 0x0000000767e00000| Updating 
| 791|0x0000000768000000, 0x0000000768200000, 0x0000000768200000|100%| O|  |TAMS 0x0000000768200000, 0x0000000768000000| Updating 
| 792|0x0000000768200000, 0x0000000768400000, 0x0000000768400000|100%| O|  |TAMS 0x0000000768400000, 0x0000000768200000| Updating 
| 793|0x0000000768400000, 0x0000000768600000, 0x0000000768600000|100%| O|  |TAMS 0x0000000768600000, 0x0000000768400000| Updating 
| 794|0x0000000768600000, 0x0000000768800000, 0x0000000768800000|100%| O|  |TAMS 0x0000000768800000, 0x0000000768600000| Untracked 
| 795|0x0000000768800000, 0x0000000768a00000, 0x0000000768a00000|100%| O|  |TAMS 0x0000000768a00000, 0x0000000768800000| Updating 
| 796|0x0000000768a00000, 0x0000000768c00000, 0x0000000768c00000|100%| O|  |TAMS 0x0000000768c00000, 0x0000000768a00000| Updating 
| 797|0x0000000768c00000, 0x0000000768e00000, 0x0000000768e00000|100%| O|  |TAMS 0x0000000768e00000, 0x0000000768c00000| Updating 
| 798|0x0000000768e00000, 0x0000000769000000, 0x0000000769000000|100%| O|  |TAMS 0x0000000769000000, 0x0000000768e00000| Updating 
| 799|0x0000000769000000, 0x0000000769200000, 0x0000000769200000|100%| O|  |TAMS 0x0000000769200000, 0x0000000769000000| Updating 
| 800|0x0000000769200000, 0x0000000769400000, 0x0000000769400000|100%| O|  |TAMS 0x0000000769400000, 0x0000000769200000| Updating 
| 801|0x0000000769400000, 0x0000000769600000, 0x0000000769600000|100%| O|  |TAMS 0x0000000769600000, 0x0000000769400000| Updating 
| 802|0x0000000769600000, 0x0000000769800000, 0x0000000769800000|100%| O|  |TAMS 0x0000000769800000, 0x0000000769600000| Updating 
| 803|0x0000000769800000, 0x0000000769a00000, 0x0000000769a00000|100%| O|  |TAMS 0x0000000769a00000, 0x0000000769800000| Updating 
| 804|0x0000000769a00000, 0x0000000769c00000, 0x0000000769c00000|100%| O|  |TAMS 0x0000000769c00000, 0x0000000769a00000| Updating 
| 805|0x0000000769c00000, 0x0000000769e00000, 0x0000000769e00000|100%| O|  |TAMS 0x0000000769e00000, 0x0000000769c00000| Updating 
| 806|0x0000000769e00000, 0x000000076a000000, 0x000000076a000000|100%| O|  |TAMS 0x000000076a000000, 0x0000000769e00000| Updating 
| 807|0x000000076a000000, 0x000000076a200000, 0x000000076a200000|100%| O|  |TAMS 0x000000076a200000, 0x000000076a000000| Updating 
| 808|0x000000076a200000, 0x000000076a400000, 0x000000076a400000|100%| O|  |TAMS 0x000000076a400000, 0x000000076a200000| Updating 
| 809|0x000000076a400000, 0x000000076a600000, 0x000000076a600000|100%| O|  |TAMS 0x000000076a600000, 0x000000076a400000| Updating 
| 810|0x000000076a600000, 0x000000076a800000, 0x000000076a800000|100%| O|  |TAMS 0x000000076a800000, 0x000000076a600000| Updating 
| 811|0x000000076a800000, 0x000000076aa00000, 0x000000076aa00000|100%| O|  |TAMS 0x000000076aa00000, 0x000000076a800000| Updating 
| 812|0x000000076aa00000, 0x000000076ac00000, 0x000000076ac00000|100%| O|  |TAMS 0x000000076ac00000, 0x000000076aa00000| Updating 
| 813|0x000000076ac00000, 0x000000076ae00000, 0x000000076ae00000|100%| O|  |TAMS 0x000000076ae00000, 0x000000076ac00000| Updating 
| 814|0x000000076ae00000, 0x000000076b000000, 0x000000076b000000|100%| O|  |TAMS 0x000000076b000000, 0x000000076ae00000| Updating 
| 815|0x000000076b000000, 0x000000076b200000, 0x000000076b200000|100%| O|  |TAMS 0x000000076b200000, 0x000000076b000000| Updating 
| 816|0x000000076b200000, 0x000000076b400000, 0x000000076b400000|100%| O|  |TAMS 0x000000076b400000, 0x000000076b200000| Updating 
| 817|0x000000076b400000, 0x000000076b5ffff8, 0x000000076b600000| 99%| O|  |TAMS 0x000000076b5ffff8, 0x000000076b400000| Updating 
| 818|0x000000076b600000, 0x000000076b800000, 0x000000076b800000|100%| O|  |TAMS 0x000000076b800000, 0x000000076b600000| Updating 
| 819|0x000000076b800000, 0x000000076ba00000, 0x000000076ba00000|100%| O|  |TAMS 0x000000076ba00000, 0x000000076b800000| Updating 
| 820|0x000000076ba00000, 0x000000076bc00000, 0x000000076bc00000|100%| O|  |TAMS 0x000000076bc00000, 0x000000076ba00000| Updating 
| 821|0x000000076bc00000, 0x000000076be00000, 0x000000076be00000|100%| O|  |TAMS 0x000000076be00000, 0x000000076bc00000| Updating 
| 822|0x000000076be00000, 0x000000076c000000, 0x000000076c000000|100%| O|  |TAMS 0x000000076c000000, 0x000000076be00000| Updating 
| 823|0x000000076c000000, 0x000000076c200000, 0x000000076c200000|100%| O|  |TAMS 0x000000076c200000, 0x000000076c000000| Updating 
| 824|0x000000076c200000, 0x000000076c400000, 0x000000076c400000|100%| O|  |TAMS 0x000000076c400000, 0x000000076c200000| Updating 
| 825|0x000000076c400000, 0x000000076c600000, 0x000000076c600000|100%| O|  |TAMS 0x000000076c600000, 0x000000076c400000| Updating 
| 826|0x000000076c600000, 0x000000076c800000, 0x000000076c800000|100%| O|  |TAMS 0x000000076c800000, 0x000000076c600000| Updating 
| 827|0x000000076c800000, 0x000000076ca00000, 0x000000076ca00000|100%| O|  |TAMS 0x000000076ca00000, 0x000000076c800000| Updating 
| 828|0x000000076ca00000, 0x000000076cc00000, 0x000000076cc00000|100%| O|  |TAMS 0x000000076cc00000, 0x000000076ca00000| Updating 
| 829|0x000000076cc00000, 0x000000076ce00000, 0x000000076ce00000|100%| O|  |TAMS 0x000000076ce00000, 0x000000076cc00000| Updating 
| 830|0x000000076ce00000, 0x000000076d000000, 0x000000076d000000|100%| O|  |TAMS 0x000000076d000000, 0x000000076ce00000| Updating 
| 831|0x000000076d000000, 0x000000076d200000, 0x000000076d200000|100%| O|  |TAMS 0x000000076d200000, 0x000000076d000000| Updating 
| 832|0x000000076d200000, 0x000000076d400000, 0x000000076d400000|100%| O|  |TAMS 0x000000076d400000, 0x000000076d200000| Updating 
| 833|0x000000076d400000, 0x000000076d600000, 0x000000076d600000|100%| O|  |TAMS 0x000000076d600000, 0x000000076d400000| Updating 
| 834|0x000000076d600000, 0x000000076d800000, 0x000000076d800000|100%| O|  |TAMS 0x000000076d800000, 0x000000076d600000| Updating 
| 835|0x000000076d800000, 0x000000076da00000, 0x000000076da00000|100%| O|  |TAMS 0x000000076da00000, 0x000000076d800000| Updating 
| 836|0x000000076da00000, 0x000000076dc00000, 0x000000076dc00000|100%| O|  |TAMS 0x000000076dc00000, 0x000000076da00000| Updating 
| 837|0x000000076dc00000, 0x000000076de00000, 0x000000076de00000|100%| O|  |TAMS 0x000000076de00000, 0x000000076dc00000| Updating 
| 838|0x000000076de00000, 0x000000076e000000, 0x000000076e000000|100%| O|  |TAMS 0x000000076e000000, 0x000000076de00000| Updating 
| 839|0x000000076e000000, 0x000000076e200000, 0x000000076e200000|100%| O|  |TAMS 0x000000076e200000, 0x000000076e000000| Updating 
| 840|0x000000076e200000, 0x000000076e400000, 0x000000076e400000|100%| O|  |TAMS 0x000000076e400000, 0x000000076e200000| Updating 
| 841|0x000000076e400000, 0x000000076e600000, 0x000000076e600000|100%| O|  |TAMS 0x000000076e600000, 0x000000076e400000| Updating 
| 842|0x000000076e600000, 0x000000076e800000, 0x000000076e800000|100%| O|  |TAMS 0x000000076e800000, 0x000000076e600000| Updating 
| 843|0x000000076e800000, 0x000000076ea00000, 0x000000076ea00000|100%| O|  |TAMS 0x000000076ea00000, 0x000000076e800000| Updating 
| 844|0x000000076ea00000, 0x000000076ec00000, 0x000000076ec00000|100%| O|  |TAMS 0x000000076ec00000, 0x000000076ea00000| Updating 
| 845|0x000000076ec00000, 0x000000076ee00000, 0x000000076ee00000|100%| O|  |TAMS 0x000000076ee00000, 0x000000076ec00000| Updating 
| 846|0x000000076ee00000, 0x000000076f000000, 0x000000076f000000|100%| O|  |TAMS 0x000000076f000000, 0x000000076ee00000| Updating 
| 847|0x000000076f000000, 0x000000076f200000, 0x000000076f200000|100%| O|  |TAMS 0x000000076f200000, 0x000000076f000000| Updating 
| 848|0x000000076f200000, 0x000000076f400000, 0x000000076f400000|100%| O|  |TAMS 0x000000076f400000, 0x000000076f200000| Updating 
| 849|0x000000076f400000, 0x000000076f600000, 0x000000076f600000|100%| O|  |TAMS 0x000000076f600000, 0x000000076f400000| Updating 
| 850|0x000000076f600000, 0x000000076f800000, 0x000000076f800000|100%| O|  |TAMS 0x000000076f800000, 0x000000076f600000| Updating 
| 851|0x000000076f800000, 0x000000076fa00000, 0x000000076fa00000|100%| O|  |TAMS 0x000000076fa00000, 0x000000076f800000| Updating 
| 852|0x000000076fa00000, 0x000000076fc00000, 0x000000076fc00000|100%| O|  |TAMS 0x000000076fc00000, 0x000000076fa00000| Updating 
| 853|0x000000076fc00000, 0x000000076fe00000, 0x000000076fe00000|100%| O|  |TAMS 0x000000076fe00000, 0x000000076fc00000| Updating 
| 854|0x000000076fe00000, 0x0000000770000000, 0x0000000770000000|100%| O|  |TAMS 0x0000000770000000, 0x000000076fe00000| Updating 
| 855|0x0000000770000000, 0x0000000770200000, 0x0000000770200000|100%| O|  |TAMS 0x0000000770200000, 0x0000000770000000| Updating 
| 856|0x0000000770200000, 0x0000000770400000, 0x0000000770400000|100%| O|  |TAMS 0x0000000770400000, 0x0000000770200000| Updating 
| 857|0x0000000770400000, 0x0000000770600000, 0x0000000770600000|100%| O|  |TAMS 0x0000000770600000, 0x0000000770400000| Updating 
| 858|0x0000000770600000, 0x0000000770800000, 0x0000000770800000|100%| O|  |TAMS 0x0000000770800000, 0x0000000770600000| Updating 
| 859|0x0000000770800000, 0x0000000770a00000, 0x0000000770a00000|100%| O|  |TAMS 0x0000000770a00000, 0x0000000770800000| Updating 
| 860|0x0000000770a00000, 0x0000000770c00000, 0x0000000770c00000|100%| O|  |TAMS 0x0000000770c00000, 0x0000000770a00000| Updating 
| 861|0x0000000770c00000, 0x0000000770e00000, 0x0000000770e00000|100%| O|  |TAMS 0x0000000770e00000, 0x0000000770c00000| Updating 
| 862|0x0000000770e00000, 0x0000000771000000, 0x0000000771000000|100%| O|  |TAMS 0x0000000771000000, 0x0000000770e00000| Updating 
| 863|0x0000000771000000, 0x0000000771200000, 0x0000000771200000|100%| O|  |TAMS 0x0000000771200000, 0x0000000771000000| Updating 
| 864|0x0000000771200000, 0x0000000771400000, 0x0000000771400000|100%| O|  |TAMS 0x0000000771400000, 0x0000000771200000| Updating 
| 865|0x0000000771400000, 0x0000000771600000, 0x0000000771600000|100%| O|  |TAMS 0x0000000771600000, 0x0000000771400000| Updating 
| 866|0x0000000771600000, 0x0000000771800000, 0x0000000771800000|100%| O|  |TAMS 0x0000000771800000, 0x0000000771600000| Updating 
| 867|0x0000000771800000, 0x0000000771a00000, 0x0000000771a00000|100%| O|  |TAMS 0x0000000771a00000, 0x0000000771800000| Updating 
| 868|0x0000000771a00000, 0x0000000771c00000, 0x0000000771c00000|100%| O|  |TAMS 0x0000000771c00000, 0x0000000771a00000| Updating 
| 869|0x0000000771c00000, 0x0000000771e00000, 0x0000000771e00000|100%| O|  |TAMS 0x0000000771e00000, 0x0000000771c00000| Updating 
| 870|0x0000000771e00000, 0x0000000772000000, 0x0000000772000000|100%| O|  |TAMS 0x0000000772000000, 0x0000000771e00000| Updating 
| 871|0x0000000772000000, 0x0000000772200000, 0x0000000772200000|100%| O|  |TAMS 0x0000000772200000, 0x0000000772000000| Updating 
| 872|0x0000000772200000, 0x0000000772400000, 0x0000000772400000|100%| O|  |TAMS 0x0000000772400000, 0x0000000772200000| Updating 
| 873|0x0000000772400000, 0x0000000772600000, 0x0000000772600000|100%| O|  |TAMS 0x0000000772600000, 0x0000000772400000| Updating 
| 874|0x0000000772600000, 0x0000000772800000, 0x0000000772800000|100%| O|  |TAMS 0x0000000772800000, 0x0000000772600000| Updating 
| 875|0x0000000772800000, 0x0000000772a00000, 0x0000000772a00000|100%| O|  |TAMS 0x0000000772a00000, 0x0000000772800000| Updating 
| 876|0x0000000772a00000, 0x0000000772c00000, 0x0000000772c00000|100%| O|  |TAMS 0x0000000772c00000, 0x0000000772a00000| Updating 
| 877|0x0000000772c00000, 0x0000000772e00000, 0x0000000772e00000|100%| O|  |TAMS 0x0000000772e00000, 0x0000000772c00000| Updating 
| 878|0x0000000772e00000, 0x0000000773000000, 0x0000000773000000|100%| O|  |TAMS 0x0000000773000000, 0x0000000772e00000| Updating 
| 879|0x0000000773000000, 0x0000000773200000, 0x0000000773200000|100%| O|  |TAMS 0x0000000773200000, 0x0000000773000000| Updating 
| 880|0x0000000773200000, 0x0000000773400000, 0x0000000773400000|100%| O|  |TAMS 0x0000000773400000, 0x0000000773200000| Updating 
| 881|0x0000000773400000, 0x0000000773600000, 0x0000000773600000|100%| O|  |TAMS 0x0000000773600000, 0x0000000773400000| Updating 
| 882|0x0000000773600000, 0x0000000773800000, 0x0000000773800000|100%| O|  |TAMS 0x0000000773800000, 0x0000000773600000| Updating 
| 883|0x0000000773800000, 0x0000000773a00000, 0x0000000773a00000|100%| O|  |TAMS 0x0000000773a00000, 0x0000000773800000| Updating 
| 884|0x0000000773a00000, 0x0000000773c00000, 0x0000000773c00000|100%| O|  |TAMS 0x0000000773c00000, 0x0000000773a00000| Updating 
| 885|0x0000000773c00000, 0x0000000773e00000, 0x0000000773e00000|100%| O|  |TAMS 0x0000000773e00000, 0x0000000773c00000| Updating 
| 886|0x0000000773e00000, 0x0000000774000000, 0x0000000774000000|100%| O|  |TAMS 0x0000000774000000, 0x0000000773e00000| Updating 
| 887|0x0000000774000000, 0x0000000774200000, 0x0000000774200000|100%| O|  |TAMS 0x0000000774200000, 0x0000000774000000| Updating 
| 888|0x0000000774200000, 0x0000000774400000, 0x0000000774400000|100%| O|  |TAMS 0x0000000774400000, 0x0000000774200000| Updating 
| 889|0x0000000774400000, 0x0000000774600000, 0x0000000774600000|100%| O|  |TAMS 0x0000000774600000, 0x0000000774400000| Updating 
| 890|0x0000000774600000, 0x0000000774800000, 0x0000000774800000|100%| O|  |TAMS 0x0000000774800000, 0x0000000774600000| Updating 
| 891|0x0000000774800000, 0x0000000774a00000, 0x0000000774a00000|100%| O|  |TAMS 0x0000000774a00000, 0x0000000774800000| Updating 
| 892|0x0000000774a00000, 0x0000000774c00000, 0x0000000774c00000|100%| O|  |TAMS 0x0000000774c00000, 0x0000000774a00000| Updating 
| 893|0x0000000774c00000, 0x0000000774e00000, 0x0000000774e00000|100%| O|  |TAMS 0x0000000774e00000, 0x0000000774c00000| Updating 
| 894|0x0000000774e00000, 0x0000000775000000, 0x0000000775000000|100%| O|  |TAMS 0x0000000775000000, 0x0000000774e00000| Updating 
| 895|0x0000000775000000, 0x0000000775200000, 0x0000000775200000|100%| O|  |TAMS 0x0000000775200000, 0x0000000775000000| Updating 
| 896|0x0000000775200000, 0x0000000775400000, 0x0000000775400000|100%| O|  |TAMS 0x0000000775400000, 0x0000000775200000| Updating 
| 897|0x0000000775400000, 0x0000000775600000, 0x0000000775600000|100%| O|  |TAMS 0x0000000775600000, 0x0000000775400000| Updating 
| 898|0x0000000775600000, 0x0000000775800000, 0x0000000775800000|100%| O|  |TAMS 0x0000000775800000, 0x0000000775600000| Updating 
| 899|0x0000000775800000, 0x0000000775a00000, 0x0000000775a00000|100%| O|  |TAMS 0x0000000775a00000, 0x0000000775800000| Updating 
| 900|0x0000000775a00000, 0x0000000775c00000, 0x0000000775c00000|100%| O|  |TAMS 0x0000000775c00000, 0x0000000775a00000| Updating 
| 901|0x0000000775c00000, 0x0000000775e00000, 0x0000000775e00000|100%| O|  |TAMS 0x0000000775e00000, 0x0000000775c00000| Updating 
| 902|0x0000000775e00000, 0x0000000776000000, 0x0000000776000000|100%| O|  |TAMS 0x0000000776000000, 0x0000000775e00000| Updating 
| 903|0x0000000776000000, 0x0000000776200000, 0x0000000776200000|100%| O|  |TAMS 0x0000000776200000, 0x0000000776000000| Updating 
| 904|0x0000000776200000, 0x0000000776400000, 0x0000000776400000|100%| O|  |TAMS 0x0000000776400000, 0x0000000776200000| Updating 
| 905|0x0000000776400000, 0x0000000776600000, 0x0000000776600000|100%| O|  |TAMS 0x0000000776600000, 0x0000000776400000| Updating 
| 906|0x0000000776600000, 0x0000000776800000, 0x0000000776800000|100%| O|  |TAMS 0x0000000776800000, 0x0000000776600000| Updating 
| 907|0x0000000776800000, 0x0000000776a00000, 0x0000000776a00000|100%| O|  |TAMS 0x0000000776a00000, 0x0000000776800000| Updating 
| 908|0x0000000776a00000, 0x0000000776c00000, 0x0000000776c00000|100%| O|  |TAMS 0x0000000776c00000, 0x0000000776a00000| Updating 
| 909|0x0000000776c00000, 0x0000000776e00000, 0x0000000776e00000|100%| O|  |TAMS 0x0000000776e00000, 0x0000000776c00000| Updating 
| 910|0x0000000776e00000, 0x0000000777000000, 0x0000000777000000|100%| O|  |TAMS 0x0000000777000000, 0x0000000776e00000| Updating 
| 911|0x0000000777000000, 0x0000000777200000, 0x0000000777200000|100%| O|  |TAMS 0x0000000777200000, 0x0000000777000000| Updating 
| 912|0x0000000777200000, 0x0000000777400000, 0x0000000777400000|100%| O|  |TAMS 0x0000000777400000, 0x0000000777200000| Updating 
| 913|0x0000000777400000, 0x0000000777600000, 0x0000000777600000|100%| O|  |TAMS 0x0000000777600000, 0x0000000777400000| Updating 
| 914|0x0000000777600000, 0x0000000777800000, 0x0000000777800000|100%| O|  |TAMS 0x0000000777800000, 0x0000000777600000| Updating 
| 915|0x0000000777800000, 0x0000000777a00000, 0x0000000777a00000|100%| O|  |TAMS 0x0000000777a00000, 0x0000000777800000| Updating 
| 916|0x0000000777a00000, 0x0000000777c00000, 0x0000000777c00000|100%| O|  |TAMS 0x0000000777c00000, 0x0000000777a00000| Updating 
| 917|0x0000000777c00000, 0x0000000777e00000, 0x0000000777e00000|100%| O|  |TAMS 0x0000000777e00000, 0x0000000777c00000| Updating 
| 918|0x0000000777e00000, 0x0000000778000000, 0x0000000778000000|100%| O|  |TAMS 0x0000000778000000, 0x0000000777e00000| Updating 
| 919|0x0000000778000000, 0x0000000778200000, 0x0000000778200000|100%| O|  |TAMS 0x0000000778200000, 0x0000000778000000| Updating 
| 920|0x0000000778200000, 0x0000000778400000, 0x0000000778400000|100%| O|  |TAMS 0x0000000778400000, 0x0000000778200000| Updating 
| 921|0x0000000778400000, 0x0000000778600000, 0x0000000778600000|100%| O|  |TAMS 0x0000000778600000, 0x0000000778400000| Updating 
| 922|0x0000000778600000, 0x0000000778800000, 0x0000000778800000|100%| O|  |TAMS 0x0000000778800000, 0x0000000778600000| Updating 
| 923|0x0000000778800000, 0x0000000778a00000, 0x0000000778a00000|100%| O|  |TAMS 0x0000000778a00000, 0x0000000778800000| Updating 
| 924|0x0000000778a00000, 0x0000000778c00000, 0x0000000778c00000|100%| O|  |TAMS 0x0000000778c00000, 0x0000000778a00000| Untracked 
| 925|0x0000000778c00000, 0x0000000778e00000, 0x0000000778e00000|100%| O|  |TAMS 0x0000000778e00000, 0x0000000778c00000| Updating 
| 926|0x0000000778e00000, 0x0000000779000000, 0x0000000779000000|100%| O|  |TAMS 0x0000000779000000, 0x0000000778e00000| Updating 
| 927|0x0000000779000000, 0x0000000779200000, 0x0000000779200000|100%| O|  |TAMS 0x0000000779200000, 0x0000000779000000| Updating 
| 928|0x0000000779200000, 0x0000000779400000, 0x0000000779400000|100%| O|  |TAMS 0x0000000779400000, 0x0000000779200000| Updating 
| 929|0x0000000779400000, 0x0000000779600000, 0x0000000779600000|100%| O|  |TAMS 0x0000000779600000, 0x0000000779400000| Updating 
| 930|0x0000000779600000, 0x0000000779800000, 0x0000000779800000|100%| O|  |TAMS 0x0000000779800000, 0x0000000779600000| Updating 
| 931|0x0000000779800000, 0x0000000779a00000, 0x0000000779a00000|100%| O|  |TAMS 0x0000000779a00000, 0x0000000779800000| Updating 
| 932|0x0000000779a00000, 0x0000000779c00000, 0x0000000779c00000|100%| O|  |TAMS 0x0000000779c00000, 0x0000000779a00000| Updating 
| 933|0x0000000779c00000, 0x0000000779e00000, 0x0000000779e00000|100%| O|  |TAMS 0x0000000779e00000, 0x0000000779c00000| Updating 
| 934|0x0000000779e00000, 0x000000077a000000, 0x000000077a000000|100%| O|  |TAMS 0x000000077a000000, 0x0000000779e00000| Updating 
| 935|0x000000077a000000, 0x000000077a200000, 0x000000077a200000|100%| O|  |TAMS 0x000000077a200000, 0x000000077a000000| Updating 
| 936|0x000000077a200000, 0x000000077a400000, 0x000000077a400000|100%| O|  |TAMS 0x000000077a400000, 0x000000077a200000| Updating 
| 937|0x000000077a400000, 0x000000077a600000, 0x000000077a600000|100%| O|  |TAMS 0x000000077a600000, 0x000000077a400000| Updating 
| 938|0x000000077a600000, 0x000000077a800000, 0x000000077a800000|100%| O|  |TAMS 0x000000077a800000, 0x000000077a600000| Updating 
| 939|0x000000077a800000, 0x000000077aa00000, 0x000000077aa00000|100%| O|  |TAMS 0x000000077aa00000, 0x000000077a800000| Untracked 
| 940|0x000000077aa00000, 0x000000077ac00000, 0x000000077ac00000|100%| O|  |TAMS 0x000000077ac00000, 0x000000077aa00000| Untracked 
| 941|0x000000077ac00000, 0x000000077ae00000, 0x000000077ae00000|100%| O|  |TAMS 0x000000077ae00000, 0x000000077ac00000| Untracked 
| 942|0x000000077ae00000, 0x000000077b000000, 0x000000077b000000|100%| O|  |TAMS 0x000000077b000000, 0x000000077ae00000| Untracked 
| 943|0x000000077b000000, 0x000000077b200000, 0x000000077b200000|100%| O|  |TAMS 0x000000077b200000, 0x000000077b000000| Untracked 
| 944|0x000000077b200000, 0x000000077b400000, 0x000000077b400000|100%| O|  |TAMS 0x000000077b400000, 0x000000077b200000| Untracked 
| 945|0x000000077b400000, 0x000000077b600000, 0x000000077b600000|100%| O|  |TAMS 0x000000077b600000, 0x000000077b400000| Untracked 
| 946|0x000000077b600000, 0x000000077b800000, 0x000000077b800000|100%| O|  |TAMS 0x000000077b627200, 0x000000077b600000| Untracked 
| 947|0x000000077b800000, 0x000000077ba00000, 0x000000077ba00000|100%| O|  |TAMS 0x000000077b800000, 0x000000077b800000| Untracked 
| 948|0x000000077ba00000, 0x000000077bc00000, 0x000000077bc00000|100%| O|  |TAMS 0x000000077ba00000, 0x000000077ba00000| Untracked 
| 949|0x000000077bc00000, 0x000000077be00000, 0x000000077be00000|100%| O|  |TAMS 0x000000077bc00000, 0x000000077bc00000| Untracked 
| 950|0x000000077be00000, 0x000000077c000000, 0x000000077c000000|100%| O|  |TAMS 0x000000077be00000, 0x000000077be00000| Untracked 
| 951|0x000000077c000000, 0x000000077c200000, 0x000000077c200000|100%| O|  |TAMS 0x000000077c000000, 0x000000077c000000| Untracked 
| 952|0x000000077c200000, 0x000000077c400000, 0x000000077c400000|100%| O|  |TAMS 0x000000077c200000, 0x000000077c200000| Untracked 
| 953|0x000000077c400000, 0x000000077c600000, 0x000000077c600000|100%| O|  |TAMS 0x000000077c400000, 0x000000077c400000| Untracked 
| 954|0x000000077c600000, 0x000000077c800000, 0x000000077c800000|100%| O|  |TAMS 0x000000077c600000, 0x000000077c600000| Untracked 
| 955|0x000000077c800000, 0x000000077ca00000, 0x000000077ca00000|100%| O|  |TAMS 0x000000077c800000, 0x000000077c800000| Untracked 
| 956|0x000000077ca00000, 0x000000077cc00000, 0x000000077cc00000|100%| O|  |TAMS 0x000000077ca00000, 0x000000077ca00000| Untracked 
| 957|0x000000077cc00000, 0x000000077ce00000, 0x000000077ce00000|100%| O|  |TAMS 0x000000077cc00000, 0x000000077cc00000| Untracked 
| 958|0x000000077ce00000, 0x000000077d000000, 0x000000077d000000|100%| O|  |TAMS 0x000000077ce00000, 0x000000077ce00000| Untracked 
| 959|0x000000077d000000, 0x000000077d200000, 0x000000077d200000|100%| O|  |TAMS 0x000000077d000000, 0x000000077d000000| Untracked 
| 960|0x000000077d200000, 0x000000077d294a00, 0x000000077d400000| 29%| O|  |TAMS 0x000000077d200000, 0x000000077d200000| Updating 
| 961|0x000000077d400000, 0x000000077d400000, 0x000000077d600000|  0%| F|  |TAMS 0x000000077d400000, 0x000000077d400000| Untracked 
| 962|0x000000077d600000, 0x000000077d600000, 0x000000077d800000|  0%| F|  |TAMS 0x000000077d600000, 0x000000077d600000| Untracked 
| 963|0x000000077d800000, 0x000000077d800000, 0x000000077da00000|  0%| F|  |TAMS 0x000000077d800000, 0x000000077d800000| Untracked 
| 964|0x000000077da00000, 0x000000077da00000, 0x000000077dc00000|  0%| F|  |TAMS 0x000000077da00000, 0x000000077da00000| Untracked 
| 965|0x000000077dc00000, 0x000000077dc00000, 0x000000077de00000|  0%| F|  |TAMS 0x000000077dc00000, 0x000000077dc00000| Untracked 
| 966|0x000000077de00000, 0x000000077de00000, 0x000000077e000000|  0%| F|  |TAMS 0x000000077de00000, 0x000000077de00000| Untracked 
| 967|0x000000077e000000, 0x000000077e000000, 0x000000077e200000|  0%| F|  |TAMS 0x000000077e000000, 0x000000077e000000| Untracked 
| 968|0x000000077e200000, 0x000000077e200000, 0x000000077e400000|  0%| F|  |TAMS 0x000000077e200000, 0x000000077e200000| Untracked 
| 969|0x000000077e400000, 0x000000077e400000, 0x000000077e600000|  0%| F|  |TAMS 0x000000077e400000, 0x000000077e400000| Untracked 
| 970|0x000000077e600000, 0x000000077e600000, 0x000000077e800000|  0%| F|  |TAMS 0x000000077e600000, 0x000000077e600000| Untracked 
| 971|0x000000077e800000, 0x000000077e800000, 0x000000077ea00000|  0%| F|  |TAMS 0x000000077e800000, 0x000000077e800000| Untracked 
| 972|0x000000077ea00000, 0x000000077ea00000, 0x000000077ec00000|  0%| F|  |TAMS 0x000000077ea00000, 0x000000077ea00000| Untracked 
| 973|0x000000077ec00000, 0x000000077ec00000, 0x000000077ee00000|  0%| F|  |TAMS 0x000000077ec00000, 0x000000077ec00000| Untracked 
| 974|0x000000077ee00000, 0x000000077ee00000, 0x000000077f000000|  0%| F|  |TAMS 0x000000077ee00000, 0x000000077ee00000| Untracked 
| 975|0x000000077f000000, 0x000000077f000000, 0x000000077f200000|  0%| F|  |TAMS 0x000000077f000000, 0x000000077f000000| Untracked 
| 976|0x000000077f200000, 0x000000077f200000, 0x000000077f400000|  0%| F|  |TAMS 0x000000077f200000, 0x000000077f200000| Untracked 
| 977|0x000000077f400000, 0x000000077f400000, 0x000000077f600000|  0%| F|  |TAMS 0x000000077f400000, 0x000000077f400000| Untracked 
| 978|0x000000077f600000, 0x000000077f600000, 0x000000077f800000|  0%| F|  |TAMS 0x000000077f600000, 0x000000077f600000| Untracked 
| 979|0x000000077f800000, 0x000000077f800000, 0x000000077fa00000|  0%| F|  |TAMS 0x000000077f800000, 0x000000077f800000| Untracked 
| 980|0x000000077fa00000, 0x000000077fa00000, 0x000000077fc00000|  0%| F|  |TAMS 0x000000077fa00000, 0x000000077fa00000| Untracked 
| 981|0x000000077fc00000, 0x000000077fc00000, 0x000000077fe00000|  0%| F|  |TAMS 0x000000077fc00000, 0x000000077fc00000| Untracked 
| 982|0x000000077fe00000, 0x000000077fe00000, 0x0000000780000000|  0%| F|  |TAMS 0x000000077fe00000, 0x000000077fe00000| Untracked 
| 983|0x0000000780000000, 0x0000000780000000, 0x0000000780200000|  0%| F|  |TAMS 0x0000000780000000, 0x0000000780000000| Untracked 
| 984|0x0000000780200000, 0x0000000780200000, 0x0000000780400000|  0%| F|  |TAMS 0x0000000780200000, 0x0000000780200000| Untracked 
| 985|0x0000000780400000, 0x0000000780400000, 0x0000000780600000|  0%| F|  |TAMS 0x0000000780400000, 0x0000000780400000| Untracked 
| 986|0x0000000780600000, 0x0000000780600000, 0x0000000780800000|  0%| F|  |TAMS 0x0000000780600000, 0x0000000780600000| Untracked 
| 987|0x0000000780800000, 0x0000000780800000, 0x0000000780a00000|  0%| F|  |TAMS 0x0000000780800000, 0x0000000780800000| Untracked 
| 988|0x0000000780a00000, 0x0000000780a00000, 0x0000000780c00000|  0%| F|  |TAMS 0x0000000780a00000, 0x0000000780a00000| Untracked 
| 989|0x0000000780c00000, 0x0000000780c00000, 0x0000000780e00000|  0%| F|  |TAMS 0x0000000780c00000, 0x0000000780c00000| Untracked 
| 990|0x0000000780e00000, 0x0000000780e00000, 0x0000000781000000|  0%| F|  |TAMS 0x0000000780e00000, 0x0000000780e00000| Untracked 
| 991|0x0000000781000000, 0x0000000781000000, 0x0000000781200000|  0%| F|  |TAMS 0x0000000781000000, 0x0000000781000000| Untracked 
| 992|0x0000000781200000, 0x0000000781200000, 0x0000000781400000|  0%| F|  |TAMS 0x0000000781200000, 0x0000000781200000| Untracked 
| 993|0x0000000781400000, 0x0000000781400000, 0x0000000781600000|  0%| F|  |TAMS 0x0000000781400000, 0x0000000781400000| Untracked 
| 994|0x0000000781600000, 0x0000000781600000, 0x0000000781800000|  0%| F|  |TAMS 0x0000000781600000, 0x0000000781600000| Untracked 
| 995|0x0000000781800000, 0x0000000781800000, 0x0000000781a00000|  0%| F|  |TAMS 0x0000000781800000, 0x0000000781800000| Untracked 
| 996|0x0000000781a00000, 0x0000000781a00000, 0x0000000781c00000|  0%| F|  |TAMS 0x0000000781a00000, 0x0000000781a00000| Untracked 
| 997|0x0000000781c00000, 0x0000000781c00000, 0x0000000781e00000|  0%| F|  |TAMS 0x0000000781c00000, 0x0000000781c00000| Untracked 
| 998|0x0000000781e00000, 0x0000000781e00000, 0x0000000782000000|  0%| F|  |TAMS 0x0000000781e00000, 0x0000000781e00000| Untracked 
| 999|0x0000000782000000, 0x0000000782000000, 0x0000000782200000|  0%| F|  |TAMS 0x0000000782000000, 0x0000000782000000| Untracked 
|1000|0x0000000782200000, 0x0000000782200000, 0x0000000782400000|  0%| F|  |TAMS 0x0000000782200000, 0x0000000782200000| Untracked 
|1001|0x0000000782400000, 0x0000000782400000, 0x0000000782600000|  0%| F|  |TAMS 0x0000000782400000, 0x0000000782400000| Untracked 
|1951|0x00000007f9000000, 0x00000007f9200000, 0x00000007f9200000|100%| O|  |TAMS 0x00000007f9200000, 0x00000007f9000000| Updating 
|1952|0x00000007f9200000, 0x00000007f9200000, 0x00000007f9400000|  0%| F|  |TAMS 0x00000007f9200000, 0x00000007f9200000| Untracked 
|1953|0x00000007f9400000, 0x00000007f9400000, 0x00000007f9600000|  0%| F|  |TAMS 0x00000007f9400000, 0x00000007f9400000| Untracked 
|1954|0x00000007f9600000, 0x00000007f9600000, 0x00000007f9800000|  0%| F|  |TAMS 0x00000007f9600000, 0x00000007f9600000| Untracked 
|1955|0x00000007f9800000, 0x00000007f996d1f0, 0x00000007f9a00000| 71%| S|CS|TAMS 0x00000007f9800000, 0x00000007f9800000| Complete 
|1956|0x00000007f9a00000, 0x00000007f9c00000, 0x00000007f9c00000|100%| S|CS|TAMS 0x00000007f9a00000, 0x00000007f9a00000| Complete 
|1957|0x00000007f9c00000, 0x00000007f9c00000, 0x00000007f9e00000|  0%| F|  |TAMS 0x00000007f9c00000, 0x00000007f9c00000| Untracked 
|1958|0x00000007f9e00000, 0x00000007fa000000, 0x00000007fa000000|100%| S|CS|TAMS 0x00000007f9e00000, 0x00000007f9e00000| Complete 
|1959|0x00000007fa000000, 0x00000007fa200000, 0x00000007fa200000|100%| S|CS|TAMS 0x00000007fa000000, 0x00000007fa000000| Complete 
|1960|0x00000007fa200000, 0x00000007fa200000, 0x00000007fa400000|  0%| F|  |TAMS 0x00000007fa200000, 0x00000007fa200000| Untracked 
|1961|0x00000007fa400000, 0x00000007fa400000, 0x00000007fa600000|  0%| F|  |TAMS 0x00000007fa400000, 0x00000007fa400000| Untracked 
|1962|0x00000007fa600000, 0x00000007fa600000, 0x00000007fa800000|  0%| F|  |TAMS 0x00000007fa600000, 0x00000007fa600000| Untracked 
|1963|0x00000007fa800000, 0x00000007fa800000, 0x00000007faa00000|  0%| F|  |TAMS 0x00000007fa800000, 0x00000007fa800000| Untracked 
|1964|0x00000007faa00000, 0x00000007faa00000, 0x00000007fac00000|  0%| F|  |TAMS 0x00000007faa00000, 0x00000007faa00000| Untracked 
|1965|0x00000007fac00000, 0x00000007fac00000, 0x00000007fae00000|  0%| F|  |TAMS 0x00000007fac00000, 0x00000007fac00000| Untracked 
|1966|0x00000007fae00000, 0x00000007fae00000, 0x00000007fb000000|  0%| F|  |TAMS 0x00000007fae00000, 0x00000007fae00000| Untracked 
|1967|0x00000007fb000000, 0x00000007fb000000, 0x00000007fb200000|  0%| F|  |TAMS 0x00000007fb000000, 0x00000007fb000000| Untracked 
|1968|0x00000007fb200000, 0x00000007fb200000, 0x00000007fb400000|  0%| F|  |TAMS 0x00000007fb200000, 0x00000007fb200000| Untracked 
|1969|0x00000007fb400000, 0x00000007fb400000, 0x00000007fb600000|  0%| F|  |TAMS 0x00000007fb400000, 0x00000007fb400000| Untracked 
|1970|0x00000007fb600000, 0x00000007fb600000, 0x00000007fb800000|  0%| F|  |TAMS 0x00000007fb600000, 0x00000007fb600000| Untracked 
|1971|0x00000007fb800000, 0x00000007fb800000, 0x00000007fba00000|  0%| F|  |TAMS 0x00000007fb800000, 0x00000007fb800000| Untracked 
|1972|0x00000007fba00000, 0x00000007fba00000, 0x00000007fbc00000|  0%| F|  |TAMS 0x00000007fba00000, 0x00000007fba00000| Untracked 
|1973|0x00000007fbc00000, 0x00000007fbc00000, 0x00000007fbe00000|  0%| F|  |TAMS 0x00000007fbc00000, 0x00000007fbc00000| Untracked 
|1974|0x00000007fbe00000, 0x00000007fbe00000, 0x00000007fc000000|  0%| F|  |TAMS 0x00000007fbe00000, 0x00000007fbe00000| Untracked 
|1975|0x00000007fc000000, 0x00000007fc000000, 0x00000007fc200000|  0%| F|  |TAMS 0x00000007fc000000, 0x00000007fc000000| Untracked 
|1976|0x00000007fc200000, 0x00000007fc200000, 0x00000007fc400000|  0%| F|  |TAMS 0x00000007fc200000, 0x00000007fc200000| Untracked 
|1977|0x00000007fc400000, 0x00000007fc400000, 0x00000007fc600000|  0%| F|  |TAMS 0x00000007fc400000, 0x00000007fc400000| Untracked 
|1978|0x00000007fc600000, 0x00000007fc600000, 0x00000007fc800000|  0%| F|  |TAMS 0x00000007fc600000, 0x00000007fc600000| Untracked 
|1979|0x00000007fc800000, 0x00000007fc800000, 0x00000007fca00000|  0%| F|  |TAMS 0x00000007fc800000, 0x00000007fc800000| Untracked 
|1980|0x00000007fca00000, 0x00000007fca00000, 0x00000007fcc00000|  0%| F|  |TAMS 0x00000007fca00000, 0x00000007fca00000| Untracked 
|1981|0x00000007fcc00000, 0x00000007fcc00000, 0x00000007fce00000|  0%| F|  |TAMS 0x00000007fcc00000, 0x00000007fcc00000| Untracked 
|1982|0x00000007fce00000, 0x00000007fce00000, 0x00000007fd000000|  0%| F|  |TAMS 0x00000007fce00000, 0x00000007fce00000| Untracked 
|1983|0x00000007fd000000, 0x00000007fd000000, 0x00000007fd200000|  0%| F|  |TAMS 0x00000007fd000000, 0x00000007fd000000| Untracked 
|1984|0x00000007fd200000, 0x00000007fd200000, 0x00000007fd400000|  0%| F|  |TAMS 0x00000007fd200000, 0x00000007fd200000| Untracked 
|1985|0x00000007fd400000, 0x00000007fd400000, 0x00000007fd600000|  0%| F|  |TAMS 0x00000007fd400000, 0x00000007fd400000| Untracked 
|1986|0x00000007fd600000, 0x00000007fd600000, 0x00000007fd800000|  0%| F|  |TAMS 0x00000007fd600000, 0x00000007fd600000| Untracked 
|1987|0x00000007fd800000, 0x00000007fd800000, 0x00000007fda00000|  0%| F|  |TAMS 0x00000007fd800000, 0x00000007fd800000| Untracked 
|1988|0x00000007fda00000, 0x00000007fda00000, 0x00000007fdc00000|  0%| F|  |TAMS 0x00000007fda00000, 0x00000007fda00000| Untracked 
|1989|0x00000007fdc00000, 0x00000007fdc00000, 0x00000007fde00000|  0%| F|  |TAMS 0x00000007fdc00000, 0x00000007fdc00000| Untracked 
|1990|0x00000007fde00000, 0x00000007fde00000, 0x00000007fe000000|  0%| F|  |TAMS 0x00000007fde00000, 0x00000007fde00000| Untracked 
|1991|0x00000007fe000000, 0x00000007fe000000, 0x00000007fe200000|  0%| F|  |TAMS 0x00000007fe000000, 0x00000007fe000000| Untracked 
|1992|0x00000007fe200000, 0x00000007fe38b560, 0x00000007fe400000| 77%| E|  |TAMS 0x00000007fe200000, 0x00000007fe200000| Complete 
|1993|0x00000007fe400000, 0x00000007fe600000, 0x00000007fe600000|100%| E|CS|TAMS 0x00000007fe400000, 0x00000007fe400000| Complete 
|1994|0x00000007fe600000, 0x00000007fe800000, 0x00000007fe800000|100%| E|CS|TAMS 0x00000007fe600000, 0x00000007fe600000| Complete 
|1995|0x00000007fe800000, 0x00000007fea00000, 0x00000007fea00000|100%| E|CS|TAMS 0x00000007fe800000, 0x00000007fe800000| Complete 
|1996|0x00000007fea00000, 0x00000007fec00000, 0x00000007fec00000|100%| E|CS|TAMS 0x00000007fea00000, 0x00000007fea00000| Complete 
|1997|0x00000007fec00000, 0x00000007fee00000, 0x00000007fee00000|100%| E|CS|TAMS 0x00000007fec00000, 0x00000007fec00000| Complete 
|1998|0x00000007fee00000, 0x00000007ff000000, 0x00000007ff000000|100%| E|CS|TAMS 0x00000007fee00000, 0x00000007fee00000| Complete 
|1999|0x00000007ff000000, 0x00000007ff200000, 0x00000007ff200000|100%| E|CS|TAMS 0x00000007ff000000, 0x00000007ff000000| Complete 
|2000|0x00000007ff200000, 0x00000007ff400000, 0x00000007ff400000|100%| E|CS|TAMS 0x00000007ff200000, 0x00000007ff200000| Complete 
|2001|0x00000007ff400000, 0x00000007ff600000, 0x00000007ff600000|100%| E|CS|TAMS 0x00000007ff400000, 0x00000007ff400000| Complete 
|2002|0x00000007ff600000, 0x00000007ff800000, 0x00000007ff800000|100%| E|CS|TAMS 0x00000007ff600000, 0x00000007ff600000| Complete 
|2003|0x00000007ff800000, 0x00000007ffa00000, 0x00000007ffa00000|100%| E|CS|TAMS 0x00000007ff800000, 0x00000007ff800000| Complete 
|2004|0x00000007ffa00000, 0x00000007ffc00000, 0x00000007ffc00000|100%| E|CS|TAMS 0x00000007ffa00000, 0x00000007ffa00000| Complete 
|2005|0x00000007ffc00000, 0x00000007ffe00000, 0x00000007ffe00000|100%| E|CS|TAMS 0x00000007ffc00000, 0x00000007ffc00000| Complete 
|2006|0x00000007ffe00000, 0x0000000800000000, 0x0000000800000000|100%| E|CS|TAMS 0x00000007ffe00000, 0x00000007ffe00000| Complete 

Card table byte_map: [0x00000202a98d0000,0x00000202aa0b0000] _byte_map_base: 0x00000202a60a7000

Marking Bits (Prev, Next): (CMBitMap*) 0x00000202923111d0, (CMBitMap*) 0x0000020292311190
 Prev Bits: [0x00000202ae750000, 0x00000202b2608000)
 Next Bits: [0x00000202aa890000, 0x00000202ae748000)

Polling page: 0x0000020290220000

Metaspace:

Usage:
  Non-class:    110.35 MB used.
      Class:     18.38 MB used.
       Both:    128.73 MB used.

Virtual space:
  Non-class space:      128.00 MB reserved,     111.44 MB ( 87%) committed,  2 nodes.
      Class space:        1.00 GB reserved,      19.25 MB (  2%) committed,  1 nodes.
             Both:        1.12 GB reserved,     130.69 MB ( 11%) committed. 

Chunk freelists:
   Non-Class:  15.81 MB
       Class:  12.61 MB
        Both:  28.42 MB

MaxMetaspaceSize: unlimited
CompressedClassSpaceSize: 1.00 GB
Initial GC threshold: 21.00 MB
Current GC threshold: 207.44 MB
CDS: on
MetaspaceReclaimPolicy: balanced
 - commit_granule_bytes: 65536.
 - commit_granule_words: 8192.
 - virtual_space_node_default_size: 8388608.
 - enlarge_chunks_in_place: 1.
 - new_chunks_are_fully_committed: 0.
 - uncommit_free_chunks: 1.
 - use_allocation_guard: 0.
 - handle_deallocations: 1.


Internal statistics:

num_allocs_failed_limit: 6.
num_arena_births: 3136.
num_arena_deaths: 32.
num_vsnodes_births: 3.
num_vsnodes_deaths: 0.
num_space_committed: 2086.
num_space_uncommitted: 0.
num_chunks_returned_to_freelist: 52.
num_chunks_taken_from_freelist: 8956.
num_chunk_merges: 18.
num_chunk_splits: 5610.
num_chunks_enlarged: 3511.
num_inconsistent_stats: 0.

CodeHeap 'non-profiled nmethods': size=120000Kb used=39768Kb max_used=40377Kb free=80232Kb
 bounds [0x00000202a1880000, 0x00000202a4010000, 0x00000202a8db0000]
CodeHeap 'profiled nmethods': size=120000Kb used=40814Kb max_used=42334Kb free=79185Kb
 bounds [0x0000020299db0000, 0x000002029c790000, 0x00000202a12e0000]
CodeHeap 'non-nmethods': size=5760Kb used=2557Kb max_used=2657Kb free=3202Kb
 bounds [0x00000202a12e0000, 0x00000202a15b0000, 0x00000202a1880000]
 total_blobs=28551 nmethods=26331 adapters=2128
 compilation: enabled
              stopped_count=0, restarted_count=0
 full_count=0

Compilation events (20 events):
Event: 219.030 Thread 0x00000202b50bfbc0 42926   !   3       io.netty.channel.nio.NioEventLoop::run (591 bytes)
Event: 219.035 Thread 0x00000202b50bfbc0 nmethod 42926 0x000002029c605890 code [0x000002029c6062a0, 0x000002029c60c848]
Event: 219.125 Thread 0x00000202b50bfbc0 42927       1       net.minecraft.world.level.levelgen.structure.Structure$GenerationContext::randomState (5 bytes)
Event: 219.125 Thread 0x00000202b50bfbc0 nmethod 42927 0x00000202a3bc3090 code [0x00000202a3bc3220, 0x00000202a3bc32f8]
Event: 219.290 Thread 0x00000202b50bfbc0 42928       3       net.minecraft.advancements.critereon.DistanceTrigger$$Lambda$9868/0x00000202b82922c8::<init> (20 bytes)
Event: 219.290 Thread 0x00000202b50bfbc0 nmethod 42928 0x000002029a56c490 code [0x000002029a56c640, 0x000002029a56c8d8]
Event: 219.329 Thread 0x00000202b50be2a0 42929       4       com.mojang.serialization.codecs.ListCodec::toString (10 bytes)
Event: 219.335 Thread 0x00000202b50be2a0 nmethod 42929 0x00000202a2d8c610 code [0x00000202a2d8c7c0, 0x00000202a2d8ccd8]
Event: 219.341 Thread 0x00000202b50be2a0 42930       4       net.minecraft.world.entity.animal.Bee$BeePollinateGoal$$Lambda$10445/0x00000202b833b100::test (8 bytes)
Event: 219.360 Thread 0x00000202b50be2a0 nmethod 42930 0x00000202a280c890 code [0x00000202a280cb20, 0x00000202a280dad0]
Event: 219.360 Thread 0x00000202b50be2a0 42931       4       net.minecraft.world.entity.animal.Bee$BeePollinateGoal::lambda$new$0 (71 bytes)
Event: 219.380 Thread 0x00000202b50be2a0 nmethod 42931 0x00000202a2b8c410 code [0x00000202a2b8c6a0, 0x00000202a2b8d610]
Event: 219.509 Thread 0x00000202b50be2a0 42932       4       io.netty.util.concurrent.SingleThreadEventExecutor::hasTasks (39 bytes)
Event: 219.510 Thread 0x00000202b50be2a0 nmethod 42932 0x00000202a2d8c290 code [0x00000202a2d8c400, 0x00000202a2d8c4d8]
Event: 219.603 Thread 0x00000202b50be2a0 42933       4       net.minecraft.world.level.lighting.LayerLightSectionStorage::putSectionState (45 bytes)
Event: 219.845 Thread 0x00000202b50be2a0 nmethod 42933 0x00000202a367ff10 code [0x00000202a36803e0, 0x00000202a3684e40]
Event: 219.990 Thread 0x00000202b50be2a0 42934       4       java.util.stream.Nodes$IntFixedNodeBuilder::end (51 bytes)
Event: 219.990 Thread 0x00000202b50be2a0 nmethod 42934 0x00000202a2e6e190 code [0x00000202a2e6e300, 0x00000202a2e6e3b8]
Event: 220.115 Thread 0x00000202b50be2a0 42935       4       net.minecraft.world.level.entity.EntitySectionStorage::getExistingSectionPositionsInChunk (56 bytes)
Event: 220.145 Thread 0x00000202b50be2a0 nmethod 42935 0x00000202a3cc4790 code [0x00000202a3cc4980, 0x00000202a3cc5538]

GC Heap History (20 events):
Event: 219.227 GC heap before
{Heap before GC invocations=368 (full 0):
 garbage-first heap   total 2166784K, used 2036566K [0x0000000705200000, 0x0000000800000000)
  region size 2048K, 52 young (106496K), 5 survivors (10240K)
 Metaspace       used 131830K, committed 133824K, reserved 1179648K
  class space    used 18827K, committed 19712K, reserved 1048576K
}
Event: 219.233 GC heap after
{Heap after GC invocations=369 (full 0):
 garbage-first heap   total 2166784K, used 1946068K [0x0000000705200000, 0x0000000800000000)
  region size 2048K, 6 young (12288K), 6 survivors (12288K)
 Metaspace       used 131830K, committed 133824K, reserved 1179648K
  class space    used 18827K, committed 19712K, reserved 1048576K
}
Event: 219.296 GC heap before
{Heap before GC invocations=369 (full 0):
 garbage-first heap   total 2166784K, used 2038228K [0x0000000705200000, 0x0000000800000000)
  region size 2048K, 52 young (106496K), 6 survivors (12288K)
 Metaspace       used 131830K, committed 133824K, reserved 1179648K
  class space    used 18827K, committed 19712K, reserved 1048576K
}
Event: 219.300 GC heap after
{Heap after GC invocations=370 (full 0):
 garbage-first heap   total 2166784K, used 1947519K [0x0000000705200000, 0x0000000800000000)
  region size 2048K, 4 young (8192K), 4 survivors (8192K)
 Metaspace       used 131830K, committed 133824K, reserved 1179648K
  class space    used 18827K, committed 19712K, reserved 1048576K
}
Event: 219.384 GC heap before
{Heap before GC invocations=370 (full 0):
 garbage-first heap   total 2166784K, used 2045823K [0x0000000705200000, 0x0000000800000000)
  region size 2048K, 52 young (106496K), 4 survivors (8192K)
 Metaspace       used 131830K, committed 133824K, reserved 1179648K
  class space    used 18827K, committed 19712K, reserved 1048576K
}
Event: 219.389 GC heap after
{Heap after GC invocations=371 (full 0):
 garbage-first heap   total 2166784K, used 1955109K [0x0000000705200000, 0x0000000800000000)
  region size 2048K, 7 young (14336K), 7 survivors (14336K)
 Metaspace       used 131830K, committed 133824K, reserved 1179648K
  class space    used 18827K, committed 19712K, reserved 1048576K
}
Event: 219.474 GC heap before
{Heap before GC invocations=371 (full 0):
 garbage-first heap   total 2166784K, used 2045221K [0x0000000705200000, 0x0000000800000000)
  region size 2048K, 52 young (106496K), 7 survivors (14336K)
 Metaspace       used 131830K, committed 133824K, reserved 1179648K
  class space    used 18827K, committed 19712K, reserved 1048576K
}
Event: 219.480 GC heap after
{Heap after GC invocations=372 (full 0):
 garbage-first heap   total 2166784K, used 1961348K [0x0000000705200000, 0x0000000800000000)
  region size 2048K, 5 young (10240K), 5 survivors (10240K)
 Metaspace       used 131830K, committed 133824K, reserved 1179648K
  class space    used 18827K, committed 19712K, reserved 1048576K
}
Event: 219.570 GC heap before
{Heap before GC invocations=372 (full 0):
 garbage-first heap   total 2166784K, used 2055556K [0x0000000705200000, 0x0000000800000000)
  region size 2048K, 52 young (106496K), 5 survivors (10240K)
 Metaspace       used 131830K, committed 133824K, reserved 1179648K
  class space    used 18827K, committed 19712K, reserved 1048576K
}
Event: 219.573 GC heap after
{Heap after GC invocations=373 (full 0):
 garbage-first heap   total 2166784K, used 1964015K [0x0000000705200000, 0x0000000800000000)
  region size 2048K, 2 young (4096K), 2 survivors (4096K)
 Metaspace       used 131830K, committed 133824K, reserved 1179648K
  class space    used 18827K, committed 19712K, reserved 1048576K
}
Event: 219.700 GC heap before
{Heap before GC invocations=373 (full 0):
 garbage-first heap   total 2166784K, used 2064367K [0x0000000705200000, 0x0000000800000000)
  region size 2048K, 52 young (106496K), 2 survivors (4096K)
 Metaspace       used 131830K, committed 133824K, reserved 1179648K
  class space    used 18827K, committed 19712K, reserved 1048576K
}
Event: 219.703 GC heap after
{Heap after GC invocations=374 (full 0):
 garbage-first heap   total 2166784K, used 1967303K [0x0000000705200000, 0x0000000800000000)
  region size 2048K, 4 young (8192K), 4 survivors (8192K)
 Metaspace       used 131830K, committed 133824K, reserved 1179648K
  class space    used 18827K, committed 19712K, reserved 1048576K
}
Event: 219.854 GC heap before
{Heap before GC invocations=374 (full 0):
 garbage-first heap   total 2166784K, used 2065607K [0x0000000705200000, 0x0000000800000000)
  region size 2048K, 52 young (106496K), 4 survivors (8192K)
 Metaspace       used 131830K, committed 133824K, reserved 1179648K
  class space    used 18827K, committed 19712K, reserved 1048576K
}
Event: 219.858 GC heap after
{Heap after GC invocations=375 (full 0):
 garbage-first heap   total 2166784K, used 1969589K [0x0000000705200000, 0x0000000800000000)
  region size 2048K, 5 young (10240K), 5 survivors (10240K)
 Metaspace       used 131830K, committed 133824K, reserved 1179648K
  class space    used 18827K, committed 19712K, reserved 1048576K
}
Event: 219.960 GC heap before
{Heap before GC invocations=375 (full 0):
 garbage-first heap   total 2166784K, used 2065845K [0x0000000705200000, 0x0000000800000000)
  region size 2048K, 52 young (106496K), 5 survivors (10240K)
 Metaspace       used 131830K, committed 133824K, reserved 1179648K
  class space    used 18827K, committed 19712K, reserved 1048576K
}
Event: 219.963 GC heap after
{Heap after GC invocations=376 (full 0):
 garbage-first heap   total 2166784K, used 1972627K [0x0000000705200000, 0x0000000800000000)
  region size 2048K, 4 young (8192K), 4 survivors (8192K)
 Metaspace       used 131830K, committed 133824K, reserved 1179648K
  class space    used 18827K, committed 19712K, reserved 1048576K
}
Event: 220.059 GC heap before
{Heap before GC invocations=376 (full 0):
 garbage-first heap   total 2166784K, used 2068883K [0x0000000705200000, 0x0000000800000000)
  region size 2048K, 52 young (106496K), 4 survivors (8192K)
 Metaspace       used 131830K, committed 133824K, reserved 1179648K
  class space    used 18827K, committed 19712K, reserved 1048576K
}
Event: 220.063 GC heap after
{Heap after GC invocations=377 (full 0):
 garbage-first heap   total 2166784K, used 1975223K [0x0000000705200000, 0x0000000800000000)
  region size 2048K, 5 young (10240K), 5 survivors (10240K)
 Metaspace       used 131830K, committed 133824K, reserved 1179648K
  class space    used 18827K, committed 19712K, reserved 1048576K
}
Event: 220.178 GC heap before
{Heap before GC invocations=377 (full 0):
 garbage-first heap   total 2166784K, used 2069431K [0x0000000705200000, 0x0000000800000000)
  region size 2048K, 52 young (106496K), 5 survivors (10240K)
 Metaspace       used 131830K, committed 133824K, reserved 1179648K
  class space    used 18827K, committed 19712K, reserved 1048576K
}
Event: 220.182 GC heap after
{Heap after GC invocations=378 (full 0):
 garbage-first heap   total 2166784K, used 1976326K [0x0000000705200000, 0x0000000800000000)
  region size 2048K, 4 young (8192K), 4 survivors (8192K)
 Metaspace       used 131830K, committed 133824K, reserved 1179648K
  class space    used 18827K, committed 19712K, reserved 1048576K
}

Dll operation events (16 events):
Event: 0.006 Loaded shared library C:\Program Files\Pylo\MCreator\jdk\bin\java.dll
Event: 0.024 Loaded shared library C:\Program Files\Pylo\MCreator\jdk\bin\jsvml.dll
Event: 0.127 Loaded shared library C:\Program Files\Pylo\MCreator\jdk\bin\net.dll
Event: 0.128 Loaded shared library C:\Program Files\Pylo\MCreator\jdk\bin\nio.dll
Event: 0.131 Loaded shared library C:\Program Files\Pylo\MCreator\jdk\bin\zip.dll
Event: 0.184 Loaded shared library C:\Program Files\Pylo\MCreator\jdk\bin\jimage.dll
Event: 0.544 Loaded shared library C:\Program Files\Pylo\MCreator\jdk\bin\verify.dll
Event: 2.509 Loaded shared library C:\Program Files\Pylo\MCreator\jdk\bin\management.dll
Event: 2.510 Loaded shared library C:\Program Files\Pylo\MCreator\jdk\bin\management_ext.dll
Event: 3.361 Loaded shared library C:\Users\anime\AppData\Local\Temp\lwjglanime\3.3.1-build-7\lwjgl.dll
Event: 3.808 Loaded shared library C:\Users\anime\AppData\Local\Temp\lwjglanime\3.3.1-build-7\lwjgl_stb.dll
Event: 3.894 Loaded shared library C:\Users\anime\AppData\Local\Temp\lwjglanime\3.3.1-build-7\lwjgl_opengl.dll
Event: 7.535 Loaded shared library C:\Users\anime\AppData\Local\Temp\jna-92962932\jna17225135761618086064.dll
Event: 15.456 Loaded shared library C:\Program Files\Pylo\MCreator\jdk\bin\sunmscapi.dll
Event: 15.684 Loaded shared library C:\Program Files\Pylo\MCreator\jdk\bin\extnet.dll
Event: 42.595 Loaded shared library C:\Program Files\Pylo\MCreator\jdk\bin\awt.dll

Deoptimization events (20 events):
Event: 215.151 Thread 0x0000020289638a60 Uncommon trap: trap_request=0xffffffde fr.pc=0x00000202a252d698 relative=0x00000000000007b8
Event: 215.151 Thread 0x0000020289638a60 Uncommon trap: reason=class_check action=maybe_recompile pc=0x00000202a252d698 method=java.util.HashMap.removeNode(ILjava/lang/Object;Ljava/lang/Object;ZZ)Ljava/util/HashMap$Node; @ 143 c2
Event: 215.151 Thread 0x0000020289638a60 DEOPT PACKING pc=0x00000202a252d698 sp=0x000000ab46efe3a0
Event: 215.151 Thread 0x0000020289638a60 DEOPT UNPACKING pc=0x00000202a133a1a3 sp=0x000000ab46efe2c8 mode 2
Event: 215.336 Thread 0x00000202fed1cd10 Uncommon trap: trap_request=0xffffff45 fr.pc=0x00000202a3b16e24 relative=0x00000000000080e4
Event: 215.336 Thread 0x00000202fed1cd10 Uncommon trap: reason=unstable_if action=reinterpret pc=0x00000202a3b16e24 method=net.minecraft.client.renderer.block.LiquidBlockRenderer.shouldRenderFace(Lnet/minecraft/world/level/BlockAndTintGetter;Lnet/minecraft/core/BlockPos;Lnet/minecraft/world/leve
Event: 215.336 Thread 0x00000202fed1cd10 DEOPT PACKING pc=0x00000202a3b16e24 sp=0x000000ab4a5feb80
Event: 215.336 Thread 0x00000202fed1cd10 DEOPT UNPACKING pc=0x00000202a133a1a3 sp=0x000000ab4a5fea18 mode 2
Event: 215.336 Thread 0x00000202fed1cd10 Uncommon trap: trap_request=0xffffff45 fr.pc=0x00000202a2de4b80 relative=0x00000000000001a0
Event: 215.336 Thread 0x00000202fed1cd10 Uncommon trap: reason=unstable_if action=reinterpret pc=0x00000202a2de4b80 method=net.minecraft.client.renderer.block.LiquidBlockRenderer.shouldRenderFace(Lnet/minecraft/world/level/BlockAndTintGetter;Lnet/minecraft/core/BlockPos;Lnet/minecraft/world/leve
Event: 215.336 Thread 0x00000202fed1cd10 DEOPT PACKING pc=0x00000202a2de4b80 sp=0x000000ab4a5fea40
Event: 215.336 Thread 0x00000202fed1cd10 DEOPT UNPACKING pc=0x00000202a133a1a3 sp=0x000000ab4a5fea00 mode 2
Event: 216.283 Thread 0x0000020289638a60 Uncommon trap: trap_request=0xffffff45 fr.pc=0x00000202a3fbd27c relative=0x0000000000003afc
Event: 216.283 Thread 0x0000020289638a60 Uncommon trap: reason=unstable_if action=reinterpret pc=0x00000202a3fbd27c method=net.minecraft.world.entity.LivingEntity.travel(Lnet/minecraft/world/phys/Vec3;)V @ 133 c2
Event: 216.283 Thread 0x0000020289638a60 DEOPT PACKING pc=0x00000202a3fbd27c sp=0x000000ab46efe700
Event: 216.283 Thread 0x0000020289638a60 DEOPT UNPACKING pc=0x00000202a133a1a3 sp=0x000000ab46efe688 mode 2
Event: 218.978 Thread 0x00000202922a50f0 Uncommon trap: trap_request=0xffffff45 fr.pc=0x00000202a374c888 relative=0x00000000000013a8
Event: 218.978 Thread 0x00000202922a50f0 Uncommon trap: reason=unstable_if action=reinterpret pc=0x00000202a374c888 method=net.minecraft.world.level.lighting.LayerLightSectionStorage.initializeSection(J)V @ 10 c2
Event: 218.978 Thread 0x00000202922a50f0 DEOPT PACKING pc=0x00000202a374c888 sp=0x000000ab470fdc20
Event: 218.978 Thread 0x00000202922a50f0 DEOPT UNPACKING pc=0x00000202a133a1a3 sp=0x000000ab470fdbc0 mode 2

Classes unloaded (16 events):
Event: 40.667 Thread 0x00000202b50966a0 Unloading class 0x00000202b7f05800 'java/lang/invoke/LambdaForm$DMH+0x00000202b7f05800'
Event: 40.667 Thread 0x00000202b50966a0 Unloading class 0x00000202b7f05400 'java/lang/invoke/LambdaForm$DMH+0x00000202b7f05400'
Event: 40.667 Thread 0x00000202b50966a0 Unloading class 0x00000202b7f04c00 'java/lang/invoke/LambdaForm$DMH+0x00000202b7f04c00'
Event: 40.667 Thread 0x00000202b50966a0 Unloading class 0x00000202b7f04800 'java/lang/invoke/LambdaForm$DMH+0x00000202b7f04800'
Event: 40.667 Thread 0x00000202b50966a0 Unloading class 0x00000202b7f04400 'java/lang/invoke/LambdaForm$DMH+0x00000202b7f04400'
Event: 40.667 Thread 0x00000202b50966a0 Unloading class 0x00000202b7f05000 'java/lang/invoke/LambdaForm$DMH+0x00000202b7f05000'
Event: 40.667 Thread 0x00000202b50966a0 Unloading class 0x00000202b7e34000 'java/lang/invoke/LambdaForm$DMH+0x00000202b7e34000'
Event: 40.667 Thread 0x00000202b50966a0 Unloading class 0x00000202b7e08400 'java/lang/invoke/LambdaForm$DMH+0x00000202b7e08400'
Event: 40.667 Thread 0x00000202b50966a0 Unloading class 0x00000202b7e08000 'java/lang/invoke/LambdaForm$DMH+0x00000202b7e08000'
Event: 220.227 Thread 0x00000202b50966a0 Unloading class 0x00000202b82bb000 'java/lang/invoke/LambdaForm$DMH+0x00000202b82bb000'
Event: 220.227 Thread 0x00000202b50966a0 Unloading class 0x00000202b82bb800 'java/lang/invoke/LambdaForm$DMH+0x00000202b82bb800'
Event: 220.227 Thread 0x00000202b50966a0 Unloading class 0x00000202b82bac00 'java/lang/invoke/LambdaForm$MH+0x00000202b82bac00'
Event: 220.227 Thread 0x00000202b50966a0 Unloading class 0x00000202b82ba800 'java/lang/invoke/LambdaForm$MH+0x00000202b82ba800'
Event: 220.227 Thread 0x00000202b50966a0 Unloading class 0x00000202b82ba000 'java/lang/invoke/LambdaForm$DMH+0x00000202b82ba000'
Event: 220.227 Thread 0x00000202b50966a0 Unloading class 0x00000202b82b9c00 'java/lang/invoke/LambdaForm$DMH+0x00000202b82b9c00'
Event: 220.227 Thread 0x00000202b50966a0 Unloading class 0x00000202b82b9000 'java/lang/invoke/LambdaForm$DMH+0x00000202b82b9000'

Classes redefined (0 events):
No events

Internal exceptions (20 events):
Event: 219.007 Thread 0x000002028963b7f0 Exception <a 'sun/nio/fs/WindowsException'{0x00000007fbeb0e38}> (0x00000007fbeb0e38) 
thrown [s\src\hotspot\share\prims\jni.cpp, line 516]
Event: 219.010 Thread 0x000002028963b7f0 Exception <a 'sun/nio/fs/WindowsException'{0x00000007fba2e360}> (0x00000007fba2e360) 
thrown [s\src\hotspot\share\prims\jni.cpp, line 516]
Event: 219.014 Thread 0x0000020280e35810 Exception <a 'sun/nio/fs/WindowsException'{0x00000007fbb3e3f8}> (0x00000007fbb3e3f8) 
thrown [s\src\hotspot\share\prims\jni.cpp, line 516]
Event: 219.017 Thread 0x000002028963b7f0 Exception <a 'sun/nio/fs/WindowsException'{0x00000007fb8ef0e0}> (0x00000007fb8ef0e0) 
thrown [s\src\hotspot\share\prims\jni.cpp, line 516]
Event: 219.019 Thread 0x0000020280e35810 Exception <a 'sun/nio/fs/WindowsException'{0x00000007fb917f08}> (0x00000007fb917f08) 
thrown [s\src\hotspot\share\prims\jni.cpp, line 516]
Event: 219.022 Thread 0x000002028963b7f0 Exception <a 'sun/nio/fs/WindowsException'{0x00000007fb64c110}> (0x00000007fb64c110) 
thrown [s\src\hotspot\share\prims\jni.cpp, line 516]
Event: 219.206 Thread 0x0000020318b38970 Exception <a 'sun/nio/fs/WindowsException'{0x00000007fb7528e0}> (0x00000007fb7528e0) 
thrown [s\src\hotspot\share\prims\jni.cpp, line 516]
Event: 219.267 Thread 0x0000020318b38970 Exception <a 'sun/nio/fs/WindowsException'{0x00000007fce4f4d0}> (0x00000007fce4f4d0) 
thrown [s\src\hotspot\share\prims\jni.cpp, line 516]
Event: 219.365 Thread 0x0000020280e35810 Exception <a 'sun/nio/fs/WindowsException'{0x00000007fd3b2670}> (0x00000007fd3b2670) 
thrown [s\src\hotspot\share\prims\jni.cpp, line 516]
Event: 219.520 Thread 0x0000020280e35810 Exception <a 'sun/nio/fs/WindowsException'{0x00000007fd53b2d8}> (0x00000007fd53b2d8) 
thrown [s\src\hotspot\share\prims\jni.cpp, line 516]
Event: 219.610 Thread 0x0000020280e35810 Exception <a 'sun/nio/fs/WindowsException'{0x00000007fea31698}> (0x00000007fea31698) 
thrown [s\src\hotspot\share\prims\jni.cpp, line 516]
Event: 219.659 Thread 0x0000020318b38970 Exception <a 'sun/nio/fs/WindowsException'{0x00000007fd7709e8}> (0x00000007fd7709e8) 
thrown [s\src\hotspot\share\prims\jni.cpp, line 516]
Event: 219.669 Thread 0x0000020280e35810 Exception <a 'sun/nio/fs/WindowsException'{0x00000007fbb2df80}> (0x00000007fbb2df80) 
thrown [s\src\hotspot\share\prims\jni.cpp, line 516]
Event: 219.698 Thread 0x0000020318b38970 Exception <a 'sun/nio/fs/WindowsException'{0x00000007fb509248}> (0x00000007fb509248) 
thrown [s\src\hotspot\share\prims\jni.cpp, line 516]
Event: 219.834 Thread 0x0000020280e35810 Exception <a 'sun/nio/fs/WindowsException'{0x00000007fff8a7c8}> (0x00000007fff8a7c8) 
thrown [s\src\hotspot\share\prims\jni.cpp, line 516]
Event: 219.869 Thread 0x0000020318b38970 Exception <a 'sun/nio/fs/WindowsException'{0x00000007ffead070}> (0x00000007ffead070) 
thrown [s\src\hotspot\share\prims\jni.cpp, line 516]
Event: 220.018 Thread 0x0000020280e35810 Exception <a 'sun/nio/fs/WindowsException'{0x00000007ffe49280}> (0x00000007ffe49280) 
thrown [s\src\hotspot\share\prims\jni.cpp, line 516]
Event: 220.067 Thread 0x0000020318b38970 Exception <a 'sun/nio/fs/WindowsException'{0x00000007ffe57890}> (0x00000007ffe57890) 
thrown [s\src\hotspot\share\prims\jni.cpp, line 516]
Event: 220.202 Thread 0x0000020318b38970 Exception <a 'sun/nio/fs/WindowsException'{0x00000007ff5eb338}> (0x00000007ff5eb338) 
thrown [s\src\hotspot\share\prims\jni.cpp, line 516]
Event: 220.215 Thread 0x0000020318b38970 Exception <a 'sun/nio/fs/WindowsException'{0x00000007fe2c84e8}> (0x00000007fe2c84e8) 
thrown [s\src\hotspot\share\prims\jni.cpp, line 516]

VM Operations (20 events):
Event: 219.235 Executing VM operation: G1CollectForAllocation done
Event: 219.296 Executing VM operation: G1CollectForAllocation
Event: 219.301 Executing VM operation: G1CollectForAllocation done
Event: 219.383 Executing VM operation: G1CollectForAllocation
Event: 219.394 Executing VM operation: G1CollectForAllocation done
Event: 219.474 Executing VM operation: G1CollectForAllocation
Event: 219.483 Executing VM operation: G1CollectForAllocation done
Event: 219.567 Executing VM operation: G1CollectForAllocation
Event: 219.576 Executing VM operation: G1CollectForAllocation done
Event: 219.697 Executing VM operation: G1CollectForAllocation
Event: 219.703 Executing VM operation: G1CollectForAllocation done
Event: 219.851 Executing VM operation: G1CollectForAllocation
Event: 219.859 Executing VM operation: G1CollectForAllocation done
Event: 219.959 Executing VM operation: G1CollectForAllocation
Event: 219.971 Executing VM operation: G1CollectForAllocation done
Event: 220.053 Executing VM operation: G1CollectForAllocation
Event: 220.068 Executing VM operation: G1CollectForAllocation done
Event: 220.173 Executing VM operation: G1CollectForAllocation
Event: 220.185 Executing VM operation: G1CollectForAllocation done
Event: 220.218 Executing VM operation: G1PauseRemark

Events (20 events):
Event: 213.911 Thread 0x00000202b50d1230 flushing nmethod 0x000002029c517d90
Event: 213.911 Thread 0x00000202b50d1230 flushing nmethod 0x000002029c518190
Event: 213.911 Thread 0x00000202b50d1230 flushing nmethod 0x000002029c518910
Event: 213.911 Thread 0x00000202b50d1230 flushing nmethod 0x000002029c529210
Event: 213.911 Thread 0x00000202b50d1230 flushing nmethod 0x000002029c529590
Event: 213.911 Thread 0x00000202b50d1230 flushing nmethod 0x000002029c52ed90
Event: 213.911 Thread 0x00000202b50d1230 flushing nmethod 0x000002029c52fc90
Event: 213.911 Thread 0x00000202b50d1230 flushing nmethod 0x000002029c530610
Event: 213.911 Thread 0x00000202b50d1230 flushing nmethod 0x000002029c537c10
Event: 213.911 Thread 0x00000202b50d1230 flushing nmethod 0x000002029c544d90
Event: 213.911 Thread 0x00000202b50d1230 flushing nmethod 0x000002029c549a10
Event: 213.911 Thread 0x00000202b50d1230 flushing nmethod 0x000002029c560d10
Event: 213.911 Thread 0x00000202b50d1230 flushing nmethod 0x000002029c57b490
Event: 213.911 Thread 0x00000202b50d1230 flushing nmethod 0x000002029c5a3210
Event: 213.911 Thread 0x00000202b50d1230 flushing nmethod 0x000002029c5a4f90
Event: 213.911 Thread 0x00000202b50d1230 flushing nmethod 0x000002029c5f4890
Event: 213.911 Thread 0x00000202b50d1230 flushing nmethod 0x000002029c675090
Event: 213.911 Thread 0x00000202b50d1230 flushing nmethod 0x000002029c695990
Event: 213.912 Thread 0x00000202b50d1230 flushing nmethod 0x000002029c701f10
Event: 213.912 Thread 0x00000202b50d1230 flushing nmethod 0x000002029c717890


Dynamic libraries:
0x00007ff693fd0000 - 0x00007ff693fde000 	C:\Program Files\Pylo\MCreator\jdk\bin\java.exe
0x00007ffb7b7d0000 - 0x00007ffb7b9c8000 	C:\windows\SYSTEM32\ntdll.dll
0x00007ffb79a60000 - 0x00007ffb79b22000 	C:\windows\System32\KERNEL32.DLL
0x00007ffb78f10000 - 0x00007ffb7920f000 	C:\windows\System32\KERNELBASE.dll
0x00007ffb79330000 - 0x00007ffb79430000 	C:\windows\System32\ucrtbase.dll
0x00007ffb6d5f0000 - 0x00007ffb6d60b000 	C:\Program Files\Pylo\MCreator\jdk\bin\VCRUNTIME140.dll
0x00007ffb687f0000 - 0x00007ffb68807000 	C:\Program Files\Pylo\MCreator\jdk\bin\jli.dll
0x00007ffb6a440000 - 0x00007ffb6a6da000 	C:\windows\WinSxS\amd64_microsoft.windows.common-controls_6595b64144ccf1df_6.0.19041.4355_none_60b8b9eb71f62e16\COMCTL32.dll
0x00007ffb798a0000 - 0x00007ffb79a3d000 	C:\windows\System32\USER32.dll
0x00007ffb78e70000 - 0x00007ffb78e92000 	C:\windows\System32\win32u.dll
0x00007ffb7b140000 - 0x00007ffb7b1de000 	C:\windows\System32\msvcrt.dll
0x00007ffb7b700000 - 0x00007ffb7b72b000 	C:\windows\System32\GDI32.dll
0x00007ffb79210000 - 0x00007ffb7932a000 	C:\windows\System32\gdi32full.dll
0x00007ffb794b0000 - 0x00007ffb7954d000 	C:\windows\System32\msvcp_win.dll
0x00007ffb7a200000 - 0x00007ffb7a22f000 	C:\windows\System32\IMM32.DLL
0x00007ffb6d5e0000 - 0x00007ffb6d5ec000 	C:\Program Files\Pylo\MCreator\jdk\bin\vcruntime140_1.dll
0x00007ffb4ede0000 - 0x00007ffb4ee6d000 	C:\Program Files\Pylo\MCreator\jdk\bin\msvcp140.dll
0x00007ffab4ff0000 - 0x00007ffab5c52000 	C:\Program Files\Pylo\MCreator\jdk\bin\server\jvm.dll
0x00007ffb79c60000 - 0x00007ffb79d0f000 	C:\windows\System32\ADVAPI32.dll
0x00007ffb7b660000 - 0x00007ffb7b6ff000 	C:\windows\System32\sechost.dll
0x00007ffb79d70000 - 0x00007ffb79e93000 	C:\windows\System32\RPCRT4.dll
0x00007ffb79430000 - 0x00007ffb79457000 	C:\windows\System32\bcrypt.dll
0x00007ffb78400000 - 0x00007ffb7844b000 	C:\windows\SYSTEM32\POWRPROF.dll
0x00007ffb69090000 - 0x00007ffb69099000 	C:\windows\SYSTEM32\WSOCK32.dll
0x00007ffb7aeb0000 - 0x00007ffb7af1b000 	C:\windows\System32\WS2_32.dll
0x00007ffb6a390000 - 0x00007ffb6a3b7000 	C:\windows\SYSTEM32\WINMM.dll
0x00007ffb706c0000 - 0x00007ffb706ca000 	C:\windows\SYSTEM32\VERSION.dll
0x00007ffb78270000 - 0x00007ffb78282000 	C:\windows\SYSTEM32\UMPDC.dll
0x00007ffb77690000 - 0x00007ffb776a2000 	C:\windows\SYSTEM32\kernel.appcore.dll
0x00007ffb68770000 - 0x00007ffb6877a000 	C:\Program Files\Pylo\MCreator\jdk\bin\jimage.dll
0x00007ffb76a30000 - 0x00007ffb76c14000 	C:\windows\SYSTEM32\DBGHELP.DLL
0x00007ffb69040000 - 0x00007ffb69074000 	C:\windows\SYSTEM32\dbgcore.DLL
0x00007ffb79600000 - 0x00007ffb79682000 	C:\windows\System32\bcryptPrimitives.dll
0x00007ffb68740000 - 0x00007ffb68765000 	C:\Program Files\Pylo\MCreator\jdk\bin\java.dll
0x00007ffb4e780000 - 0x00007ffb4e857000 	C:\Program Files\Pylo\MCreator\jdk\bin\jsvml.dll
0x00007ffb7a520000 - 0x00007ffb7ac8d000 	C:\windows\System32\SHELL32.dll
0x00007ffb76e40000 - 0x00007ffb775e4000 	C:\windows\SYSTEM32\windows.storage.dll
0x00007ffb79ea0000 - 0x00007ffb7a1f5000 	C:\windows\System32\combase.dll
0x00007ffb788a0000 - 0x00007ffb788cf000 	C:\windows\SYSTEM32\Wldp.dll
0x00007ffb79b30000 - 0x00007ffb79bfd000 	C:\windows\System32\OLEAUT32.dll
0x00007ffb797f0000 - 0x00007ffb7989d000 	C:\windows\System32\SHCORE.dll
0x00007ffb7b0e0000 - 0x00007ffb7b135000 	C:\windows\System32\shlwapi.dll
0x00007ffb78da0000 - 0x00007ffb78dc4000 	C:\windows\SYSTEM32\profapi.dll
0x00007ffb68720000 - 0x00007ffb68739000 	C:\Program Files\Pylo\MCreator\jdk\bin\net.dll
0x00007ffb716a0000 - 0x00007ffb717aa000 	C:\windows\SYSTEM32\WINHTTP.dll
0x00007ffb78600000 - 0x00007ffb7866c000 	C:\windows\system32\mswsock.dll
0x00007ffb68700000 - 0x00007ffb68716000 	C:\Program Files\Pylo\MCreator\jdk\bin\nio.dll
0x00007ffb67950000 - 0x00007ffb67968000 	C:\Program Files\Pylo\MCreator\jdk\bin\zip.dll
0x00007ffb51870000 - 0x00007ffb51880000 	C:\Program Files\Pylo\MCreator\jdk\bin\verify.dll
0x00007ffb67940000 - 0x00007ffb67949000 	C:\Program Files\Pylo\MCreator\jdk\bin\management.dll
0x00007ffb67920000 - 0x00007ffb6792b000 	C:\Program Files\Pylo\MCreator\jdk\bin\management_ext.dll
0x00007ffb79a40000 - 0x00007ffb79a48000 	C:\windows\System32\PSAPI.DLL
0x00007ffb02630000 - 0x00007ffb02647000 	C:\windows\system32\napinsp.dll
0x00007ffb02610000 - 0x00007ffb0262b000 	C:\windows\system32\pnrpnsp.dll
0x00007ffb718b0000 - 0x00007ffb718c5000 	C:\windows\system32\wshbth.dll
0x00007ffb71670000 - 0x00007ffb7168d000 	C:\windows\system32\NLAapi.dll
0x00007ffb78290000 - 0x00007ffb782cb000 	C:\windows\SYSTEM32\IPHLPAPI.DLL
0x00007ffb782e0000 - 0x00007ffb783aa000 	C:\windows\SYSTEM32\DNSAPI.dll
0x00007ffb79a50000 - 0x00007ffb79a58000 	C:\windows\System32\NSI.dll
0x00007ffb025f0000 - 0x00007ffb02602000 	C:\windows\System32\winrnr.dll
0x00007ffb70440000 - 0x00007ffb7044a000 	C:\Windows\System32\rasadhlp.dll
0x00007ffb6e770000 - 0x00007ffb6e7f0000 	C:\windows\System32\fwpuclnt.dll
0x00007ffaf6a70000 - 0x00007ffaf6ae5000 	C:\Users\anime\AppData\Local\Temp\lwjglanime\3.3.1-build-7\lwjgl.dll
0x00007ffaf4c20000 - 0x00007ffaf4c81000 	C:\Users\anime\AppData\Local\Temp\lwjglanime\3.3.1-build-7\glfw.dll
0x00007ffb0acd0000 - 0x00007ffb0ad15000 	C:\windows\SYSTEM32\dinput8.dll
0x00007ffb711a0000 - 0x00007ffb711b1000 	C:\windows\SYSTEM32\xinput1_4.dll
0x00007ffb79460000 - 0x00007ffb794ae000 	C:\windows\System32\cfgmgr32.dll
0x00007ffb78c00000 - 0x00007ffb78c33000 	C:\windows\SYSTEM32\DEVOBJ.dll
0x00007ffb762b0000 - 0x00007ffb762df000 	C:\windows\SYSTEM32\dwmapi.dll
0x00007ffb728b0000 - 0x00007ffb7294e000 	C:\windows\system32\uxtheme.dll
0x00007ffb7ac90000 - 0x00007ffb7ada5000 	C:\windows\System32\MSCTF.dll
0x00007ffb56a50000 - 0x00007ffb56ba2000 	C:\windows\SYSTEM32\inputhost.dll
0x00007ffb70180000 - 0x00007ffb70272000 	C:\windows\SYSTEM32\CoreMessaging.dll
0x00007ffb71dd0000 - 0x00007ffb71ec6000 	C:\windows\SYSTEM32\PROPSYS.dll
0x00007ffb718d0000 - 0x00007ffb71a27000 	C:\windows\SYSTEM32\wintypes.dll
0x00007ffb6faa0000 - 0x00007ffb6fdfb000 	C:\windows\SYSTEM32\CoreUIComponents.dll
0x00007ffb78100000 - 0x00007ffb78133000 	C:\windows\SYSTEM32\ntmarta.dll
0x00007ffb525c0000 - 0x00007ffb526e8000 	C:\windows\SYSTEM32\opengl32.dll
0x00007ffb52590000 - 0x00007ffb525bc000 	C:\windows\SYSTEM32\GLU32.dll
0x00007ffb7a230000 - 0x00007ffb7a2d9000 	C:\windows\System32\clbcatq.dll
0x00007ffadeb20000 - 0x00007ffae17b7000 	C:\windows\System32\DriverStore\FileRepository\nvinig.inf_amd64_d1b1c3390c3c0e52\nvoglv64.dll
0x00007ffb7b1e0000 - 0x00007ffb7b651000 	C:\windows\System32\SETUPAPI.dll
0x00007ffb7afb0000 - 0x00007ffb7b0db000 	C:\windows\System32\ole32.dll
0x00007ffb706a0000 - 0x00007ffb706b4000 	C:\windows\SYSTEM32\WTSAPI32.dll
0x00007ffb78a30000 - 0x00007ffb78a42000 	C:\windows\SYSTEM32\msasn1.dll
0x00007ffb6c1c0000 - 0x00007ffb6c1f1000 	C:\windows\SYSTEM32\cryptnet.dll
0x00007ffb79690000 - 0x00007ffb797ec000 	C:\windows\System32\CRYPT32.dll
0x00007ffb6bd20000 - 0x00007ffb6be67000 	C:\windows\SYSTEM32\drvstore.dll
0x00007ffb787f0000 - 0x00007ffb787fc000 	C:\windows\SYSTEM32\cryptbase.dll
0x00007ffb78ea0000 - 0x00007ffb78f09000 	C:\windows\System32\WINTRUST.dll
0x00007ffb7adb0000 - 0x00007ffb7adcd000 	C:\windows\System32\imagehlp.dll
0x00007ffb78800000 - 0x00007ffb78818000 	C:\windows\SYSTEM32\CRYPTSP.dll
0x00007ffb77eb0000 - 0x00007ffb77ee4000 	C:\windows\system32\rsaenh.dll
0x00007ffb776b0000 - 0x00007ffb776d3000 	C:\windows\SYSTEM32\gpapi.dll
0x00007ffb633b0000 - 0x00007ffb655cd000 	C:\windows\System32\DriverStore\FileRepository\nvinig.inf_amd64_d1b1c3390c3c0e52\nvgpucomp64.dll
0x00007ffb697e0000 - 0x00007ffb6981b000 	C:\windows\SYSTEM32\dxcore.dll
0x00007ffaf8d90000 - 0x00007ffaf9060000 	C:\windows\system32\nvspcap64.dll
0x00007ffb77b30000 - 0x00007ffb77b8b000 	C:\windows\SYSTEM32\WINSTA.dll
0x00007ffae44a0000 - 0x00007ffae46f9000 	C:\Users\anime\AppData\Local\Temp\lwjglanime\3.3.1-build-7\jemalloc.dll
0x00007ffaf4b90000 - 0x00007ffaf4c11000 	C:\Users\anime\AppData\Local\Temp\lwjglanime\3.3.1-build-7\lwjgl_stb.dll
0x00007ffb57330000 - 0x00007ffb57429000 	C:\windows\SYSTEM32\textinputframework.dll
0x00007ffb67e20000 - 0x00007ffb67e86000 	C:\windows\system32\Oleacc.dll
0x00007ffaf4a80000 - 0x00007ffaf4add000 	C:\Users\anime\AppData\Local\Temp\lwjglanime\3.3.1-build-7\lwjgl_opengl.dll
0x00007ffb51e50000 - 0x00007ffb51ea1000 	C:\windows\SYSTEM32\pdh.dll
0x00007ffb681a0000 - 0x00007ffb681af000 	C:\windows\System32\perfproc.dll
0x00007ffb54060000 - 0x00007ffb5406f000 	C:\windows\System32\perfos.dll
0x00007ffb78d60000 - 0x00007ffb78d8e000 	C:\windows\SYSTEM32\USERENV.dll
0x00007ffb70680000 - 0x00007ffb70697000 	C:\windows\SYSTEM32\dhcpcsvc6.DLL
0x00007ffb70800000 - 0x00007ffb7081d000 	C:\windows\SYSTEM32\dhcpcsvc.DLL
0x00007ffad4310000 - 0x00007ffad4350000 	C:\Users\anime\AppData\Local\Temp\jna-92962932\jna17225135761618086064.dll
0x00007ffb67240000 - 0x00007ffb6725f000 	C:\windows\SYSTEM32\amsi.dll
0x00007ffb671b0000 - 0x00007ffb67233000 	C:\ProgramData\Microsoft\Windows Defender\Platform\4.18.24090.11-0\MpOav.dll
0x00007ffb4ed10000 - 0x00007ffb4ed1e000 	C:\Program Files\Pylo\MCreator\jdk\bin\sunmscapi.dll
0x00007ffb78910000 - 0x00007ffb78937000 	C:\windows\SYSTEM32\ncrypt.dll
0x00007ffb788d0000 - 0x00007ffb7890b000 	C:\windows\SYSTEM32\NTASN1.dll
0x00007ffb4ed00000 - 0x00007ffb4ed09000 	C:\Program Files\Pylo\MCreator\jdk\bin\extnet.dll
0x00007ffb6cee0000 - 0x00007ffb6cf8e000 	C:\windows\SYSTEM32\mscms.dll
0x00007ffb6cec0000 - 0x00007ffb6ced1000 	C:\windows\SYSTEM32\ColorAdapterClient.dll
0x00007ffb02f70000 - 0x00007ffb02fb5000 	C:\windows\SYSTEM32\icm32.dll
0x00007ffad3470000 - 0x00007ffad3607000 	C:\Users\anime\AppData\Local\Temp\lwjglanime\3.3.1-build-7\OpenAL.dll
0x00007ffb6b010000 - 0x00007ffb6b099000 	C:\windows\System32\MMDevApi.dll
0x00007ffac7d90000 - 0x00007ffac7f1e000 	C:\windows\System32\Speech\Common\sapi.dll
0x00007ffaf86b0000 - 0x00007ffaf86ce000 	C:\windows\SYSTEM32\MSACM32.dll
0x00007ffafaf20000 - 0x00007ffafaf2b000 	C:\windows\SYSTEM32\msdmo.dll
0x00007ffb4d0e0000 - 0x00007ffb4d106000 	C:\windows\SYSTEM32\winmmbase.dll
0x00007ffb71010000 - 0x00007ffb71017000 	C:\windows\system32\wshunix.dll
0x00007ffb6ac80000 - 0x00007ffb6ae01000 	C:\windows\SYSTEM32\AUDIOSES.DLL
0x00007ffb76290000 - 0x00007ffb762a4000 	C:\windows\SYSTEM32\resourcepolicyclient.dll

dbghelp: loaded successfully - version: 4.0.5 - missing functions: none
symbol engine: initialized successfully - sym options: 0x614 - pdb path: .;C:\Program Files\Pylo\MCreator\jdk\bin;C:\windows\SYSTEM32;C:\windows\WinSxS\amd64_microsoft.windows.common-controls_6595b64144ccf1df_6.0.19041.4355_none_60b8b9eb71f62e16;C:\Program Files\Pylo\MCreator\jdk\bin\server;C:\Users\anime\AppData\Local\Temp\lwjglanime\3.3.1-build-7;C:\windows\System32\DriverStore\FileRepository\nvinig.inf_amd64_d1b1c3390c3c0e52;C:\Users\anime\AppData\Local\Temp\jna-92962932;C:\ProgramData\Microsoft\Windows Defender\Platform\4.18.24090.11-0;C:\windows\System32\Speech\Common

VM Arguments:
jvm_args: -Dforge.enableGameTest=true -Dforge.logging.console.level=debug -Dforge.logging.markers=REGISTRIES -DignoreList=bootstraplauncher,securejarhandler,asm-commons,asm-util,asm-analysis,asm-tree,asm,JarJarFileSystems,client-extra,fmlcore,javafmllanguage,lowcodelanguage,mclanguage,forge- -Djava.net.preferIPv6Addresses=system -DlegacyClassPath.file=C:\Users\anime\MCreatorWorkspaces\simplenukes\build\classpath\runClient_minecraftClasspath.txt -DmergeModules=jna-5.10.0.jar,jna-platform-5.10.0.jar --module-path=C:\Users\anime\.mcreator\gradle\caches\modules-2\files-2.1\cpw.mods\bootstraplauncher\1.1.2\c546e00443d8432cda6baa1c860346980742628\bootstraplauncher-1.1.2.jar;C:\Users\anime\.mcreator\gradle\caches\modules-2\files-2.1\cpw.mods\securejarhandler\2.1.10\51e6a22c6c716beb11e244bf5b8be480f51dd6b5\securejarhandler-2.1.10.jar;C:\Users\anime\.mcreator\gradle\caches\modules-2\files-2.1\org.ow2.asm\asm-commons\9.5\19ab5b5800a3910d30d3a3e64fdb00fd0cb42de0\asm-commons-9.5.jar;C:\Users\anime\.mcreator\gradle\caches\modules-2\files-2.1\org.ow2.asm\asm-util\9.5\64b5a1fc8c1b15ed2efd6a063e976bc8d3dc5ffe\asm-util-9.5.jar;C:\Users\anime\.mcreator\gradle\caches\modules-2\files-2.1\org.ow2.asm\asm-analysis\9.5\490bacc77de7cbc0be1a30bb3471072d705be4a4\asm-analysis-9.5.jar;C:\Users\anime\.mcreator\gradle\caches\modules-2\files-2.1\org.ow2.asm\asm-tree\9.5\fd33c8b6373abaa675be407082fdfda35021254a\asm-tree-9.5.jar;C:\Users\anime\.mcreator\gradle\caches\modules-2\files-2.1\org.ow2.asm\asm\9.5\dc6ea1875f4d64fbc85e1691c95b96a3d8569c90\asm-9.5.jar;C:\Users\anime\.mcreator\gradle\caches\modules-2\files-2.1\net.minecraftforge\JarJarFileSystems\0.3.19\2464eb7d6b9ddb9db36a82cf8a95193e5c6fe020\JarJarFileSystems-0.3.19.jar --add-modules=ALL-MODULE-PATH --add-opens=java.base/java.util.jar=cpw.mods.securejarhandler --add-opens=java.base/java.lang.invoke=cpw.mods.securejarhandler --add-exports=java.base/sun.security.util=cpw.mods.securejarhandler --add-exports=jdk.naming.dns/com.sun.jndi.dns=java.naming -XX:HeapDumpPath=MojangTricksIntelDriversForPerformance_javaw.exe_minecraft.exe.heapdump -Dfile.encoding=UTF-8 -Duser.country=US -Duser.language=en -Duser.variant 
java_command: cpw.mods.bootstraplauncher.BootstrapLauncher --launchTarget forgeclientuserdev --version MOD_DEV --assetIndex 5 --assetsDir C:\Users\anime\.mcreator\gradle\caches\forge_gradle\assets --gameDir . --fml.forgeVersion 47.2.0 --fml.mcVersion 1.20.1 --fml.forgeGroup net.minecraftforge --fml.mcpVersion 20230612.114412
java_class_path (initial): C:\Users\anime\MCreatorWorkspaces\simplenukes\build\classes\java\main;C:\Users\anime\MCreatorWorkspaces\simplenukes\build\resources\main;C:\Users\anime\.mcreator\gradle\caches\forge_gradle\minecraft_user_repo\net\minecraftforge\forge\1.20.1-47.2.0_mapped_official_1.20.1\forge-1.20.1-47.2.0_mapped_official_1.20.1-recomp.jar;C:\Users\anime\.mcreator\gradle\caches\forge_gradle\minecraft_repo\versions\1.20.1\client-extra.jar;C:\Users\anime\.mcreator\gradle\caches\modules-2\files-2.1\net.minecraftforge\fmlearlydisplay\1.20.1-47.2.0\4c56a03dcedcb909c7eaa8469dd5a36c493a0008\fmlearlydisplay-1.20.1-47.2.0.jar;C:\Users\anime\.mcreator\gradle\caches\modules-2\files-2.1\net.minecraftforge\javafmllanguage\1.20.1-47.2.0\7f9181f85acc66547685a72020713fc8cbde98\javafmllanguage-1.20.1-47.2.0.jar;C:\Users\anime\.mcreator\gradle\caches\modules-2\files-2.1\net.minecraftforge\lowcodelanguage\1.20.1-47.2.0\7872f5205685fdd26fae39b1be79b0e60ca5b7bd\lowcodelanguage-1.20.1-47.2.0.jar;C:\Users\anime\.mcreator\gradle\caches\modules-2\files-2.1\net.minecraftforge\mclanguage\1.20.1-47.2.0\d501d161cabed08b3c139a2c6217b02a39f3c3e9\mclanguage-1.20.1-47.2.0.jar;C:\Users\anime\.mcreator\gradle\caches\modules-2\files-2.1\net.minecraftforge\fmlcore\1.20.1-47.2.0\ffd3c6debac0a388c9e33ac43c9f5eafb91cb466\fmlcore-1.20.1-47.2.0.jar;C:\Users\anime\.mcreator\gradle\caches\modules-2\files-2.1\net.minecraftforge\fmlloader\1.20.1-47.2.0\7811231940c0a8b6008453bbc64fdf7fa1280fe9\fmlloader-1.20.1-47.2.0.jar;C:\Users\anime\.mcreator\gradle\caches\modules-2\files-2.1\net.minecraftforge\JarJarSelector\0.3.19\376cc9c8ea60720cf027c01fc033de915699801c\JarJarSelector-0.3.19.jar;C:\Users\anime\.mcreator\gradle\caches\modules-2\files-2.1\net.minecraftforge\JarJarMetadata\0.3.19\83feaa9b770e6ac0e96ee4fc23fa89325c5fe2\JarJarMetadata-0.3.19.jar;C:\Users\anime\.mcreator\gradle\caches\modules-2\files-2.1\com.google.guava\guava\31.1-jre\60458f877d055d0c9114d9e1a2efb737b4bc282c\guava-31.1-jre.jar;C:\Us
Launcher Type: SUN_STANDARD

[Global flags]
     intx CICompilerCount                          = 4                                         {product} {ergonomic}
     uint ConcGCThreads                            = 2                                         {product} {ergonomic}
     uint G1ConcRefinementThreads                  = 8                                         {product} {ergonomic}
   size_t G1HeapRegionSize                         = 2097152                                   {product} {ergonomic}
    uintx GCDrainStackTargetSize                   = 64                                        {product} {ergonomic}
    ccstr HeapDumpPath                             = MojangTricksIntelDriversForPerformance_javaw.exe_minecraft.exe.heapdump         {manageable} {command line}
   size_t InitialHeapSize                          = 264241152                                 {product} {ergonomic}
   size_t MarkStackSize                            = 4194304                                   {product} {ergonomic}
   size_t MaxHeapSize                              = 4208984064                                {product} {ergonomic}
   size_t MaxNewSize                               = 2524971008                                {product} {ergonomic}
   size_t MinHeapDeltaBytes                        = 2097152                                   {product} {ergonomic}
   size_t MinHeapSize                              = 8388608                                   {product} {ergonomic}
    uintx NonNMethodCodeHeapSize                   = 5839372                                {pd product} {ergonomic}
    uintx NonProfiledCodeHeapSize                  = 122909434                              {pd product} {ergonomic}
    uintx ProfiledCodeHeapSize                     = 122909434                              {pd product} {ergonomic}
    uintx ReservedCodeCacheSize                    = 251658240                              {pd product} {ergonomic}
     bool SegmentedCodeCache                       = true                                      {product} {ergonomic}
   size_t SoftMaxHeapSize                          = 4208984064                             {manageable} {ergonomic}
     bool UseCompressedClassPointers               = true                           {product lp64_product} {ergonomic}
     bool UseCompressedOops                        = true                           {product lp64_product} {ergonomic}
     bool UseG1GC                                  = true                                      {product} {ergonomic}
     bool UseLargePagesIndividualAllocation        = false                                  {pd product} {ergonomic}

Logging:
Log output configuration:
 #0: stdout all=warning uptime,level,tags
 #1: stderr all=off uptime,level,tags

Environment Variables:
JAVA_HOME=C:\Program Files\Pylo\MCreator\jdk
PATH=C:\Program Files (x86)\Razer Chroma SDK\bin;C:\Program Files\Razer Chroma SDK\bin;C:\Program Files (x86)\Razer\ChromaBroadcast\bin;C:\Program Files\Razer\ChromaBroadcast\bin;C:\Program Files\Common Files\Oracle\Java\javapath;C:\Windows\system32;C:\Windows;C:\Windows\System32\Wbem;C:\Windows\System32\WindowsPowerShell\v1.0\;C:\Windows\System32\OpenSSH\;C:\Program Files (x86)\NVIDIA Corporation\PhysX\Common;C:\Program Files\NVIDIA Corporation\NVIDIA NvDLISR;C:\windows\system32\config\systemprofile\AppData\Local\Microsoft\WindowsApps;C:\Program Files\dotnet\;C:\Users\anime\AppData\Local\Programs\Python\Python311\Scripts\;C:\Users\anime\AppData\Local\Programs\Python\Python311\;C:\Users\anime\AppData\Local\Microsoft\WindowsApps;C:\Users\anime\AppData\Local\Programs\Microsoft VS Code\bin;C:\Users\anime\AppData\Local\Programs\Python\Python311\Scripts\;C:\Users\anime\AppData\Local\Programs\Python\Python311\;C:\Users\anime\AppData\Local\Microsoft\WindowsApps;;C:\Users\anime\AppData\Local\Programs\Microsoft VS Code\bin;C:\Program Files\Pylo\MCreator\jdk\bin
USERNAME=anime
OS=Windows_NT
PROCESSOR_IDENTIFIER=Intel64 Family 6 Model 140 Stepping 1, GenuineIntel
TMP=C:\Users\anime\AppData\Local\Temp
TEMP=C:\Users\anime\AppData\Local\Temp



Periodic native trim disabled


---------------  S Y S T E M  ---------------

OS:
 Windows 10 , 64 bit Build 19041 (10.0.19041.5438)
OS uptime: 0 days 6:34 hours
Hyper-V role detected

CPU: total 8 (initial active 8) (4 cores per cpu, 2 threads per core) family 6 model 140 stepping 1 microcode 0x78, cx8, cmov, fxsr, ht, mmx, 3dnowpref, sse, sse2, sse3, ssse3, sse4.1, sse4.2, popcnt, lzcnt, tsc, tscinvbit, avx, avx2, aes, erms, clmul, bmi1, bmi2, adx, avx512f, avx512dq, avx512cd, avx512bw, avx512vl, sha, fma, vzeroupper, avx512_vpopcntdq, avx512_vpclmulqdq, avx512_vaes, avx512_vnni, clflush, clflushopt, clwb, avx512_vbmi2, avx512_vbmi, hv
Processor Information for all 8 processors :
  Max Mhz: 2803, Current Mhz: 2803, Mhz Limit: 2803

Memory: 4k page, system-wide physical 16050M (653M free)
TotalPageFile size 34319M (AvailPageFile size 217M)
current process WorkingSet (physical memory assigned to process): 2969M, peak: 2969M
current process commit charge ("private bytes"): 4740M, peak: 5428M

vm_info: OpenJDK 64-Bit Server VM (17.0.10+7) for windows-amd64 JRE (17.0.10+7), built on Jan 16 2024 23:25:11 by "admin" with MS VC++ 16.10 / 16.11 (VS2019)

END.
