#
# There is insufficient memory for the Java Runtime Environment to continue.
# Native memory allocation (mmap) failed to map 140509184 bytes for G1 virtual space
# Possible reasons:
#   The system is out of physical RAM or swap space
#   The process is running with CompressedOops enabled, and the Java Heap may be blocking the growth of the native heap
# Possible solutions:
#   Reduce memory load on the system
#   Increase physical memory or swap space
#   Check if swap backing store is full
#   Decrease Java heap size (-Xmx/-Xms)
#   Decrease number of Java threads
#   Decrease Java thread stack sizes (-Xss)
#   Set larger code cache with -XX:ReservedCodeCacheSize=
#   JVM is running with Zero Based Compressed Oops mode in which the Java heap is
#     placed in the first 32GB address space. The Java Heap base address is the
#     maximum limit for the native heap growth. Please use -XX:HeapBaseMinAddress
#     to set the Java Heap base and to place the Java Heap above 32GB virtual address.
# This output file may be truncated or incomplete.
#
#  Out of Memory Error (os_windows.cpp:3613), pid=21360, tid=24468
#
# JRE version: OpenJDK Runtime Environment Temurin-17.0.10+7 (17.0.10+7) (build 17.0.10+7)
# Java VM: OpenJDK 64-Bit Server VM Temurin-17.0.10+7 (17.0.10+7, mixed mode, sharing, tiered, compressed oops, compressed class ptrs, g1 gc, windows-amd64)
# No core dump will be written. Minidumps are not enabled by default on client versions of Windows
#

---------------  S U M M A R Y ------------

Command Line: -Dforge.enableGameTest=true -Dforge.logging.console.level=debug -Dforge.logging.markers=REGISTRIES -DignoreList=bootstraplauncher,securejarhandler,asm-commons,asm-util,asm-analysis,asm-tree,asm,JarJarFileSystems,client-extra,fmlcore,javafmllanguage,lowcodelanguage,mclanguage,forge- -Djava.net.preferIPv6Addresses=system -DlegacyClassPath.file=C:\Users\anime\MCreatorWorkspaces\simplenukes\build\classpath\runClient_minecraftClasspath.txt -DmergeModules=jna-5.10.0.jar,jna-platform-5.10.0.jar --module-path=C:\Users\anime\.mcreator\gradle\caches\modules-2\files-2.1\cpw.mods\bootstraplauncher\1.1.2\c546e00443d8432cda6baa1c860346980742628\bootstraplauncher-1.1.2.jar;C:\Users\anime\.mcreator\gradle\caches\modules-2\files-2.1\cpw.mods\securejarhandler\2.1.10\51e6a22c6c716beb11e244bf5b8be480f51dd6b5\securejarhandler-2.1.10.jar;C:\Users\anime\.mcreator\gradle\caches\modules-2\files-2.1\org.ow2.asm\asm-commons\9.5\19ab5b5800a3910d30d3a3e64fdb00fd0cb42de0\asm-commons-9.5.jar;C:\Users\anime\.mcreator\gradle\caches\modules-2\files-2.1\org.ow2.asm\asm-util\9.5\64b5a1fc8c1b15ed2efd6a063e976bc8d3dc5ffe\asm-util-9.5.jar;C:\Users\anime\.mcreator\gradle\caches\modules-2\files-2.1\org.ow2.asm\asm-analysis\9.5\490bacc77de7cbc0be1a30bb3471072d705be4a4\asm-analysis-9.5.jar;C:\Users\anime\.mcreator\gradle\caches\modules-2\files-2.1\org.ow2.asm\asm-tree\9.5\fd33c8b6373abaa675be407082fdfda35021254a\asm-tree-9.5.jar;C:\Users\anime\.mcreator\gradle\caches\modules-2\files-2.1\org.ow2.asm\asm\9.5\dc6ea1875f4d64fbc85e1691c95b96a3d8569c90\asm-9.5.jar;C:\Users\anime\.mcreator\gradle\caches\modules-2\files-2.1\net.minecraftforge\JarJarFileSystems\0.3.19\2464eb7d6b9ddb9db36a82cf8a95193e5c6fe020\JarJarFileSystems-0.3.19.jar --add-modules=ALL-MODULE-PATH --add-opens=java.base/java.util.jar=cpw.mods.securejarhandler --add-opens=java.base/java.lang.invoke=cpw.mods.securejarhandler --add-exports=java.base/sun.security.util=cpw.mods.securejarhandler --add-exports=jdk.naming.dns/com.sun.jndi.dns=java.naming -XX:HeapDumpPath=MojangTricksIntelDriversForPerformance_javaw.exe_minecraft.exe.heapdump -Dfile.encoding=UTF-8 -Duser.country=US -Duser.language=en -Duser.variant cpw.mods.bootstraplauncher.BootstrapLauncher --launchTarget forgeclientuserdev --version MOD_DEV --assetIndex 5 --assetsDir C:\Users\anime\.mcreator\gradle\caches\forge_gradle\assets --gameDir . --fml.forgeVersion 47.2.0 --fml.mcVersion 1.20.1 --fml.forgeGroup net.minecraftforge --fml.mcpVersion 20230612.114412

Host: 11th Gen Intel(R) Core(TM) i7-1165G7 @ 2.80GHz, 8 cores, 15G,  Windows 10 , 64 bit Build 19041 (10.0.19041.5438)
Time: Fri Feb 21 22:43:22 2025 FLE Standard Time elapsed time: 90.567631 seconds (0d 0h 1m 30s)

---------------  T H R E A D  ---------------

Current thread (0x000001da7fa25170):  VMThread "VM Thread" [stack: 0x00000012ad700000,0x00000012ad800000] [id=24468]

Stack: [0x00000012ad700000,0x00000012ad800000]
Native frames: (J=compiled Java code, j=interpreted, Vv=VM code, C=native code)
V  [jvm.dll+0x67d2c9]
V  [jvm.dll+0x834afa]
V  [jvm.dll+0x8365be]
V  [jvm.dll+0x836c23]
V  [jvm.dll+0x2477ff]
V  [jvm.dll+0x67a109]
V  [jvm.dll+0x66eb7a]
V  [jvm.dll+0x30764b]
V  [jvm.dll+0x30eaf6]
V  [jvm.dll+0x35e83e]
V  [jvm.dll+0x35ea6f]
V  [jvm.dll+0x2de248]
V  [jvm.dll+0x2e12c6]
V  [jvm.dll+0x2eb9ba]
V  [jvm.dll+0x31fd00]
V  [jvm.dll+0x83b11b]
V  [jvm.dll+0x83be61]
V  [jvm.dll+0x83c37d]
V  [jvm.dll+0x83c754]
V  [jvm.dll+0x83c820]
V  [jvm.dll+0x7e3fba]
V  [jvm.dll+0x67c1b5]
C  [ucrtbase.dll+0x21bb2]
C  [KERNEL32.DLL+0x17374]
C  [ntdll.dll+0x4cc91]

VM_Operation (0x00000012ad3ff500): G1PauseRemark, mode: safepoint, requested by thread 0x000001da73ce0910


---------------  P R O C E S S  ---------------

Threads class SMR info:
_java_thread_list=0x000001dac1910ca0, length=39, elements={
0x000001da73c657a0, 0x000001da7fa28a30, 0x000001da7fa29300, 0x000001da7fa3f000,
0x000001da7fa3f8d0, 0x000001da7fa421b0, 0x000001da7fa42a80, 0x000001da7fa51e40,
0x000001da7fa52750, 0x000001da7fa53060, 0x000001da7fa0f500, 0x000001da5a34ffe0,
0x000001da6a865c50, 0x000001da6a861f90, 0x000001da6a861a80, 0x000001da6a863df0,
0x000001da6a864300, 0x000001da6a864d20, 0x000001da6b6e39f0, 0x000001da6b6e0240,
0x000001da6b6e34e0, 0x000001da6b6dfd30, 0x000001da6b6dee00, 0x000001da6b6e0c60,
0x000001da6b6e1170, 0x000001da6b6de8f0, 0x000001da6b6e2ac0, 0x000001da6b6e1b90,
0x000001da607cbc20, 0x000001da607cc130, 0x000001da607c7030, 0x000001da607c7a50,
0x000001da607c6b20, 0x000001da607c6610, 0x000001da607cdf90, 0x000001da607c8470,
0x000001da607c8e90, 0x000001da607c7540, 0x000001da6b6dcfa0
}

Java Threads: ( => current thread )
  0x000001da73c657a0 JavaThread "Render thread" [_thread_blocked, id=13880, stack(0x00000012ad100000,0x00000012ad200000)]
  0x000001da7fa28a30 JavaThread "Reference Handler" daemon [_thread_blocked, id=19612, stack(0x00000012ad800000,0x00000012ad900000)]
  0x000001da7fa29300 JavaThread "Finalizer" daemon [_thread_blocked, id=28616, stack(0x00000012ad900000,0x00000012ada00000)]
  0x000001da7fa3f000 JavaThread "Signal Dispatcher" daemon [_thread_blocked, id=29324, stack(0x00000012ada00000,0x00000012adb00000)]
  0x000001da7fa3f8d0 JavaThread "Attach Listener" daemon [_thread_blocked, id=23068, stack(0x00000012adb00000,0x00000012adc00000)]
  0x000001da7fa421b0 JavaThread "Service Thread" daemon [_thread_blocked, id=18292, stack(0x00000012adc00000,0x00000012add00000)]
  0x000001da7fa42a80 JavaThread "Monitor Deflation Thread" daemon [_thread_blocked, id=26320, stack(0x00000012add00000,0x00000012ade00000)]
  0x000001da7fa51e40 JavaThread "C2 CompilerThread0" daemon [_thread_blocked, id=5196, stack(0x00000012ade00000,0x00000012adf00000)]
  0x000001da7fa52750 JavaThread "C1 CompilerThread0" daemon [_thread_blocked, id=25980, stack(0x00000012adf00000,0x00000012ae000000)]
  0x000001da7fa53060 JavaThread "Sweeper thread" daemon [_thread_blocked, id=26268, stack(0x00000012ae000000,0x00000012ae100000)]
  0x000001da7fa0f500 JavaThread "Common-Cleaner" daemon [_thread_blocked, id=25168, stack(0x00000012ae100000,0x00000012ae200000)]
  0x000001da5a34ffe0 JavaThread "Notification Thread" daemon [_thread_blocked, id=15952, stack(0x00000012ae300000,0x00000012ae400000)]
  0x000001da6a865c50 JavaThread "JNA Cleaner" daemon [_thread_blocked, id=432, stack(0x00000012afa00000,0x00000012afb00000)]
  0x000001da6a861f90 JavaThread "Timer hack thread" daemon [_thread_blocked, id=26124, stack(0x00000012afc00000,0x00000012afd00000)]
  0x000001da6a861a80 JavaThread "Yggdrasil Key Fetcher" daemon [_thread_blocked, id=27448, stack(0x00000012afd00000,0x00000012afe00000)]
  0x000001da6a863df0 JavaThread "modloading-worker-0" daemon [_thread_blocked, id=28404, stack(0x00000012af900000,0x00000012afa00000)]
  0x000001da6a864300 JavaThread "modloading-worker-0" daemon [_thread_blocked, id=18872, stack(0x00000012b0000000,0x00000012b0100000)]
  0x000001da6a864d20 JavaThread "modloading-worker-0" daemon [_thread_blocked, id=27764, stack(0x00000012b0100000,0x00000012b0200000)]
  0x000001da6b6e39f0 JavaThread "Worker-Main-1" daemon [_thread_blocked, id=23360, stack(0x00000012b0500000,0x00000012b0600000)]
  0x000001da6b6e0240 JavaThread "Thread-3" daemon [_thread_blocked, id=29408, stack(0x00000012b0600000,0x00000012b0700000)]
  0x000001da6b6e34e0 JavaThread "FileSystemWatchService" daemon [_thread_in_native, id=29404, stack(0x00000012b0700000,0x00000012b0800000)]
  0x000001da6b6dfd30 JavaThread "Worker-Main-2" daemon [_thread_blocked, id=8936, stack(0x00000012b0800000,0x00000012b0900000)]
  0x000001da6b6dee00 JavaThread "Worker-Main-3" daemon [_thread_blocked, id=8860, stack(0x00000012b0900000,0x00000012b0a00000)]
  0x000001da6b6e0c60 JavaThread "Worker-Main-4" daemon [_thread_blocked, id=29656, stack(0x00000012b0a00000,0x00000012b0b00000)]
  0x000001da6b6e1170 JavaThread "Worker-Main-5" daemon [_thread_blocked, id=5776, stack(0x00000012b0b00000,0x00000012b0c00000)]
  0x000001da6b6de8f0 JavaThread "Worker-Main-6" daemon [_thread_blocked, id=2620, stack(0x00000012b0c00000,0x00000012b0d00000)]
  0x000001da6b6e2ac0 JavaThread "Worker-Main-7" daemon [_thread_blocked, id=26060, stack(0x00000012b0d00000,0x00000012b0e00000)]
  0x000001da6b6e1b90 JavaThread "IO-Worker-8" [_thread_blocked, id=13560, stack(0x00000012b0f00000,0x00000012b1000000)]
  0x000001da607cbc20 JavaThread "Server thread" [_thread_blocked, id=21704, stack(0x00000012b1500000,0x00000012b1600000)]
  0x000001da607cc130 JavaThread "FileSystemWatchService" daemon [_thread_in_native, id=22348, stack(0x00000012b1700000,0x00000012b1800000)]
  0x000001da607c7030 JavaThread "IO-Worker-9" [_thread_blocked, id=21168, stack(0x00000012b1800000,0x00000012b1900000)]
  0x000001da607c7a50 JavaThread "IO-Worker-10" [_thread_blocked, id=25248, stack(0x00000012b0200000,0x00000012b0300000)]
  0x000001da607c6b20 JavaThread "IO-Worker-11" [_thread_blocked, id=28144, stack(0x00000012af100000,0x00000012af200000)]
  0x000001da607c6610 JavaThread "Java2D Disposer" daemon [_thread_blocked, id=4480, stack(0x00000012b1b00000,0x00000012b1c00000)]
  0x000001da607cdf90 JavaThread "Netty Server IO #0" daemon [_thread_in_native, id=16052, stack(0x00000012b1a00000,0x00000012b1b00000)]
  0x000001da607c8470 JavaThread "Netty Local Client IO #0" daemon [_thread_blocked, id=28408, stack(0x00000012b1c00000,0x00000012b1d00000)]
  0x000001da607c8e90 JavaThread "Netty Server IO #1" daemon [_thread_in_native, id=18876, stack(0x00000012b1d00000,0x00000012b1e00000)]
  0x000001da607c7540 JavaThread "Sound engine" daemon [_thread_blocked, id=6812, stack(0x00000012b1f00000,0x00000012b2000000)]
  0x000001da6b6dcfa0 JavaThread "IO-Worker-12" [_thread_blocked, id=20124, stack(0x00000012b1000000,0x00000012b1100000)]

Other Threads:
=>0x000001da7fa25170 VMThread "VM Thread" [stack: 0x00000012ad700000,0x00000012ad800000] [id=24468]
  0x000001da73c66310 WatcherThread [stack: 0x00000012ae400000,0x00000012ae500000] [id=29504]
  0x000001da73cd00e0 GCTaskThread "GC Thread#0" [stack: 0x00000012ad200000,0x00000012ad300000] [id=29204]
  0x000001da5a9a87e0 GCTaskThread "GC Thread#1" [stack: 0x00000012ae500000,0x00000012ae600000] [id=24664]
  0x000001da5a9a8aa0 GCTaskThread "GC Thread#2" [stack: 0x00000012ae600000,0x00000012ae700000] [id=6904]
  0x000001da5ab23dc0 GCTaskThread "GC Thread#3" [stack: 0x00000012ae700000,0x00000012ae800000] [id=29676]
  0x000001da5ab24080 GCTaskThread "GC Thread#4" [stack: 0x00000012ae800000,0x00000012ae900000] [id=25696]
  0x000001da5ab24340 GCTaskThread "GC Thread#5" [stack: 0x00000012ae900000,0x00000012aea00000] [id=27988]
  0x000001da602ad990 GCTaskThread "GC Thread#6" [stack: 0x00000012aeb00000,0x00000012aec00000] [id=2580]
  0x000001da5a3fed10 GCTaskThread "GC Thread#7" [stack: 0x00000012af600000,0x00000012af700000] [id=23048]
  0x000001da73ce0910 ConcurrentGCThread "G1 Main Marker" [stack: 0x00000012ad300000,0x00000012ad400000] [id=29268]
  0x000001da73ce28f0 ConcurrentGCThread "G1 Conc#0" [stack: 0x00000012ad400000,0x00000012ad500000] [id=7760]
  0x000001da6aa0c2a0 ConcurrentGCThread "G1 Conc#1" [stack: 0x00000012af700000,0x00000012af800000] [id=22276]
  0x000001da73cfe5c0 ConcurrentGCThread "G1 Refine#0" [stack: 0x00000012ad500000,0x00000012ad600000] [id=452]
  0x000001da6129fdb0 ConcurrentGCThread "G1 Refine#1" [stack: 0x00000012af800000,0x00000012af900000] [id=14492]
  0x000001da6cba4370 ConcurrentGCThread "G1 Refine#2" [stack: 0x00000012b0e00000,0x00000012b0f00000] [id=27984]
  0x000001da6ac03620 ConcurrentGCThread "G1 Refine#3" [stack: 0x00000012af500000,0x00000012af600000] [id=26036]
  0x000001da73357c40 ConcurrentGCThread "G1 Refine#4" [stack: 0x00000012b1400000,0x00000012b1500000] [id=22612]
  0x000001da6b7231e0 ConcurrentGCThread "G1 Refine#5" [stack: 0x00000012ae200000,0x00000012ae300000] [id=22652]
  0x000001da6ac03330 ConcurrentGCThread "G1 Refine#6" [stack: 0x00000012b1900000,0x00000012b1a00000] [id=12636]
  0x000001da6b7234d0 ConcurrentGCThread "G1 Refine#7" [stack: 0x00000012b1600000,0x00000012b1700000] [id=852]
  0x000001da7f95f1d0 ConcurrentGCThread "G1 Service" [stack: 0x00000012ad600000,0x00000012ad700000] [id=4872]

Threads with active compile tasks:
C2 CompilerThread0    90598 35193       4       net.minecraft.world.level.levelgen.MarsagliaPolarGaussian::nextGaussian (109 bytes)

VM state: at safepoint (normal execution)

VM Mutex/Monitor currently owned by a thread:  ([mutex/lock_event])
[0x000001da73c60940] Threads_lock - owner thread: 0x000001da7fa25170
[0x000001da73c60430] Heap_lock - owner thread: 0x000001da73ce0910

Heap address: 0x0000000705200000, size: 4014 MB, Compressed Oops mode: Zero based, Oop shift amount: 3

CDS archive(s) mapped at: [0x000001da19000000-0x000001da19bb0000-0x000001da19bb0000), size 12255232, SharedBaseAddress: 0x000001da19000000, ArchiveRelocationMode: 1.
Compressed class space mapped at: 0x000001da1a000000-0x000001da5a000000, reserved size: 1073741824
Narrow klass base: 0x000001da19000000, Narrow klass shift: 0, Narrow klass range: 0x100000000

GC Precious Log:
 CPUs: 8 total, 8 available
 Memory: 16050M
 Large Page Support: Disabled
 NUMA Support: Disabled
 Compressed Oops: Enabled (Zero based)
 Heap Region Size: 2M
 Heap Min Capacity: 8M
 Heap Initial Capacity: 252M
 Heap Max Capacity: 4014M
 Pre-touch: Disabled
 Parallel Workers: 8
 Concurrent Workers: 2
 Concurrent Refinement Workers: 8
 Periodic GC: Disabled

Heap:
 garbage-first heap   total 1826816K, used 1175358K [0x0000000705200000, 0x0000000800000000)
  region size 2048K, 230 young (471040K), 8 survivors (16384K)
 Metaspace       used 128278K, committed 130176K, reserved 1179648K
  class space    used 18517K, committed 19392K, reserved 1048576K

Heap Regions: E=young(eden), S=young(survivor), O=old, HS=humongous(starts), HC=humongous(continues), CS=collection set, F=free, OA=open archive, CA=closed archive, TAMS=top-at-mark-start (previous, next)
|   0|0x0000000705200000, 0x0000000705400000, 0x0000000705400000|100%|HS|  |TAMS 0x0000000705400000, 0x0000000705200000| Complete 
|   1|0x0000000705400000, 0x0000000705600000, 0x0000000705600000|100%| O|  |TAMS 0x0000000705600000, 0x0000000705400000| Untracked 
|   2|0x0000000705600000, 0x0000000705800000, 0x0000000705800000|100%| O|  |TAMS 0x0000000705800000, 0x0000000705600000| Untracked 
|   3|0x0000000705800000, 0x0000000705a00000, 0x0000000705a00000|100%|HS|  |TAMS 0x0000000705a00000, 0x0000000705800000| Complete 
|   4|0x0000000705a00000, 0x0000000705c00000, 0x0000000705c00000|100%| O|  |TAMS 0x0000000705c00000, 0x0000000705a00000| Updating 
|   5|0x0000000705c00000, 0x0000000705e00000, 0x0000000705e00000|100%| O|  |TAMS 0x0000000705e00000, 0x0000000705c00000| Untracked 
|   6|0x0000000705e00000, 0x0000000706000000, 0x0000000706000000|100%|HS|  |TAMS 0x0000000706000000, 0x0000000705e00000| Complete 
|   7|0x0000000706000000, 0x0000000706200000, 0x0000000706200000|100%|HS|  |TAMS 0x0000000706200000, 0x0000000706000000| Complete 
|   8|0x0000000706200000, 0x0000000706400000, 0x0000000706400000|100%| O|  |TAMS 0x0000000706400000, 0x0000000706200000| Untracked 
|   9|0x0000000706400000, 0x0000000706600000, 0x0000000706600000|100%| O|  |TAMS 0x0000000706600000, 0x0000000706400000| Untracked 
|  10|0x0000000706600000, 0x0000000706800000, 0x0000000706800000|100%| O|  |TAMS 0x0000000706800000, 0x0000000706600000| Untracked 
|  11|0x0000000706800000, 0x0000000706a00000, 0x0000000706a00000|100%| O|  |TAMS 0x0000000706a00000, 0x0000000706800000| Untracked 
|  12|0x0000000706a00000, 0x0000000706c00000, 0x0000000706c00000|100%| O|  |TAMS 0x0000000706c00000, 0x0000000706a00000| Untracked 
|  13|0x0000000706c00000, 0x0000000706e00000, 0x0000000706e00000|100%| O|  |TAMS 0x0000000706e00000, 0x0000000706c00000| Untracked 
|  14|0x0000000706e00000, 0x0000000707000000, 0x0000000707000000|100%| O|  |TAMS 0x0000000707000000, 0x0000000706e00000| Untracked 
|  15|0x0000000707000000, 0x0000000707200000, 0x0000000707200000|100%|HS|  |TAMS 0x0000000707200000, 0x0000000707000000| Complete 
|  16|0x0000000707200000, 0x0000000707400000, 0x0000000707400000|100%| O|  |TAMS 0x0000000707400000, 0x0000000707200000| Untracked 
|  17|0x0000000707400000, 0x0000000707600000, 0x0000000707600000|100%| O|  |TAMS 0x0000000707600000, 0x0000000707400000| Untracked 
|  18|0x0000000707600000, 0x0000000707800000, 0x0000000707800000|100%| O|  |TAMS 0x0000000707800000, 0x0000000707600000| Untracked 
|  19|0x0000000707800000, 0x0000000707a00000, 0x0000000707a00000|100%| O|  |TAMS 0x0000000707a00000, 0x0000000707800000| Untracked 
|  20|0x0000000707a00000, 0x0000000707c00000, 0x0000000707c00000|100%| O|  |TAMS 0x0000000707c00000, 0x0000000707a00000| Untracked 
|  21|0x0000000707c00000, 0x0000000707e00000, 0x0000000707e00000|100%| O|  |TAMS 0x0000000707e00000, 0x0000000707c00000| Untracked 
|  22|0x0000000707e00000, 0x0000000708000000, 0x0000000708000000|100%| O|  |TAMS 0x0000000708000000, 0x0000000707e00000| Untracked 
|  23|0x0000000708000000, 0x0000000708200000, 0x0000000708200000|100%| O|  |TAMS 0x0000000708200000, 0x0000000708000000| Untracked 
|  24|0x0000000708200000, 0x0000000708400000, 0x0000000708400000|100%| O|  |TAMS 0x0000000708400000, 0x0000000708200000| Untracked 
|  25|0x0000000708400000, 0x0000000708600000, 0x0000000708600000|100%| O|  |TAMS 0x0000000708600000, 0x0000000708400000| Updating 
|  26|0x0000000708600000, 0x0000000708800000, 0x0000000708800000|100%| O|  |TAMS 0x0000000708800000, 0x0000000708600000| Untracked 
|  27|0x0000000708800000, 0x0000000708a00000, 0x0000000708a00000|100%| O|  |TAMS 0x0000000708a00000, 0x0000000708800000| Untracked 
|  28|0x0000000708a00000, 0x0000000708c00000, 0x0000000708c00000|100%| O|  |TAMS 0x0000000708c00000, 0x0000000708a00000| Untracked 
|  29|0x0000000708c00000, 0x0000000708e00000, 0x0000000708e00000|100%| O|  |TAMS 0x0000000708e00000, 0x0000000708c00000| Untracked 
|  30|0x0000000708e00000, 0x0000000709000000, 0x0000000709000000|100%| O|  |TAMS 0x0000000709000000, 0x0000000708e00000| Untracked 
|  31|0x0000000709000000, 0x0000000709200000, 0x0000000709200000|100%| O|  |TAMS 0x0000000709200000, 0x0000000709000000| Untracked 
|  32|0x0000000709200000, 0x0000000709400000, 0x0000000709400000|100%| O|  |TAMS 0x0000000709400000, 0x0000000709200000| Untracked 
|  33|0x0000000709400000, 0x0000000709600000, 0x0000000709600000|100%| O|  |TAMS 0x0000000709600000, 0x0000000709400000| Untracked 
|  34|0x0000000709600000, 0x0000000709800000, 0x0000000709800000|100%| O|  |TAMS 0x0000000709800000, 0x0000000709600000| Untracked 
|  35|0x0000000709800000, 0x0000000709a00000, 0x0000000709a00000|100%|HS|  |TAMS 0x0000000709a00000, 0x0000000709800000| Complete 
|  36|0x0000000709a00000, 0x0000000709c00000, 0x0000000709c00000|100%|HC|  |TAMS 0x0000000709c00000, 0x0000000709a00000| Complete 
|  37|0x0000000709c00000, 0x0000000709e00000, 0x0000000709e00000|100%|HC|  |TAMS 0x0000000709e00000, 0x0000000709c00000| Complete 
|  38|0x0000000709e00000, 0x000000070a000000, 0x000000070a000000|100%|HC|  |TAMS 0x000000070a000000, 0x0000000709e00000| Complete 
|  39|0x000000070a000000, 0x000000070a200000, 0x000000070a200000|100%|HC|  |TAMS 0x000000070a200000, 0x000000070a000000| Complete 
|  40|0x000000070a200000, 0x000000070a400000, 0x000000070a400000|100%|HC|  |TAMS 0x000000070a400000, 0x000000070a200000| Complete 
|  41|0x000000070a400000, 0x000000070a600000, 0x000000070a600000|100%| O|  |TAMS 0x000000070a600000, 0x000000070a400000| Untracked 
|  42|0x000000070a600000, 0x000000070a800000, 0x000000070a800000|100%| O|  |TAMS 0x000000070a800000, 0x000000070a600000| Updating 
|  43|0x000000070a800000, 0x000000070aa00000, 0x000000070aa00000|100%| O|  |TAMS 0x000000070aa00000, 0x000000070a800000| Untracked 
|  44|0x000000070aa00000, 0x000000070ac00000, 0x000000070ac00000|100%| O|  |TAMS 0x000000070ac00000, 0x000000070aa00000| Untracked 
|  45|0x000000070ac00000, 0x000000070ae00000, 0x000000070ae00000|100%| O|  |TAMS 0x000000070ae00000, 0x000000070ac00000| Untracked 
|  46|0x000000070ae00000, 0x000000070b000000, 0x000000070b000000|100%| O|  |TAMS 0x000000070b000000, 0x000000070ae00000| Untracked 
|  47|0x000000070b000000, 0x000000070b200000, 0x000000070b200000|100%| O|  |TAMS 0x000000070b200000, 0x000000070b000000| Untracked 
|  48|0x000000070b200000, 0x000000070b400000, 0x000000070b400000|100%| O|  |TAMS 0x000000070b400000, 0x000000070b200000| Updating 
|  49|0x000000070b400000, 0x000000070b600000, 0x000000070b600000|100%| O|  |TAMS 0x000000070b600000, 0x000000070b400000| Untracked 
|  50|0x000000070b600000, 0x000000070b800000, 0x000000070b800000|100%| O|  |TAMS 0x000000070b800000, 0x000000070b600000| Untracked 
|  51|0x000000070b800000, 0x000000070ba00000, 0x000000070ba00000|100%| O|  |TAMS 0x000000070ba00000, 0x000000070b800000| Untracked 
|  52|0x000000070ba00000, 0x000000070bc00000, 0x000000070bc00000|100%| O|  |TAMS 0x000000070bc00000, 0x000000070ba00000| Untracked 
|  53|0x000000070bc00000, 0x000000070be00000, 0x000000070be00000|100%| O|  |TAMS 0x000000070be00000, 0x000000070bc00000| Untracked 
|  54|0x000000070be00000, 0x000000070c000000, 0x000000070c000000|100%| O|  |TAMS 0x000000070c000000, 0x000000070be00000| Untracked 
|  55|0x000000070c000000, 0x000000070c200000, 0x000000070c200000|100%| O|  |TAMS 0x000000070c200000, 0x000000070c000000| Updating 
|  56|0x000000070c200000, 0x000000070c400000, 0x000000070c400000|100%| O|  |TAMS 0x000000070c400000, 0x000000070c200000| Untracked 
|  57|0x000000070c400000, 0x000000070c600000, 0x000000070c600000|100%| O|  |TAMS 0x000000070c600000, 0x000000070c400000| Untracked 
|  58|0x000000070c600000, 0x000000070c800000, 0x000000070c800000|100%| O|  |TAMS 0x000000070c800000, 0x000000070c600000| Untracked 
|  59|0x000000070c800000, 0x000000070ca00000, 0x000000070ca00000|100%| O|  |TAMS 0x000000070ca00000, 0x000000070c800000| Untracked 
|  60|0x000000070ca00000, 0x000000070cc00000, 0x000000070cc00000|100%| O|  |TAMS 0x000000070cc00000, 0x000000070ca00000| Untracked 
|  61|0x000000070cc00000, 0x000000070ce00000, 0x000000070ce00000|100%| O|  |TAMS 0x000000070ce00000, 0x000000070cc00000| Updating 
|  62|0x000000070ce00000, 0x000000070d000000, 0x000000070d000000|100%| O|  |TAMS 0x000000070d000000, 0x000000070ce00000| Untracked 
|  63|0x000000070d000000, 0x000000070d200000, 0x000000070d200000|100%| O|  |TAMS 0x000000070d200000, 0x000000070d000000| Untracked 
|  64|0x000000070d200000, 0x000000070d400000, 0x000000070d400000|100%| O|  |TAMS 0x000000070d400000, 0x000000070d200000| Untracked 
|  65|0x000000070d400000, 0x000000070d600000, 0x000000070d600000|100%| O|  |TAMS 0x000000070d600000, 0x000000070d400000| Updating 
|  66|0x000000070d600000, 0x000000070d800000, 0x000000070d800000|100%| O|  |TAMS 0x000000070d800000, 0x000000070d600000| Updating 
|  67|0x000000070d800000, 0x000000070da00000, 0x000000070da00000|100%| O|  |TAMS 0x000000070da00000, 0x000000070d800000| Untracked 
|  68|0x000000070da00000, 0x000000070dc00000, 0x000000070dc00000|100%| O|  |TAMS 0x000000070dc00000, 0x000000070da00000| Untracked 
|  69|0x000000070dc00000, 0x000000070de00000, 0x000000070de00000|100%| O|  |TAMS 0x000000070de00000, 0x000000070dc00000| Untracked 
|  70|0x000000070de00000, 0x000000070e000000, 0x000000070e000000|100%| O|  |TAMS 0x000000070e000000, 0x000000070de00000| Untracked 
|  71|0x000000070e000000, 0x000000070e200000, 0x000000070e200000|100%| O|  |TAMS 0x000000070e200000, 0x000000070e000000| Updating 
|  72|0x000000070e200000, 0x000000070e400000, 0x000000070e400000|100%| O|  |TAMS 0x000000070e400000, 0x000000070e200000| Untracked 
|  73|0x000000070e400000, 0x000000070e600000, 0x000000070e600000|100%| O|  |TAMS 0x000000070e600000, 0x000000070e400000| Untracked 
|  74|0x000000070e600000, 0x000000070e800000, 0x000000070e800000|100%| O|  |TAMS 0x000000070e800000, 0x000000070e600000| Untracked 
|  75|0x000000070e800000, 0x000000070ea00000, 0x000000070ea00000|100%| O|  |TAMS 0x000000070ea00000, 0x000000070e800000| Untracked 
|  76|0x000000070ea00000, 0x000000070ec00000, 0x000000070ec00000|100%| O|  |TAMS 0x000000070ec00000, 0x000000070ea00000| Untracked 
|  77|0x000000070ec00000, 0x000000070ee00000, 0x000000070ee00000|100%| O|  |TAMS 0x000000070ee00000, 0x000000070ec00000| Untracked 
|  78|0x000000070ee00000, 0x000000070f000000, 0x000000070f000000|100%| O|  |TAMS 0x000000070f000000, 0x000000070ee00000| Untracked 
|  79|0x000000070f000000, 0x000000070f200000, 0x000000070f200000|100%| O|  |TAMS 0x000000070f200000, 0x000000070f000000| Updating 
|  80|0x000000070f200000, 0x000000070f400000, 0x000000070f400000|100%| O|  |TAMS 0x000000070f400000, 0x000000070f200000| Untracked 
|  81|0x000000070f400000, 0x000000070f600000, 0x000000070f600000|100%| O|  |TAMS 0x000000070f600000, 0x000000070f400000| Untracked 
|  82|0x000000070f600000, 0x000000070f800000, 0x000000070f800000|100%| O|  |TAMS 0x000000070f800000, 0x000000070f600000| Untracked 
|  83|0x000000070f800000, 0x000000070fa00000, 0x000000070fa00000|100%| O|  |TAMS 0x000000070fa00000, 0x000000070f800000| Untracked 
|  84|0x000000070fa00000, 0x000000070fc00000, 0x000000070fc00000|100%| O|  |TAMS 0x000000070fc00000, 0x000000070fa00000| Updating 
|  85|0x000000070fc00000, 0x000000070fe00000, 0x000000070fe00000|100%| O|  |TAMS 0x000000070fe00000, 0x000000070fc00000| Untracked 
|  86|0x000000070fe00000, 0x0000000710000000, 0x0000000710000000|100%| O|  |TAMS 0x0000000710000000, 0x000000070fe00000| Untracked 
|  87|0x0000000710000000, 0x0000000710200000, 0x0000000710200000|100%| O|  |TAMS 0x0000000710200000, 0x0000000710000000| Untracked 
|  88|0x0000000710200000, 0x0000000710400000, 0x0000000710400000|100%| O|  |TAMS 0x0000000710400000, 0x0000000710200000| Untracked 
|  89|0x0000000710400000, 0x0000000710600000, 0x0000000710600000|100%| O|  |TAMS 0x0000000710600000, 0x0000000710400000| Untracked 
|  90|0x0000000710600000, 0x0000000710800000, 0x0000000710800000|100%| O|  |TAMS 0x0000000710800000, 0x0000000710600000| Untracked 
|  91|0x0000000710800000, 0x0000000710a00000, 0x0000000710a00000|100%| O|  |TAMS 0x0000000710a00000, 0x0000000710800000| Untracked 
|  92|0x0000000710a00000, 0x0000000710c00000, 0x0000000710c00000|100%| O|  |TAMS 0x0000000710c00000, 0x0000000710a00000| Untracked 
|  93|0x0000000710c00000, 0x0000000710e00000, 0x0000000710e00000|100%| O|  |TAMS 0x0000000710e00000, 0x0000000710c00000| Untracked 
|  94|0x0000000710e00000, 0x0000000711000000, 0x0000000711000000|100%| O|  |TAMS 0x0000000711000000, 0x0000000710e00000| Untracked 
|  95|0x0000000711000000, 0x0000000711200000, 0x0000000711200000|100%| O|  |TAMS 0x0000000711200000, 0x0000000711000000| Untracked 
|  96|0x0000000711200000, 0x0000000711400000, 0x0000000711400000|100%| O|  |TAMS 0x0000000711400000, 0x0000000711200000| Untracked 
|  97|0x0000000711400000, 0x0000000711600000, 0x0000000711600000|100%| O|  |TAMS 0x0000000711600000, 0x0000000711400000| Untracked 
|  98|0x0000000711600000, 0x0000000711800000, 0x0000000711800000|100%| O|  |TAMS 0x0000000711800000, 0x0000000711600000| Untracked 
|  99|0x0000000711800000, 0x0000000711a00000, 0x0000000711a00000|100%| O|  |TAMS 0x0000000711a00000, 0x0000000711800000| Updating 
| 100|0x0000000711a00000, 0x0000000711c00000, 0x0000000711c00000|100%| O|  |TAMS 0x0000000711c00000, 0x0000000711a00000| Untracked 
| 101|0x0000000711c00000, 0x0000000711e00000, 0x0000000711e00000|100%| O|  |TAMS 0x0000000711e00000, 0x0000000711c00000| Updating 
| 102|0x0000000711e00000, 0x0000000712000000, 0x0000000712000000|100%| O|  |TAMS 0x0000000712000000, 0x0000000711e00000| Untracked 
| 103|0x0000000712000000, 0x0000000712200000, 0x0000000712200000|100%| O|  |TAMS 0x0000000712200000, 0x0000000712000000| Untracked 
| 104|0x0000000712200000, 0x0000000712400000, 0x0000000712400000|100%| O|  |TAMS 0x0000000712400000, 0x0000000712200000| Untracked 
| 105|0x0000000712400000, 0x0000000712600000, 0x0000000712600000|100%| O|  |TAMS 0x0000000712600000, 0x0000000712400000| Updating 
| 106|0x0000000712600000, 0x0000000712800000, 0x0000000712800000|100%| O|  |TAMS 0x0000000712800000, 0x0000000712600000| Untracked 
| 107|0x0000000712800000, 0x0000000712a00000, 0x0000000712a00000|100%| O|  |TAMS 0x0000000712a00000, 0x0000000712800000| Untracked 
| 108|0x0000000712a00000, 0x0000000712c00000, 0x0000000712c00000|100%| O|  |TAMS 0x0000000712c00000, 0x0000000712a00000| Untracked 
| 109|0x0000000712c00000, 0x0000000712e00000, 0x0000000712e00000|100%| O|  |TAMS 0x0000000712e00000, 0x0000000712c00000| Untracked 
| 110|0x0000000712e00000, 0x0000000713000000, 0x0000000713000000|100%| O|  |TAMS 0x0000000713000000, 0x0000000712e00000| Updating 
| 111|0x0000000713000000, 0x0000000713200000, 0x0000000713200000|100%| O|  |TAMS 0x0000000713200000, 0x0000000713000000| Untracked 
| 112|0x0000000713200000, 0x0000000713400000, 0x0000000713400000|100%| O|  |TAMS 0x0000000713400000, 0x0000000713200000| Untracked 
| 113|0x0000000713400000, 0x0000000713600000, 0x0000000713600000|100%| O|  |TAMS 0x0000000713600000, 0x0000000713400000| Updating 
| 114|0x0000000713600000, 0x0000000713800000, 0x0000000713800000|100%| O|  |TAMS 0x0000000713800000, 0x0000000713600000| Untracked 
| 115|0x0000000713800000, 0x0000000713a00000, 0x0000000713a00000|100%| O|  |TAMS 0x0000000713a00000, 0x0000000713800000| Untracked 
| 116|0x0000000713a00000, 0x0000000713c00000, 0x0000000713c00000|100%| O|  |TAMS 0x0000000713c00000, 0x0000000713a00000| Updating 
| 117|0x0000000713c00000, 0x0000000713e00000, 0x0000000713e00000|100%| O|  |TAMS 0x0000000713e00000, 0x0000000713c00000| Updating 
| 118|0x0000000713e00000, 0x0000000714000000, 0x0000000714000000|100%| O|  |TAMS 0x0000000714000000, 0x0000000713e00000| Updating 
| 119|0x0000000714000000, 0x0000000714200000, 0x0000000714200000|100%| O|  |TAMS 0x0000000714200000, 0x0000000714000000| Untracked 
| 120|0x0000000714200000, 0x0000000714400000, 0x0000000714400000|100%| O|  |TAMS 0x0000000714400000, 0x0000000714200000| Updating 
| 121|0x0000000714400000, 0x0000000714600000, 0x0000000714600000|100%| O|  |TAMS 0x0000000714600000, 0x0000000714400000| Untracked 
| 122|0x0000000714600000, 0x0000000714800000, 0x0000000714800000|100%| O|  |TAMS 0x0000000714800000, 0x0000000714600000| Updating 
| 123|0x0000000714800000, 0x0000000714a00000, 0x0000000714a00000|100%| O|  |TAMS 0x0000000714a00000, 0x0000000714800000| Updating 
| 124|0x0000000714a00000, 0x0000000714c00000, 0x0000000714c00000|100%| O|  |TAMS 0x0000000714c00000, 0x0000000714a00000| Untracked 
| 125|0x0000000714c00000, 0x0000000714e00000, 0x0000000714e00000|100%| O|  |TAMS 0x0000000714e00000, 0x0000000714c00000| Updating 
| 126|0x0000000714e00000, 0x0000000715000000, 0x0000000715000000|100%| O|  |TAMS 0x0000000715000000, 0x0000000714e00000| Untracked 
| 127|0x0000000715000000, 0x0000000715200000, 0x0000000715200000|100%| O|  |TAMS 0x0000000715200000, 0x0000000715000000| Untracked 
| 128|0x0000000715200000, 0x0000000715400000, 0x0000000715400000|100%| O|  |TAMS 0x0000000715400000, 0x0000000715200000| Untracked 
| 129|0x0000000715400000, 0x0000000715600000, 0x0000000715600000|100%| O|  |TAMS 0x0000000715600000, 0x0000000715400000| Untracked 
| 130|0x0000000715600000, 0x0000000715800000, 0x0000000715800000|100%| O|  |TAMS 0x0000000715800000, 0x0000000715600000| Untracked 
| 131|0x0000000715800000, 0x0000000715a00000, 0x0000000715a00000|100%| O|  |TAMS 0x0000000715a00000, 0x0000000715800000| Updating 
| 132|0x0000000715a00000, 0x0000000715c00000, 0x0000000715c00000|100%| O|  |TAMS 0x0000000715c00000, 0x0000000715a00000| Untracked 
| 133|0x0000000715c00000, 0x0000000715e00000, 0x0000000715e00000|100%| O|  |TAMS 0x0000000715e00000, 0x0000000715c00000| Untracked 
| 134|0x0000000715e00000, 0x0000000716000000, 0x0000000716000000|100%| O|  |TAMS 0x0000000716000000, 0x0000000715e00000| Untracked 
| 135|0x0000000716000000, 0x0000000716200000, 0x0000000716200000|100%| O|  |TAMS 0x0000000716200000, 0x0000000716000000| Untracked 
| 136|0x0000000716200000, 0x0000000716400000, 0x0000000716400000|100%| O|  |TAMS 0x0000000716400000, 0x0000000716200000| Untracked 
| 137|0x0000000716400000, 0x0000000716600000, 0x0000000716600000|100%| O|  |TAMS 0x0000000716600000, 0x0000000716400000| Untracked 
| 138|0x0000000716600000, 0x0000000716800000, 0x0000000716800000|100%| O|  |TAMS 0x0000000716800000, 0x0000000716600000| Updating 
| 139|0x0000000716800000, 0x0000000716a00000, 0x0000000716a00000|100%| O|  |TAMS 0x0000000716a00000, 0x0000000716800000| Untracked 
| 140|0x0000000716a00000, 0x0000000716c00000, 0x0000000716c00000|100%| O|  |TAMS 0x0000000716c00000, 0x0000000716a00000| Updating 
| 141|0x0000000716c00000, 0x0000000716e00000, 0x0000000716e00000|100%| O|  |TAMS 0x0000000716e00000, 0x0000000716c00000| Updating 
| 142|0x0000000716e00000, 0x0000000717000000, 0x0000000717000000|100%| O|  |TAMS 0x0000000717000000, 0x0000000716e00000| Updating 
| 143|0x0000000717000000, 0x0000000717200000, 0x0000000717200000|100%| O|  |TAMS 0x0000000717200000, 0x0000000717000000| Updating 
| 144|0x0000000717200000, 0x0000000717400000, 0x0000000717400000|100%| O|  |TAMS 0x0000000717400000, 0x0000000717200000| Updating 
| 145|0x0000000717400000, 0x0000000717600000, 0x0000000717600000|100%| O|  |TAMS 0x0000000717600000, 0x0000000717400000| Untracked 
| 146|0x0000000717600000, 0x0000000717800000, 0x0000000717800000|100%| O|  |TAMS 0x0000000717800000, 0x0000000717600000| Untracked 
| 147|0x0000000717800000, 0x0000000717a00000, 0x0000000717a00000|100%| O|  |TAMS 0x0000000717a00000, 0x0000000717800000| Untracked 
| 148|0x0000000717a00000, 0x0000000717c00000, 0x0000000717c00000|100%| O|  |TAMS 0x0000000717c00000, 0x0000000717a00000| Untracked 
| 149|0x0000000717c00000, 0x0000000717e00000, 0x0000000717e00000|100%| O|  |TAMS 0x0000000717e00000, 0x0000000717c00000| Untracked 
| 150|0x0000000717e00000, 0x0000000718000000, 0x0000000718000000|100%| O|  |TAMS 0x0000000718000000, 0x0000000717e00000| Untracked 
| 151|0x0000000718000000, 0x0000000718200000, 0x0000000718200000|100%| O|  |TAMS 0x0000000718200000, 0x0000000718000000| Untracked 
| 152|0x0000000718200000, 0x0000000718400000, 0x0000000718400000|100%| O|  |TAMS 0x0000000718400000, 0x0000000718200000| Untracked 
| 153|0x0000000718400000, 0x0000000718600000, 0x0000000718600000|100%| O|  |TAMS 0x0000000718600000, 0x0000000718400000| Untracked 
| 154|0x0000000718600000, 0x0000000718800000, 0x0000000718800000|100%| O|  |TAMS 0x0000000718800000, 0x0000000718600000| Updating 
| 155|0x0000000718800000, 0x0000000718a00000, 0x0000000718a00000|100%| O|  |TAMS 0x0000000718a00000, 0x0000000718800000| Updating 
| 156|0x0000000718a00000, 0x0000000718c00000, 0x0000000718c00000|100%| O|  |TAMS 0x0000000718c00000, 0x0000000718a00000| Updating 
| 157|0x0000000718c00000, 0x0000000718e00000, 0x0000000718e00000|100%| O|  |TAMS 0x0000000718e00000, 0x0000000718c00000| Updating 
| 158|0x0000000718e00000, 0x0000000719000000, 0x0000000719000000|100%| O|  |TAMS 0x0000000719000000, 0x0000000718e00000| Untracked 
| 159|0x0000000719000000, 0x0000000719200000, 0x0000000719200000|100%| O|  |TAMS 0x0000000719200000, 0x0000000719000000| Updating 
| 160|0x0000000719200000, 0x0000000719400000, 0x0000000719400000|100%| O|  |TAMS 0x0000000719400000, 0x0000000719200000| Updating 
| 161|0x0000000719400000, 0x0000000719600000, 0x0000000719600000|100%| O|  |TAMS 0x0000000719600000, 0x0000000719400000| Updating 
| 162|0x0000000719600000, 0x0000000719800000, 0x0000000719800000|100%| O|  |TAMS 0x0000000719800000, 0x0000000719600000| Updating 
| 163|0x0000000719800000, 0x0000000719a00000, 0x0000000719a00000|100%| O|  |TAMS 0x0000000719a00000, 0x0000000719800000| Updating 
| 164|0x0000000719a00000, 0x0000000719a00000, 0x0000000719c00000|  0%| F|  |TAMS 0x0000000719a00000, 0x0000000719a00000| Untracked 
| 165|0x0000000719c00000, 0x0000000719e00000, 0x0000000719e00000|100%| O|  |TAMS 0x0000000719e00000, 0x0000000719c00000| Updating 
| 166|0x0000000719e00000, 0x000000071a000000, 0x000000071a000000|100%| O|  |TAMS 0x000000071a000000, 0x0000000719e00000| Updating 
| 167|0x000000071a000000, 0x000000071a200000, 0x000000071a200000|100%| O|  |TAMS 0x000000071a200000, 0x000000071a000000| Updating 
| 168|0x000000071a200000, 0x000000071a400000, 0x000000071a400000|100%| O|  |TAMS 0x000000071a400000, 0x000000071a200000| Updating 
| 169|0x000000071a400000, 0x000000071a600000, 0x000000071a600000|100%| O|  |TAMS 0x000000071a600000, 0x000000071a400000| Updating 
| 170|0x000000071a600000, 0x000000071a800000, 0x000000071a800000|100%| O|  |TAMS 0x000000071a800000, 0x000000071a600000| Updating 
| 171|0x000000071a800000, 0x000000071aa00000, 0x000000071aa00000|100%| O|  |TAMS 0x000000071aa00000, 0x000000071a800000| Updating 
| 172|0x000000071aa00000, 0x000000071ac00000, 0x000000071ac00000|100%| O|  |TAMS 0x000000071ac00000, 0x000000071aa00000| Updating 
| 173|0x000000071ac00000, 0x000000071ae00000, 0x000000071ae00000|100%| O|  |TAMS 0x000000071ae00000, 0x000000071ac00000| Updating 
| 174|0x000000071ae00000, 0x000000071b000000, 0x000000071b000000|100%| O|  |TAMS 0x000000071b000000, 0x000000071ae00000| Updating 
| 175|0x000000071b000000, 0x000000071b200000, 0x000000071b200000|100%| O|  |TAMS 0x000000071b200000, 0x000000071b000000| Updating 
| 176|0x000000071b200000, 0x000000071b400000, 0x000000071b400000|100%| O|  |TAMS 0x000000071b400000, 0x000000071b200000| Updating 
| 177|0x000000071b400000, 0x000000071b600000, 0x000000071b600000|100%| O|  |TAMS 0x000000071b600000, 0x000000071b400000| Untracked 
| 178|0x000000071b600000, 0x000000071b600000, 0x000000071b800000|  0%| F|  |TAMS 0x000000071b600000, 0x000000071b600000| Untracked 
| 179|0x000000071b800000, 0x000000071ba00000, 0x000000071ba00000|100%| O|  |TAMS 0x000000071ba00000, 0x000000071b800000| Updating 
| 180|0x000000071ba00000, 0x000000071bc00000, 0x000000071bc00000|100%| O|  |TAMS 0x000000071bc00000, 0x000000071ba00000| Updating 
| 181|0x000000071bc00000, 0x000000071be00000, 0x000000071be00000|100%| O|  |TAMS 0x000000071be00000, 0x000000071bc00000| Updating 
| 182|0x000000071be00000, 0x000000071c000000, 0x000000071c000000|100%| O|  |TAMS 0x000000071c000000, 0x000000071be00000| Updating 
| 183|0x000000071c000000, 0x000000071c200000, 0x000000071c200000|100%| O|  |TAMS 0x000000071c200000, 0x000000071c000000| Updating 
| 184|0x000000071c200000, 0x000000071c400000, 0x000000071c400000|100%| O|  |TAMS 0x000000071c400000, 0x000000071c200000| Updating 
| 185|0x000000071c400000, 0x000000071c600000, 0x000000071c600000|100%| O|  |TAMS 0x000000071c600000, 0x000000071c400000| Updating 
| 186|0x000000071c600000, 0x000000071c800000, 0x000000071c800000|100%| O|  |TAMS 0x000000071c800000, 0x000000071c600000| Updating 
| 187|0x000000071c800000, 0x000000071ca00000, 0x000000071ca00000|100%| O|  |TAMS 0x000000071ca00000, 0x000000071c800000| Updating 
| 188|0x000000071ca00000, 0x000000071cc00000, 0x000000071cc00000|100%| O|  |TAMS 0x000000071cc00000, 0x000000071ca00000| Updating 
| 189|0x000000071cc00000, 0x000000071ce00000, 0x000000071ce00000|100%| O|  |TAMS 0x000000071ce00000, 0x000000071cc00000| Updating 
| 190|0x000000071ce00000, 0x000000071d000000, 0x000000071d000000|100%| O|  |TAMS 0x000000071d000000, 0x000000071ce00000| Updating 
| 191|0x000000071d000000, 0x000000071d200000, 0x000000071d200000|100%| O|  |TAMS 0x000000071d200000, 0x000000071d000000| Updating 
| 192|0x000000071d200000, 0x000000071d400000, 0x000000071d400000|100%| O|  |TAMS 0x000000071d400000, 0x000000071d200000| Updating 
| 193|0x000000071d400000, 0x000000071d600000, 0x000000071d600000|100%| O|  |TAMS 0x000000071d600000, 0x000000071d400000| Updating 
| 194|0x000000071d600000, 0x000000071d800000, 0x000000071d800000|100%| O|  |TAMS 0x000000071d800000, 0x000000071d600000| Updating 
| 195|0x000000071d800000, 0x000000071da00000, 0x000000071da00000|100%| O|  |TAMS 0x000000071da00000, 0x000000071d800000| Updating 
| 196|0x000000071da00000, 0x000000071dc00000, 0x000000071dc00000|100%| O|  |TAMS 0x000000071dc00000, 0x000000071da00000| Updating 
| 197|0x000000071dc00000, 0x000000071de00000, 0x000000071de00000|100%| O|  |TAMS 0x000000071de00000, 0x000000071dc00000| Updating 
| 198|0x000000071de00000, 0x000000071e000000, 0x000000071e000000|100%| O|  |TAMS 0x000000071e000000, 0x000000071de00000| Untracked 
| 199|0x000000071e000000, 0x000000071e200000, 0x000000071e200000|100%| O|  |TAMS 0x000000071e200000, 0x000000071e000000| Updating 
| 200|0x000000071e200000, 0x000000071e400000, 0x000000071e400000|100%| O|  |TAMS 0x000000071e400000, 0x000000071e200000| Updating 
| 201|0x000000071e400000, 0x000000071e600000, 0x000000071e600000|100%| O|  |TAMS 0x000000071e600000, 0x000000071e400000| Untracked 
| 202|0x000000071e600000, 0x000000071e800000, 0x000000071e800000|100%| O|  |TAMS 0x000000071e800000, 0x000000071e600000| Updating 
| 203|0x000000071e800000, 0x000000071ea00000, 0x000000071ea00000|100%| O|  |TAMS 0x000000071ea00000, 0x000000071e800000| Updating 
| 204|0x000000071ea00000, 0x000000071ec00000, 0x000000071ec00000|100%| O|  |TAMS 0x000000071ec00000, 0x000000071ea00000| Updating 
| 205|0x000000071ec00000, 0x000000071ee00000, 0x000000071ee00000|100%| O|  |TAMS 0x000000071ee00000, 0x000000071ec00000| Updating 
| 206|0x000000071ee00000, 0x000000071f000000, 0x000000071f000000|100%| O|  |TAMS 0x000000071f000000, 0x000000071ee00000| Updating 
| 207|0x000000071f000000, 0x000000071f200000, 0x000000071f200000|100%| O|  |TAMS 0x000000071f200000, 0x000000071f000000| Updating 
| 208|0x000000071f200000, 0x000000071f200000, 0x000000071f400000|  0%| F|  |TAMS 0x000000071f200000, 0x000000071f200000| Untracked 
| 209|0x000000071f400000, 0x000000071f400000, 0x000000071f600000|  0%| F|  |TAMS 0x000000071f400000, 0x000000071f400000| Untracked 
| 210|0x000000071f600000, 0x000000071f800000, 0x000000071f800000|100%| O|  |TAMS 0x000000071f800000, 0x000000071f600000| Untracked 
| 211|0x000000071f800000, 0x000000071fa00000, 0x000000071fa00000|100%| O|  |TAMS 0x000000071fa00000, 0x000000071f800000| Untracked 
| 212|0x000000071fa00000, 0x000000071fc00000, 0x000000071fc00000|100%| O|  |TAMS 0x000000071fc00000, 0x000000071fa00000| Untracked 
| 213|0x000000071fc00000, 0x000000071fe00000, 0x000000071fe00000|100%| O|  |TAMS 0x000000071fe00000, 0x000000071fc00000| Untracked 
| 214|0x000000071fe00000, 0x0000000720000000, 0x0000000720000000|100%| O|  |TAMS 0x0000000720000000, 0x000000071fe00000| Updating 
| 215|0x0000000720000000, 0x0000000720200000, 0x0000000720200000|100%| O|  |TAMS 0x0000000720200000, 0x0000000720000000| Untracked 
| 216|0x0000000720200000, 0x0000000720400000, 0x0000000720400000|100%| O|  |TAMS 0x0000000720400000, 0x0000000720200000| Untracked 
| 217|0x0000000720400000, 0x0000000720600000, 0x0000000720600000|100%| O|  |TAMS 0x0000000720600000, 0x0000000720400000| Updating 
| 218|0x0000000720600000, 0x0000000720800000, 0x0000000720800000|100%| O|  |TAMS 0x0000000720800000, 0x0000000720600000| Updating 
| 219|0x0000000720800000, 0x0000000720a00000, 0x0000000720a00000|100%| O|  |TAMS 0x0000000720a00000, 0x0000000720800000| Updating 
| 220|0x0000000720a00000, 0x0000000720c00000, 0x0000000720c00000|100%| O|  |TAMS 0x0000000720c00000, 0x0000000720a00000| Untracked 
| 221|0x0000000720c00000, 0x0000000720e00000, 0x0000000720e00000|100%| O|  |TAMS 0x0000000720e00000, 0x0000000720c00000| Updating 
| 222|0x0000000720e00000, 0x0000000721000000, 0x0000000721000000|100%| O|  |TAMS 0x0000000721000000, 0x0000000720e00000| Updating 
| 223|0x0000000721000000, 0x0000000721200000, 0x0000000721200000|100%| O|  |TAMS 0x0000000721200000, 0x0000000721000000| Updating 
| 224|0x0000000721200000, 0x0000000721200000, 0x0000000721400000|  0%| F|  |TAMS 0x0000000721200000, 0x0000000721200000| Untracked 
| 225|0x0000000721400000, 0x0000000721400000, 0x0000000721600000|  0%| F|  |TAMS 0x0000000721400000, 0x0000000721400000| Untracked 
| 226|0x0000000721600000, 0x0000000721600000, 0x0000000721800000|  0%| F|  |TAMS 0x0000000721600000, 0x0000000721600000| Untracked 
| 227|0x0000000721800000, 0x0000000721800000, 0x0000000721a00000|  0%| F|  |TAMS 0x0000000721800000, 0x0000000721800000| Untracked 
| 228|0x0000000721a00000, 0x0000000721a00000, 0x0000000721c00000|  0%| F|  |TAMS 0x0000000721a00000, 0x0000000721a00000| Untracked 
| 229|0x0000000721c00000, 0x0000000721e00000, 0x0000000721e00000|100%| O|  |TAMS 0x0000000721e00000, 0x0000000721c00000| Updating 
| 230|0x0000000721e00000, 0x0000000722000000, 0x0000000722000000|100%| O|  |TAMS 0x0000000722000000, 0x0000000721e00000| Untracked 
| 231|0x0000000722000000, 0x0000000722200000, 0x0000000722200000|100%| O|  |TAMS 0x0000000722200000, 0x0000000722000000| Updating 
| 232|0x0000000722200000, 0x0000000722400000, 0x0000000722400000|100%| O|  |TAMS 0x0000000722400000, 0x0000000722200000| Untracked 
| 233|0x0000000722400000, 0x0000000722600000, 0x0000000722600000|100%| O|  |TAMS 0x0000000722600000, 0x0000000722400000| Untracked 
| 234|0x0000000722600000, 0x0000000722800000, 0x0000000722800000|100%| O|  |TAMS 0x0000000722800000, 0x0000000722600000| Untracked 
| 235|0x0000000722800000, 0x0000000722a00000, 0x0000000722a00000|100%| O|  |TAMS 0x0000000722a00000, 0x0000000722800000| Updating 
| 236|0x0000000722a00000, 0x0000000722c00000, 0x0000000722c00000|100%| O|  |TAMS 0x0000000722c00000, 0x0000000722a00000| Updating 
| 237|0x0000000722c00000, 0x0000000722e00000, 0x0000000722e00000|100%| O|  |TAMS 0x0000000722e00000, 0x0000000722c00000| Updating 
| 238|0x0000000722e00000, 0x0000000723000000, 0x0000000723000000|100%| O|  |TAMS 0x0000000723000000, 0x0000000722e00000| Updating 
| 239|0x0000000723000000, 0x0000000723200000, 0x0000000723200000|100%| O|  |TAMS 0x0000000723200000, 0x0000000723000000| Updating 
| 240|0x0000000723200000, 0x0000000723400000, 0x0000000723400000|100%| O|  |TAMS 0x0000000723400000, 0x0000000723200000| Updating 
| 241|0x0000000723400000, 0x0000000723600000, 0x0000000723600000|100%| O|  |TAMS 0x0000000723600000, 0x0000000723400000| Updating 
| 242|0x0000000723600000, 0x0000000723800000, 0x0000000723800000|100%| O|  |TAMS 0x0000000723800000, 0x0000000723600000| Updating 
| 243|0x0000000723800000, 0x0000000723a00000, 0x0000000723a00000|100%| O|  |TAMS 0x0000000723a00000, 0x0000000723800000| Untracked 
| 244|0x0000000723a00000, 0x0000000723c00000, 0x0000000723c00000|100%| O|  |TAMS 0x0000000723c00000, 0x0000000723a00000| Updating 
| 245|0x0000000723c00000, 0x0000000723e00000, 0x0000000723e00000|100%| O|  |TAMS 0x0000000723e00000, 0x0000000723c00000| Updating 
| 246|0x0000000723e00000, 0x0000000724000000, 0x0000000724000000|100%| O|  |TAMS 0x0000000724000000, 0x0000000723e00000| Updating 
| 247|0x0000000724000000, 0x0000000724200000, 0x0000000724200000|100%| O|  |TAMS 0x0000000724200000, 0x0000000724000000| Updating 
| 248|0x0000000724200000, 0x0000000724400000, 0x0000000724400000|100%| O|  |TAMS 0x0000000724400000, 0x0000000724200000| Updating 
| 249|0x0000000724400000, 0x0000000724600000, 0x0000000724600000|100%| O|  |TAMS 0x0000000724600000, 0x0000000724400000| Updating 
| 250|0x0000000724600000, 0x0000000724800000, 0x0000000724800000|100%| O|  |TAMS 0x0000000724800000, 0x0000000724600000| Updating 
| 251|0x0000000724800000, 0x0000000724a00000, 0x0000000724a00000|100%| O|  |TAMS 0x0000000724a00000, 0x0000000724800000| Updating 
| 252|0x0000000724a00000, 0x0000000724c00000, 0x0000000724c00000|100%| O|  |TAMS 0x0000000724c00000, 0x0000000724a00000| Updating 
| 253|0x0000000724c00000, 0x0000000724e00000, 0x0000000724e00000|100%| O|  |TAMS 0x0000000724e00000, 0x0000000724c00000| Updating 
| 254|0x0000000724e00000, 0x0000000725000000, 0x0000000725000000|100%| O|  |TAMS 0x0000000725000000, 0x0000000724e00000| Updating 
| 255|0x0000000725000000, 0x0000000725200000, 0x0000000725200000|100%| O|  |TAMS 0x0000000725200000, 0x0000000725000000| Untracked 
| 256|0x0000000725200000, 0x0000000725200000, 0x0000000725400000|  0%| F|  |TAMS 0x0000000725200000, 0x0000000725200000| Untracked 
| 257|0x0000000725400000, 0x0000000725400000, 0x0000000725600000|  0%| F|  |TAMS 0x0000000725400000, 0x0000000725400000| Untracked 
| 258|0x0000000725600000, 0x0000000725600000, 0x0000000725800000|  0%| F|  |TAMS 0x0000000725600000, 0x0000000725600000| Untracked 
| 259|0x0000000725800000, 0x0000000725800000, 0x0000000725a00000|  0%| F|  |TAMS 0x0000000725800000, 0x0000000725800000| Untracked 
| 260|0x0000000725a00000, 0x0000000725c00000, 0x0000000725c00000|100%| O|  |TAMS 0x0000000725c00000, 0x0000000725a00000| Updating 
| 261|0x0000000725c00000, 0x0000000725e00000, 0x0000000725e00000|100%| O|  |TAMS 0x0000000725e00000, 0x0000000725c00000| Updating 
| 262|0x0000000725e00000, 0x0000000725e00000, 0x0000000726000000|  0%| F|  |TAMS 0x0000000725e00000, 0x0000000725e00000| Untracked 
| 263|0x0000000726000000, 0x0000000726000000, 0x0000000726200000|  0%| F|  |TAMS 0x0000000726000000, 0x0000000726000000| Untracked 
| 264|0x0000000726200000, 0x0000000726200000, 0x0000000726400000|  0%| F|  |TAMS 0x0000000726200000, 0x0000000726200000| Untracked 
| 265|0x0000000726400000, 0x0000000726600000, 0x0000000726600000|100%| O|  |TAMS 0x0000000726600000, 0x0000000726400000| Untracked 
| 266|0x0000000726600000, 0x0000000726600000, 0x0000000726800000|  0%| F|  |TAMS 0x0000000726600000, 0x0000000726600000| Untracked 
| 267|0x0000000726800000, 0x0000000726800000, 0x0000000726a00000|  0%| F|  |TAMS 0x0000000726800000, 0x0000000726800000| Untracked 
| 268|0x0000000726a00000, 0x0000000726c00000, 0x0000000726c00000|100%| O|  |TAMS 0x0000000726c00000, 0x0000000726a00000| Untracked 
| 269|0x0000000726c00000, 0x0000000726e00000, 0x0000000726e00000|100%| O|  |TAMS 0x0000000726e00000, 0x0000000726c00000| Untracked 
| 270|0x0000000726e00000, 0x0000000727000000, 0x0000000727000000|100%| O|  |TAMS 0x0000000727000000, 0x0000000726e00000| Untracked 
| 271|0x0000000727000000, 0x0000000727200000, 0x0000000727200000|100%| O|  |TAMS 0x0000000727200000, 0x0000000727000000| Untracked 
| 272|0x0000000727200000, 0x0000000727400000, 0x0000000727400000|100%| O|  |TAMS 0x0000000727400000, 0x0000000727200000| Updating 
| 273|0x0000000727400000, 0x0000000727600000, 0x0000000727600000|100%| O|  |TAMS 0x0000000727600000, 0x0000000727400000| Updating 
| 274|0x0000000727600000, 0x0000000727800000, 0x0000000727800000|100%| O|  |TAMS 0x0000000727800000, 0x0000000727600000| Updating 
| 275|0x0000000727800000, 0x0000000727a00000, 0x0000000727a00000|100%| O|  |TAMS 0x0000000727a00000, 0x0000000727800000| Updating 
| 276|0x0000000727a00000, 0x0000000727c00000, 0x0000000727c00000|100%| O|  |TAMS 0x0000000727c00000, 0x0000000727a00000| Updating 
| 277|0x0000000727c00000, 0x0000000727e00000, 0x0000000727e00000|100%| O|  |TAMS 0x0000000727e00000, 0x0000000727c00000| Updating 
| 278|0x0000000727e00000, 0x0000000728000000, 0x0000000728000000|100%| O|  |TAMS 0x0000000728000000, 0x0000000727e00000| Updating 
| 279|0x0000000728000000, 0x0000000728200000, 0x0000000728200000|100%| O|  |TAMS 0x0000000728200000, 0x0000000728000000| Updating 
| 280|0x0000000728200000, 0x00000007283cfa00, 0x0000000728400000| 90%| O|  |TAMS 0x00000007283cfa00, 0x0000000728200000| Updating 
| 281|0x0000000728400000, 0x0000000728400000, 0x0000000728600000|  0%| F|  |TAMS 0x0000000728400000, 0x0000000728400000| Untracked 
| 282|0x0000000728600000, 0x0000000728600000, 0x0000000728800000|  0%| F|  |TAMS 0x0000000728600000, 0x0000000728600000| Untracked 
| 283|0x0000000728800000, 0x0000000728800000, 0x0000000728a00000|  0%| F|  |TAMS 0x0000000728800000, 0x0000000728800000| Untracked 
| 284|0x0000000728a00000, 0x0000000728a00000, 0x0000000728c00000|  0%| F|  |TAMS 0x0000000728a00000, 0x0000000728a00000| Untracked 
| 285|0x0000000728c00000, 0x0000000728c00000, 0x0000000728e00000|  0%| F|  |TAMS 0x0000000728c00000, 0x0000000728c00000| Untracked 
| 286|0x0000000728e00000, 0x0000000728e00000, 0x0000000729000000|  0%| F|  |TAMS 0x0000000728e00000, 0x0000000728e00000| Untracked 
| 287|0x0000000729000000, 0x0000000729000000, 0x0000000729200000|  0%| F|  |TAMS 0x0000000729000000, 0x0000000729000000| Untracked 
| 288|0x0000000729200000, 0x0000000729200000, 0x0000000729400000|  0%| F|  |TAMS 0x0000000729200000, 0x0000000729200000| Untracked 
| 289|0x0000000729400000, 0x0000000729400000, 0x0000000729600000|  0%| F|  |TAMS 0x0000000729400000, 0x0000000729400000| Untracked 
| 290|0x0000000729600000, 0x0000000729600000, 0x0000000729800000|  0%| F|  |TAMS 0x0000000729600000, 0x0000000729600000| Untracked 
| 291|0x0000000729800000, 0x0000000729800000, 0x0000000729a00000|  0%| F|  |TAMS 0x0000000729800000, 0x0000000729800000| Untracked 
| 292|0x0000000729a00000, 0x0000000729a00000, 0x0000000729c00000|  0%| F|  |TAMS 0x0000000729a00000, 0x0000000729a00000| Untracked 
| 293|0x0000000729c00000, 0x0000000729c00000, 0x0000000729e00000|  0%| F|  |TAMS 0x0000000729c00000, 0x0000000729c00000| Untracked 
| 294|0x0000000729e00000, 0x0000000729e00000, 0x000000072a000000|  0%| F|  |TAMS 0x0000000729e00000, 0x0000000729e00000| Untracked 
| 295|0x000000072a000000, 0x000000072a000000, 0x000000072a200000|  0%| F|  |TAMS 0x000000072a000000, 0x000000072a000000| Untracked 
| 296|0x000000072a200000, 0x000000072a200000, 0x000000072a400000|  0%| F|  |TAMS 0x000000072a200000, 0x000000072a200000| Untracked 
| 297|0x000000072a400000, 0x000000072a400000, 0x000000072a600000|  0%| F|  |TAMS 0x000000072a400000, 0x000000072a400000| Untracked 
| 298|0x000000072a600000, 0x000000072a600000, 0x000000072a800000|  0%| F|  |TAMS 0x000000072a600000, 0x000000072a600000| Untracked 
| 299|0x000000072a800000, 0x000000072a800000, 0x000000072aa00000|  0%| F|  |TAMS 0x000000072a800000, 0x000000072a800000| Untracked 
| 300|0x000000072aa00000, 0x000000072aa00000, 0x000000072ac00000|  0%| F|  |TAMS 0x000000072aa00000, 0x000000072aa00000| Untracked 
| 301|0x000000072ac00000, 0x000000072ac00000, 0x000000072ae00000|  0%| F|  |TAMS 0x000000072ac00000, 0x000000072ac00000| Untracked 
| 302|0x000000072ae00000, 0x000000072ae00000, 0x000000072b000000|  0%| F|  |TAMS 0x000000072ae00000, 0x000000072ae00000| Untracked 
| 303|0x000000072b000000, 0x000000072b000000, 0x000000072b200000|  0%| F|  |TAMS 0x000000072b000000, 0x000000072b000000| Untracked 
| 304|0x000000072b200000, 0x000000072b200000, 0x000000072b400000|  0%| F|  |TAMS 0x000000072b200000, 0x000000072b200000| Untracked 
| 305|0x000000072b400000, 0x000000072b400000, 0x000000072b600000|  0%| F|  |TAMS 0x000000072b400000, 0x000000072b400000| Untracked 
| 306|0x000000072b600000, 0x000000072b600000, 0x000000072b800000|  0%| F|  |TAMS 0x000000072b600000, 0x000000072b600000| Untracked 
| 307|0x000000072b800000, 0x000000072b800000, 0x000000072ba00000|  0%| F|  |TAMS 0x000000072b800000, 0x000000072b800000| Untracked 
| 308|0x000000072ba00000, 0x000000072ba00000, 0x000000072bc00000|  0%| F|  |TAMS 0x000000072ba00000, 0x000000072ba00000| Untracked 
| 309|0x000000072bc00000, 0x000000072bc00000, 0x000000072be00000|  0%| F|  |TAMS 0x000000072bc00000, 0x000000072bc00000| Untracked 
| 310|0x000000072be00000, 0x000000072be00000, 0x000000072c000000|  0%| F|  |TAMS 0x000000072be00000, 0x000000072be00000| Untracked 
| 311|0x000000072c000000, 0x000000072c000000, 0x000000072c200000|  0%| F|  |TAMS 0x000000072c000000, 0x000000072c000000| Untracked 
| 312|0x000000072c200000, 0x000000072c200000, 0x000000072c400000|  0%| F|  |TAMS 0x000000072c200000, 0x000000072c200000| Untracked 
| 313|0x000000072c400000, 0x000000072c400000, 0x000000072c600000|  0%| F|  |TAMS 0x000000072c400000, 0x000000072c400000| Untracked 
| 314|0x000000072c600000, 0x000000072c600000, 0x000000072c800000|  0%| F|  |TAMS 0x000000072c600000, 0x000000072c600000| Untracked 
| 315|0x000000072c800000, 0x000000072c800000, 0x000000072ca00000|  0%| F|  |TAMS 0x000000072c800000, 0x000000072c800000| Untracked 
| 316|0x000000072ca00000, 0x000000072ca00000, 0x000000072cc00000|  0%| F|  |TAMS 0x000000072ca00000, 0x000000072ca00000| Untracked 
| 317|0x000000072cc00000, 0x000000072cc00000, 0x000000072ce00000|  0%| F|  |TAMS 0x000000072cc00000, 0x000000072cc00000| Untracked 
| 318|0x000000072ce00000, 0x000000072ce00000, 0x000000072d000000|  0%| F|  |TAMS 0x000000072ce00000, 0x000000072ce00000| Untracked 
| 319|0x000000072d000000, 0x000000072d000000, 0x000000072d200000|  0%| F|  |TAMS 0x000000072d000000, 0x000000072d000000| Untracked 
| 320|0x000000072d200000, 0x000000072d200000, 0x000000072d400000|  0%| F|  |TAMS 0x000000072d200000, 0x000000072d200000| Untracked 
| 321|0x000000072d400000, 0x000000072d400000, 0x000000072d600000|  0%| F|  |TAMS 0x000000072d400000, 0x000000072d400000| Untracked 
| 322|0x000000072d600000, 0x000000072d800000, 0x000000072d800000|100%| O|  |TAMS 0x000000072d800000, 0x000000072d600000| Updating 
| 323|0x000000072d800000, 0x000000072d800000, 0x000000072da00000|  0%| F|  |TAMS 0x000000072d800000, 0x000000072d800000| Untracked 
| 324|0x000000072da00000, 0x000000072da00000, 0x000000072dc00000|  0%| F|  |TAMS 0x000000072da00000, 0x000000072da00000| Untracked 
| 325|0x000000072dc00000, 0x000000072dc00000, 0x000000072de00000|  0%| F|  |TAMS 0x000000072dc00000, 0x000000072dc00000| Untracked 
| 326|0x000000072de00000, 0x000000072de00000, 0x000000072e000000|  0%| F|  |TAMS 0x000000072de00000, 0x000000072de00000| Untracked 
| 327|0x000000072e000000, 0x000000072e000000, 0x000000072e200000|  0%| F|  |TAMS 0x000000072e000000, 0x000000072e000000| Untracked 
| 328|0x000000072e200000, 0x000000072e200000, 0x000000072e400000|  0%| F|  |TAMS 0x000000072e200000, 0x000000072e200000| Untracked 
| 329|0x000000072e400000, 0x000000072e400000, 0x000000072e600000|  0%| F|  |TAMS 0x000000072e400000, 0x000000072e400000| Untracked 
| 330|0x000000072e600000, 0x000000072e600000, 0x000000072e800000|  0%| F|  |TAMS 0x000000072e600000, 0x000000072e600000| Untracked 
| 331|0x000000072e800000, 0x000000072e800000, 0x000000072ea00000|  0%| F|  |TAMS 0x000000072e800000, 0x000000072e800000| Untracked 
| 332|0x000000072ea00000, 0x000000072ea00000, 0x000000072ec00000|  0%| F|  |TAMS 0x000000072ea00000, 0x000000072ea00000| Untracked 
| 333|0x000000072ec00000, 0x000000072ec00000, 0x000000072ee00000|  0%| F|  |TAMS 0x000000072ec00000, 0x000000072ec00000| Untracked 
| 334|0x000000072ee00000, 0x000000072ee00000, 0x000000072f000000|  0%| F|  |TAMS 0x000000072ee00000, 0x000000072ee00000| Untracked 
| 335|0x000000072f000000, 0x000000072f000000, 0x000000072f200000|  0%| F|  |TAMS 0x000000072f000000, 0x000000072f000000| Untracked 
| 336|0x000000072f200000, 0x000000072f200000, 0x000000072f400000|  0%| F|  |TAMS 0x000000072f200000, 0x000000072f200000| Untracked 
| 337|0x000000072f400000, 0x000000072f400000, 0x000000072f600000|  0%| F|  |TAMS 0x000000072f400000, 0x000000072f400000| Untracked 
| 338|0x000000072f600000, 0x000000072f600000, 0x000000072f800000|  0%| F|  |TAMS 0x000000072f600000, 0x000000072f600000| Untracked 
| 339|0x000000072f800000, 0x000000072f800000, 0x000000072fa00000|  0%| F|  |TAMS 0x000000072f800000, 0x000000072f800000| Untracked 
| 340|0x000000072fa00000, 0x000000072fa00000, 0x000000072fc00000|  0%| F|  |TAMS 0x000000072fa00000, 0x000000072fa00000| Untracked 
| 341|0x000000072fc00000, 0x000000072fc00000, 0x000000072fe00000|  0%| F|  |TAMS 0x000000072fc00000, 0x000000072fc00000| Untracked 
| 342|0x000000072fe00000, 0x000000072fe00000, 0x0000000730000000|  0%| F|  |TAMS 0x000000072fe00000, 0x000000072fe00000| Untracked 
| 343|0x0000000730000000, 0x0000000730000000, 0x0000000730200000|  0%| F|  |TAMS 0x0000000730000000, 0x0000000730000000| Untracked 
| 344|0x0000000730200000, 0x0000000730200000, 0x0000000730400000|  0%| F|  |TAMS 0x0000000730200000, 0x0000000730200000| Untracked 
| 345|0x0000000730400000, 0x0000000730400000, 0x0000000730600000|  0%| F|  |TAMS 0x0000000730400000, 0x0000000730400000| Untracked 
| 346|0x0000000730600000, 0x0000000730600000, 0x0000000730800000|  0%| F|  |TAMS 0x0000000730600000, 0x0000000730600000| Untracked 
| 347|0x0000000730800000, 0x0000000730800000, 0x0000000730a00000|  0%| F|  |TAMS 0x0000000730800000, 0x0000000730800000| Untracked 
| 348|0x0000000730a00000, 0x0000000730a00000, 0x0000000730c00000|  0%| F|  |TAMS 0x0000000730a00000, 0x0000000730a00000| Untracked 
| 349|0x0000000730c00000, 0x0000000730c00000, 0x0000000730e00000|  0%| F|  |TAMS 0x0000000730c00000, 0x0000000730c00000| Untracked 
| 350|0x0000000730e00000, 0x0000000730e00000, 0x0000000731000000|  0%| F|  |TAMS 0x0000000730e00000, 0x0000000730e00000| Untracked 
| 351|0x0000000731000000, 0x0000000731000000, 0x0000000731200000|  0%| F|  |TAMS 0x0000000731000000, 0x0000000731000000| Untracked 
| 352|0x0000000731200000, 0x0000000731200000, 0x0000000731400000|  0%| F|  |TAMS 0x0000000731200000, 0x0000000731200000| Untracked 
| 353|0x0000000731400000, 0x0000000731400000, 0x0000000731600000|  0%| F|  |TAMS 0x0000000731400000, 0x0000000731400000| Untracked 
| 354|0x0000000731600000, 0x0000000731600000, 0x0000000731800000|  0%| F|  |TAMS 0x0000000731600000, 0x0000000731600000| Untracked 
| 355|0x0000000731800000, 0x0000000731800000, 0x0000000731a00000|  0%| F|  |TAMS 0x0000000731800000, 0x0000000731800000| Untracked 
| 356|0x0000000731a00000, 0x0000000731a00000, 0x0000000731c00000|  0%| F|  |TAMS 0x0000000731a00000, 0x0000000731a00000| Untracked 
| 357|0x0000000731c00000, 0x0000000731c00000, 0x0000000731e00000|  0%| F|  |TAMS 0x0000000731c00000, 0x0000000731c00000| Untracked 
| 358|0x0000000731e00000, 0x0000000731e00000, 0x0000000732000000|  0%| F|  |TAMS 0x0000000731e00000, 0x0000000731e00000| Untracked 
| 359|0x0000000732000000, 0x0000000732000000, 0x0000000732200000|  0%| F|  |TAMS 0x0000000732000000, 0x0000000732000000| Untracked 
| 360|0x0000000732200000, 0x0000000732200000, 0x0000000732400000|  0%| F|  |TAMS 0x0000000732200000, 0x0000000732200000| Untracked 
| 361|0x0000000732400000, 0x0000000732400000, 0x0000000732600000|  0%| F|  |TAMS 0x0000000732400000, 0x0000000732400000| Untracked 
| 362|0x0000000732600000, 0x0000000732600000, 0x0000000732800000|  0%| F|  |TAMS 0x0000000732600000, 0x0000000732600000| Untracked 
| 363|0x0000000732800000, 0x0000000732a00000, 0x0000000732a00000|100%| S|CS|TAMS 0x0000000732800000, 0x0000000732800000| Complete 
| 364|0x0000000732a00000, 0x0000000732c00000, 0x0000000732c00000|100%| S|CS|TAMS 0x0000000732a00000, 0x0000000732a00000| Complete 
| 365|0x0000000732c00000, 0x0000000732c00000, 0x0000000732e00000|  0%| F|  |TAMS 0x0000000732c00000, 0x0000000732c00000| Untracked 
| 366|0x0000000732e00000, 0x0000000732e00000, 0x0000000733000000|  0%| F|  |TAMS 0x0000000732e00000, 0x0000000732e00000| Untracked 
| 367|0x0000000733000000, 0x0000000733000000, 0x0000000733200000|  0%| F|  |TAMS 0x0000000733000000, 0x0000000733000000| Untracked 
| 368|0x0000000733200000, 0x0000000733200000, 0x0000000733400000|  0%| F|  |TAMS 0x0000000733200000, 0x0000000733200000| Untracked 
| 369|0x0000000733400000, 0x0000000733400000, 0x0000000733600000|  0%| F|  |TAMS 0x0000000733400000, 0x0000000733400000| Untracked 
| 370|0x0000000733600000, 0x0000000733600000, 0x0000000733800000|  0%| F|  |TAMS 0x0000000733600000, 0x0000000733600000| Untracked 
| 371|0x0000000733800000, 0x0000000733800000, 0x0000000733a00000|  0%| F|  |TAMS 0x0000000733800000, 0x0000000733800000| Untracked 
| 372|0x0000000733a00000, 0x0000000733c00000, 0x0000000733c00000|100%| S|CS|TAMS 0x0000000733a00000, 0x0000000733a00000| Complete 
| 373|0x0000000733c00000, 0x0000000733e00000, 0x0000000733e00000|100%| S|CS|TAMS 0x0000000733c00000, 0x0000000733c00000| Complete 
| 374|0x0000000733e00000, 0x0000000734000000, 0x0000000734000000|100%| S|CS|TAMS 0x0000000733e00000, 0x0000000733e00000| Complete 
| 375|0x0000000734000000, 0x0000000734200000, 0x0000000734200000|100%| S|CS|TAMS 0x0000000734000000, 0x0000000734000000| Complete 
| 376|0x0000000734200000, 0x0000000734400000, 0x0000000734400000|100%| S|CS|TAMS 0x0000000734200000, 0x0000000734200000| Complete 
| 377|0x0000000734400000, 0x0000000734600000, 0x0000000734600000|100%| S|CS|TAMS 0x0000000734400000, 0x0000000734400000| Complete 
| 378|0x0000000734600000, 0x0000000734800000, 0x0000000734800000|100%| O|  |TAMS 0x0000000734800000, 0x0000000734600000| Updating 
| 379|0x0000000734800000, 0x0000000734a00000, 0x0000000734a00000|100%| O|  |TAMS 0x0000000734a00000, 0x0000000734800000| Updating 
| 380|0x0000000734a00000, 0x0000000734c00000, 0x0000000734c00000|100%| O|  |TAMS 0x0000000734c00000, 0x0000000734a00000| Updating 
| 381|0x0000000734c00000, 0x0000000734e00000, 0x0000000734e00000|100%| O|  |TAMS 0x0000000734e00000, 0x0000000734c00000| Updating 
| 382|0x0000000734e00000, 0x0000000735000000, 0x0000000735000000|100%| O|  |TAMS 0x0000000735000000, 0x0000000734e00000| Updating 
| 383|0x0000000735000000, 0x0000000735200000, 0x0000000735200000|100%| O|  |TAMS 0x0000000735200000, 0x0000000735000000| Updating 
| 384|0x0000000735200000, 0x0000000735400000, 0x0000000735400000|100%| O|  |TAMS 0x0000000735400000, 0x0000000735200000| Updating 
| 385|0x0000000735400000, 0x0000000735600000, 0x0000000735600000|100%| O|  |TAMS 0x0000000735600000, 0x0000000735400000| Untracked 
| 386|0x0000000735600000, 0x0000000735800000, 0x0000000735800000|100%| O|  |TAMS 0x0000000735800000, 0x0000000735600000| Updating 
| 387|0x0000000735800000, 0x0000000735a00000, 0x0000000735a00000|100%| O|  |TAMS 0x0000000735a00000, 0x0000000735800000| Untracked 
| 388|0x0000000735a00000, 0x0000000735c00000, 0x0000000735c00000|100%| O|  |TAMS 0x0000000735c00000, 0x0000000735a00000| Updating 
| 389|0x0000000735c00000, 0x0000000735e00000, 0x0000000735e00000|100%| O|  |TAMS 0x0000000735e00000, 0x0000000735c00000| Updating 
| 390|0x0000000735e00000, 0x0000000736000000, 0x0000000736000000|100%| O|  |TAMS 0x0000000736000000, 0x0000000735e00000| Updating 
| 391|0x0000000736000000, 0x0000000736200000, 0x0000000736200000|100%| O|  |TAMS 0x0000000736200000, 0x0000000736000000| Untracked 
| 392|0x0000000736200000, 0x0000000736400000, 0x0000000736400000|100%| O|  |TAMS 0x0000000736400000, 0x0000000736200000| Updating 
| 393|0x0000000736400000, 0x0000000736600000, 0x0000000736600000|100%| O|  |TAMS 0x0000000736600000, 0x0000000736400000| Untracked 
| 394|0x0000000736600000, 0x0000000736800000, 0x0000000736800000|100%| O|  |TAMS 0x0000000736800000, 0x0000000736600000| Untracked 
| 395|0x0000000736800000, 0x0000000736a00000, 0x0000000736a00000|100%| O|  |TAMS 0x0000000736a00000, 0x0000000736800000| Updating 
| 396|0x0000000736a00000, 0x0000000736c00000, 0x0000000736c00000|100%| O|  |TAMS 0x0000000736c00000, 0x0000000736a00000| Untracked 
| 397|0x0000000736c00000, 0x0000000736e00000, 0x0000000736e00000|100%| O|  |TAMS 0x0000000736e00000, 0x0000000736c00000| Updating 
| 398|0x0000000736e00000, 0x0000000737000000, 0x0000000737000000|100%| O|  |TAMS 0x0000000737000000, 0x0000000736e00000| Updating 
| 399|0x0000000737000000, 0x0000000737200000, 0x0000000737200000|100%| O|  |TAMS 0x0000000737200000, 0x0000000737000000| Updating 
| 400|0x0000000737200000, 0x0000000737200000, 0x0000000737400000|  0%| F|  |TAMS 0x0000000737200000, 0x0000000737200000| Untracked 
| 401|0x0000000737400000, 0x0000000737600000, 0x0000000737600000|100%| O|  |TAMS 0x0000000737600000, 0x0000000737400000| Updating 
| 402|0x0000000737600000, 0x0000000737800000, 0x0000000737800000|100%| O|  |TAMS 0x0000000737800000, 0x0000000737600000| Updating 
| 403|0x0000000737800000, 0x0000000737a00000, 0x0000000737a00000|100%| O|  |TAMS 0x0000000737a00000, 0x0000000737800000| Updating 
| 404|0x0000000737a00000, 0x0000000737a00000, 0x0000000737c00000|  0%| F|  |TAMS 0x0000000737a00000, 0x0000000737a00000| Untracked 
| 405|0x0000000737c00000, 0x0000000737e00000, 0x0000000737e00000|100%| O|  |TAMS 0x0000000737e00000, 0x0000000737c00000| Updating 
| 406|0x0000000737e00000, 0x0000000737e00000, 0x0000000738000000|  0%| F|  |TAMS 0x0000000737e00000, 0x0000000737e00000| Untracked 
| 407|0x0000000738000000, 0x0000000738000000, 0x0000000738200000|  0%| F|  |TAMS 0x0000000738000000, 0x0000000738000000| Untracked 
| 408|0x0000000738200000, 0x0000000738200000, 0x0000000738400000|  0%| F|  |TAMS 0x0000000738200000, 0x0000000738200000| Untracked 
| 409|0x0000000738400000, 0x0000000738400000, 0x0000000738600000|  0%| F|  |TAMS 0x0000000738400000, 0x0000000738400000| Untracked 
| 410|0x0000000738600000, 0x0000000738600000, 0x0000000738800000|  0%| F|  |TAMS 0x0000000738600000, 0x0000000738600000| Untracked 
| 411|0x0000000738800000, 0x0000000738a00000, 0x0000000738a00000|100%| O|  |TAMS 0x0000000738a00000, 0x0000000738800000| Updating 
| 412|0x0000000738a00000, 0x0000000738a00000, 0x0000000738c00000|  0%| F|  |TAMS 0x0000000738a00000, 0x0000000738a00000| Untracked 
| 413|0x0000000738c00000, 0x0000000738c00000, 0x0000000738e00000|  0%| F|  |TAMS 0x0000000738c00000, 0x0000000738c00000| Untracked 
| 414|0x0000000738e00000, 0x0000000738e00000, 0x0000000739000000|  0%| F|  |TAMS 0x0000000738e00000, 0x0000000738e00000| Untracked 
| 415|0x0000000739000000, 0x0000000739200000, 0x0000000739200000|100%| O|  |TAMS 0x0000000739200000, 0x0000000739000000| Updating 
| 416|0x0000000739200000, 0x0000000739400000, 0x0000000739400000|100%| O|  |TAMS 0x0000000739400000, 0x0000000739200000| Untracked 
| 417|0x0000000739400000, 0x0000000739600000, 0x0000000739600000|100%| O|  |TAMS 0x0000000739600000, 0x0000000739400000| Untracked 
| 418|0x0000000739600000, 0x0000000739800000, 0x0000000739800000|100%| O|  |TAMS 0x0000000739800000, 0x0000000739600000| Untracked 
| 419|0x0000000739800000, 0x0000000739a00000, 0x0000000739a00000|100%| O|  |TAMS 0x0000000739a00000, 0x0000000739800000| Updating 
| 420|0x0000000739a00000, 0x0000000739c00000, 0x0000000739c00000|100%| O|  |TAMS 0x0000000739c00000, 0x0000000739a00000| Untracked 
| 421|0x0000000739c00000, 0x0000000739e00000, 0x0000000739e00000|100%| O|  |TAMS 0x0000000739e00000, 0x0000000739c00000| Untracked 
| 422|0x0000000739e00000, 0x000000073a000000, 0x000000073a000000|100%| O|  |TAMS 0x000000073a000000, 0x0000000739e00000| Untracked 
| 423|0x000000073a000000, 0x000000073a200000, 0x000000073a200000|100%| O|  |TAMS 0x000000073a200000, 0x000000073a000000| Untracked 
| 424|0x000000073a200000, 0x000000073a400000, 0x000000073a400000|100%| O|  |TAMS 0x000000073a400000, 0x000000073a200000| Untracked 
| 425|0x000000073a400000, 0x000000073a600000, 0x000000073a600000|100%| O|  |TAMS 0x000000073a600000, 0x000000073a400000| Untracked 
| 426|0x000000073a600000, 0x000000073a800000, 0x000000073a800000|100%| O|  |TAMS 0x000000073a800000, 0x000000073a600000| Untracked 
| 427|0x000000073a800000, 0x000000073aa00000, 0x000000073aa00000|100%| O|  |TAMS 0x000000073aa00000, 0x000000073a800000| Untracked 
| 428|0x000000073aa00000, 0x000000073ac00000, 0x000000073ac00000|100%| O|  |TAMS 0x000000073ac00000, 0x000000073aa00000| Updating 
| 429|0x000000073ac00000, 0x000000073ae00000, 0x000000073ae00000|100%| O|  |TAMS 0x000000073ae00000, 0x000000073ac00000| Updating 
| 430|0x000000073ae00000, 0x000000073ae00000, 0x000000073b000000|  0%| F|  |TAMS 0x000000073ae00000, 0x000000073ae00000| Untracked 
| 431|0x000000073b000000, 0x000000073b200000, 0x000000073b200000|100%| O|  |TAMS 0x000000073b200000, 0x000000073b000000| Untracked 
| 432|0x000000073b200000, 0x000000073b400000, 0x000000073b400000|100%| O|  |TAMS 0x000000073b400000, 0x000000073b200000| Untracked 
| 433|0x000000073b400000, 0x000000073b600000, 0x000000073b600000|100%| O|  |TAMS 0x000000073b600000, 0x000000073b400000| Untracked 
| 434|0x000000073b600000, 0x000000073b800000, 0x000000073b800000|100%| O|  |TAMS 0x000000073b800000, 0x000000073b600000| Untracked 
| 435|0x000000073b800000, 0x000000073ba00000, 0x000000073ba00000|100%| O|  |TAMS 0x000000073ba00000, 0x000000073b800000| Untracked 
| 436|0x000000073ba00000, 0x000000073bc00000, 0x000000073bc00000|100%| O|  |TAMS 0x000000073bc00000, 0x000000073ba00000| Untracked 
| 437|0x000000073bc00000, 0x000000073be00000, 0x000000073be00000|100%| O|  |TAMS 0x000000073be00000, 0x000000073bc00000| Untracked 
| 438|0x000000073be00000, 0x000000073c000000, 0x000000073c000000|100%| O|  |TAMS 0x000000073c000000, 0x000000073be00000| Untracked 
| 439|0x000000073c000000, 0x000000073c200000, 0x000000073c200000|100%| O|  |TAMS 0x000000073c200000, 0x000000073c000000| Untracked 
| 440|0x000000073c200000, 0x000000073c400000, 0x000000073c400000|100%| O|  |TAMS 0x000000073c400000, 0x000000073c200000| Untracked 
| 441|0x000000073c400000, 0x000000073c600000, 0x000000073c600000|100%| O|  |TAMS 0x000000073c600000, 0x000000073c400000| Updating 
| 442|0x000000073c600000, 0x000000073c800000, 0x000000073c800000|100%| O|  |TAMS 0x000000073c800000, 0x000000073c600000| Untracked 
| 443|0x000000073c800000, 0x000000073ca00000, 0x000000073ca00000|100%| O|  |TAMS 0x000000073ca00000, 0x000000073c800000| Untracked 
| 444|0x000000073ca00000, 0x000000073cc00000, 0x000000073cc00000|100%| O|  |TAMS 0x000000073cc00000, 0x000000073ca00000| Updating 
| 445|0x000000073cc00000, 0x000000073ce00000, 0x000000073ce00000|100%| O|  |TAMS 0x000000073ce00000, 0x000000073cc00000| Untracked 
| 446|0x000000073ce00000, 0x000000073ce00000, 0x000000073d000000|  0%| F|  |TAMS 0x000000073ce00000, 0x000000073ce00000| Untracked 
| 447|0x000000073d000000, 0x000000073d000000, 0x000000073d200000|  0%| F|  |TAMS 0x000000073d000000, 0x000000073d000000| Untracked 
| 448|0x000000073d200000, 0x000000073d400000, 0x000000073d400000|100%| O|  |TAMS 0x000000073d400000, 0x000000073d200000| Updating 
| 449|0x000000073d400000, 0x000000073d600000, 0x000000073d600000|100%|HS|  |TAMS 0x000000073d600000, 0x000000073d400000| Complete 
| 450|0x000000073d600000, 0x000000073d800000, 0x000000073d800000|100%| O|  |TAMS 0x000000073d800000, 0x000000073d600000| Updating 
| 451|0x000000073d800000, 0x000000073da00000, 0x000000073da00000|100%| O|  |TAMS 0x000000073da00000, 0x000000073d800000| Updating 
| 452|0x000000073da00000, 0x000000073dc00000, 0x000000073dc00000|100%| O|  |TAMS 0x000000073dc00000, 0x000000073da00000| Updating 
| 453|0x000000073dc00000, 0x000000073dc00000, 0x000000073de00000|  0%| F|  |TAMS 0x000000073dc00000, 0x000000073dc00000| Untracked 
| 454|0x000000073de00000, 0x000000073e000000, 0x000000073e000000|100%| O|  |TAMS 0x000000073e000000, 0x000000073de00000| Updating 
| 455|0x000000073e000000, 0x000000073e000000, 0x000000073e200000|  0%| F|  |TAMS 0x000000073e000000, 0x000000073e000000| Untracked 
| 456|0x000000073e200000, 0x000000073e400000, 0x000000073e400000|100%| O|  |TAMS 0x000000073e400000, 0x000000073e200000| Updating 
| 457|0x000000073e400000, 0x000000073e600000, 0x000000073e600000|100%| O|  |TAMS 0x000000073e600000, 0x000000073e400000| Untracked 
| 458|0x000000073e600000, 0x000000073e600000, 0x000000073e800000|  0%| F|  |TAMS 0x000000073e600000, 0x000000073e600000| Untracked 
| 459|0x000000073e800000, 0x000000073e800000, 0x000000073ea00000|  0%| F|  |TAMS 0x000000073e800000, 0x000000073e800000| Untracked 
| 460|0x000000073ea00000, 0x000000073ea00000, 0x000000073ec00000|  0%| F|  |TAMS 0x000000073ea00000, 0x000000073ea00000| Untracked 
| 461|0x000000073ec00000, 0x000000073ec00000, 0x000000073ee00000|  0%| F|  |TAMS 0x000000073ec00000, 0x000000073ec00000| Untracked 
| 462|0x000000073ee00000, 0x000000073f000000, 0x000000073f000000|100%| O|  |TAMS 0x000000073f000000, 0x000000073ee00000| Updating 
| 463|0x000000073f000000, 0x000000073f200000, 0x000000073f200000|100%| O|  |TAMS 0x000000073f200000, 0x000000073f000000| Updating 
| 464|0x000000073f200000, 0x000000073f400000, 0x000000073f400000|100%| O|  |TAMS 0x000000073f400000, 0x000000073f200000| Updating 
| 465|0x000000073f400000, 0x000000073f400000, 0x000000073f600000|  0%| F|  |TAMS 0x000000073f400000, 0x000000073f400000| Untracked 
| 466|0x000000073f600000, 0x000000073f600000, 0x000000073f800000|  0%| F|  |TAMS 0x000000073f600000, 0x000000073f600000| Untracked 
| 467|0x000000073f800000, 0x000000073f800000, 0x000000073fa00000|  0%| F|  |TAMS 0x000000073f800000, 0x000000073f800000| Untracked 
| 468|0x000000073fa00000, 0x000000073fc00000, 0x000000073fc00000|100%| O|  |TAMS 0x000000073fc00000, 0x000000073fa00000| Updating 
| 469|0x000000073fc00000, 0x000000073fe00000, 0x000000073fe00000|100%| O|  |TAMS 0x000000073fe00000, 0x000000073fc00000| Updating 
| 470|0x000000073fe00000, 0x000000073fe00000, 0x0000000740000000|  0%| F|  |TAMS 0x000000073fe00000, 0x000000073fe00000| Untracked 
| 471|0x0000000740000000, 0x0000000740200000, 0x0000000740200000|100%| O|  |TAMS 0x0000000740200000, 0x0000000740000000| Updating 
| 472|0x0000000740200000, 0x0000000740200000, 0x0000000740400000|  0%| F|  |TAMS 0x0000000740200000, 0x0000000740200000| Untracked 
| 473|0x0000000740400000, 0x0000000740400000, 0x0000000740600000|  0%| F|  |TAMS 0x0000000740400000, 0x0000000740400000| Untracked 
| 474|0x0000000740600000, 0x0000000740600000, 0x0000000740800000|  0%| F|  |TAMS 0x0000000740600000, 0x0000000740600000| Untracked 
| 475|0x0000000740800000, 0x0000000740800000, 0x0000000740a00000|  0%| F|  |TAMS 0x0000000740800000, 0x0000000740800000| Untracked 
| 476|0x0000000740a00000, 0x0000000740a00000, 0x0000000740c00000|  0%| F|  |TAMS 0x0000000740a00000, 0x0000000740a00000| Untracked 
| 477|0x0000000740c00000, 0x0000000740c00000, 0x0000000740e00000|  0%| F|  |TAMS 0x0000000740c00000, 0x0000000740c00000| Untracked 
| 478|0x0000000740e00000, 0x0000000740e00000, 0x0000000741000000|  0%| F|  |TAMS 0x0000000740e00000, 0x0000000740e00000| Untracked 
| 479|0x0000000741000000, 0x0000000741000000, 0x0000000741200000|  0%| F|  |TAMS 0x0000000741000000, 0x0000000741000000| Untracked 
| 480|0x0000000741200000, 0x0000000741200000, 0x0000000741400000|  0%| F|  |TAMS 0x0000000741200000, 0x0000000741200000| Untracked 
| 481|0x0000000741400000, 0x0000000741400000, 0x0000000741600000|  0%| F|  |TAMS 0x0000000741400000, 0x0000000741400000| Untracked 
| 482|0x0000000741600000, 0x0000000741800000, 0x0000000741800000|100%| O|  |TAMS 0x0000000741800000, 0x0000000741600000| Updating 
| 483|0x0000000741800000, 0x0000000741a00000, 0x0000000741a00000|100%| O|  |TAMS 0x0000000741a00000, 0x0000000741800000| Untracked 
| 484|0x0000000741a00000, 0x0000000741c00000, 0x0000000741c00000|100%| O|  |TAMS 0x0000000741c00000, 0x0000000741a00000| Updating 
| 485|0x0000000741c00000, 0x0000000741e00000, 0x0000000741e00000|100%| O|  |TAMS 0x0000000741e00000, 0x0000000741c00000| Updating 
| 486|0x0000000741e00000, 0x0000000742000000, 0x0000000742000000|100%| O|  |TAMS 0x0000000742000000, 0x0000000741e00000| Updating 
| 487|0x0000000742000000, 0x0000000742200000, 0x0000000742200000|100%| O|  |TAMS 0x0000000742200000, 0x0000000742000000| Updating 
| 488|0x0000000742200000, 0x0000000742200000, 0x0000000742400000|  0%| F|  |TAMS 0x0000000742200000, 0x0000000742200000| Untracked 
| 489|0x0000000742400000, 0x0000000742600000, 0x0000000742600000|100%| O|  |TAMS 0x0000000742600000, 0x0000000742400000| Updating 
| 490|0x0000000742600000, 0x0000000742800000, 0x0000000742800000|100%| O|  |TAMS 0x0000000742800000, 0x0000000742600000| Untracked 
| 491|0x0000000742800000, 0x0000000742a00000, 0x0000000742a00000|100%| O|  |TAMS 0x0000000742a00000, 0x0000000742800000| Updating 
| 492|0x0000000742a00000, 0x0000000742a00000, 0x0000000742c00000|  0%| F|  |TAMS 0x0000000742a00000, 0x0000000742a00000| Untracked 
| 493|0x0000000742c00000, 0x0000000742c00000, 0x0000000742e00000|  0%| F|  |TAMS 0x0000000742c00000, 0x0000000742c00000| Untracked 
| 494|0x0000000742e00000, 0x0000000742e00000, 0x0000000743000000|  0%| F|  |TAMS 0x0000000742e00000, 0x0000000742e00000| Untracked 
| 495|0x0000000743000000, 0x0000000743000000, 0x0000000743200000|  0%| F|  |TAMS 0x0000000743000000, 0x0000000743000000| Untracked 
| 496|0x0000000743200000, 0x0000000743200000, 0x0000000743400000|  0%| F|  |TAMS 0x0000000743200000, 0x0000000743200000| Untracked 
| 497|0x0000000743400000, 0x0000000743400000, 0x0000000743600000|  0%| F|  |TAMS 0x0000000743400000, 0x0000000743400000| Untracked 
| 498|0x0000000743600000, 0x0000000743600000, 0x0000000743800000|  0%| F|  |TAMS 0x0000000743600000, 0x0000000743600000| Untracked 
| 499|0x0000000743800000, 0x0000000743800000, 0x0000000743a00000|  0%| F|  |TAMS 0x0000000743800000, 0x0000000743800000| Untracked 
| 500|0x0000000743a00000, 0x0000000743a00000, 0x0000000743c00000|  0%| F|  |TAMS 0x0000000743a00000, 0x0000000743a00000| Untracked 
| 501|0x0000000743c00000, 0x0000000743c00000, 0x0000000743e00000|  0%| F|  |TAMS 0x0000000743c00000, 0x0000000743c00000| Untracked 
| 502|0x0000000743e00000, 0x0000000743e00000, 0x0000000744000000|  0%| F|  |TAMS 0x0000000743e00000, 0x0000000743e00000| Untracked 
| 503|0x0000000744000000, 0x0000000744000000, 0x0000000744200000|  0%| F|  |TAMS 0x0000000744000000, 0x0000000744000000| Untracked 
| 504|0x0000000744200000, 0x0000000744200000, 0x0000000744400000|  0%| F|  |TAMS 0x0000000744200000, 0x0000000744200000| Untracked 
| 505|0x0000000744400000, 0x0000000744400000, 0x0000000744600000|  0%| F|  |TAMS 0x0000000744400000, 0x0000000744400000| Untracked 
| 506|0x0000000744600000, 0x0000000744600000, 0x0000000744800000|  0%| F|  |TAMS 0x0000000744600000, 0x0000000744600000| Untracked 
| 507|0x0000000744800000, 0x0000000744800000, 0x0000000744a00000|  0%| F|  |TAMS 0x0000000744800000, 0x0000000744800000| Untracked 
| 508|0x0000000744a00000, 0x0000000744a00000, 0x0000000744c00000|  0%| F|  |TAMS 0x0000000744a00000, 0x0000000744a00000| Untracked 
| 509|0x0000000744c00000, 0x0000000744c00000, 0x0000000744e00000|  0%| F|  |TAMS 0x0000000744c00000, 0x0000000744c00000| Untracked 
| 510|0x0000000744e00000, 0x0000000744e00000, 0x0000000745000000|  0%| F|  |TAMS 0x0000000744e00000, 0x0000000744e00000| Untracked 
| 511|0x0000000745000000, 0x0000000745000000, 0x0000000745200000|  0%| F|  |TAMS 0x0000000745000000, 0x0000000745000000| Untracked 
| 512|0x0000000745200000, 0x0000000745200000, 0x0000000745400000|  0%| F|  |TAMS 0x0000000745200000, 0x0000000745200000| Untracked 
| 513|0x0000000745400000, 0x0000000745400000, 0x0000000745600000|  0%| F|  |TAMS 0x0000000745400000, 0x0000000745400000| Untracked 
| 514|0x0000000745600000, 0x0000000745600000, 0x0000000745800000|  0%| F|  |TAMS 0x0000000745600000, 0x0000000745600000| Untracked 
| 515|0x0000000745800000, 0x0000000745800000, 0x0000000745a00000|  0%| F|  |TAMS 0x0000000745800000, 0x0000000745800000| Untracked 
| 516|0x0000000745a00000, 0x0000000745a00000, 0x0000000745c00000|  0%| F|  |TAMS 0x0000000745a00000, 0x0000000745a00000| Untracked 
| 517|0x0000000745c00000, 0x0000000745c00000, 0x0000000745e00000|  0%| F|  |TAMS 0x0000000745c00000, 0x0000000745c00000| Untracked 
| 518|0x0000000745e00000, 0x0000000745e00000, 0x0000000746000000|  0%| F|  |TAMS 0x0000000745e00000, 0x0000000745e00000| Untracked 
| 519|0x0000000746000000, 0x0000000746000000, 0x0000000746200000|  0%| F|  |TAMS 0x0000000746000000, 0x0000000746000000| Untracked 
| 520|0x0000000746200000, 0x0000000746200000, 0x0000000746400000|  0%| F|  |TAMS 0x0000000746200000, 0x0000000746200000| Untracked 
| 521|0x0000000746400000, 0x0000000746400000, 0x0000000746600000|  0%| F|  |TAMS 0x0000000746400000, 0x0000000746400000| Untracked 
| 522|0x0000000746600000, 0x0000000746600000, 0x0000000746800000|  0%| F|  |TAMS 0x0000000746600000, 0x0000000746600000| Untracked 
| 523|0x0000000746800000, 0x0000000746800000, 0x0000000746a00000|  0%| F|  |TAMS 0x0000000746800000, 0x0000000746800000| Untracked 
| 524|0x0000000746a00000, 0x0000000746a00000, 0x0000000746c00000|  0%| F|  |TAMS 0x0000000746a00000, 0x0000000746a00000| Untracked 
| 525|0x0000000746c00000, 0x0000000746c00000, 0x0000000746e00000|  0%| F|  |TAMS 0x0000000746c00000, 0x0000000746c00000| Untracked 
| 526|0x0000000746e00000, 0x0000000746e00000, 0x0000000747000000|  0%| F|  |TAMS 0x0000000746e00000, 0x0000000746e00000| Untracked 
| 527|0x0000000747000000, 0x0000000747000000, 0x0000000747200000|  0%| F|  |TAMS 0x0000000747000000, 0x0000000747000000| Untracked 
| 528|0x0000000747200000, 0x0000000747200000, 0x0000000747400000|  0%| F|  |TAMS 0x0000000747200000, 0x0000000747200000| Untracked 
| 529|0x0000000747400000, 0x0000000747400000, 0x0000000747600000|  0%| F|  |TAMS 0x0000000747400000, 0x0000000747400000| Untracked 
| 530|0x0000000747600000, 0x0000000747600000, 0x0000000747800000|  0%| F|  |TAMS 0x0000000747600000, 0x0000000747600000| Untracked 
| 531|0x0000000747800000, 0x0000000747800000, 0x0000000747a00000|  0%| F|  |TAMS 0x0000000747800000, 0x0000000747800000| Untracked 
| 532|0x0000000747a00000, 0x0000000747a00000, 0x0000000747c00000|  0%| F|  |TAMS 0x0000000747a00000, 0x0000000747a00000| Untracked 
| 533|0x0000000747c00000, 0x0000000747c00000, 0x0000000747e00000|  0%| F|  |TAMS 0x0000000747c00000, 0x0000000747c00000| Untracked 
| 534|0x0000000747e00000, 0x0000000747e00000, 0x0000000748000000|  0%| F|  |TAMS 0x0000000747e00000, 0x0000000747e00000| Untracked 
| 535|0x0000000748000000, 0x0000000748000000, 0x0000000748200000|  0%| F|  |TAMS 0x0000000748000000, 0x0000000748000000| Untracked 
| 536|0x0000000748200000, 0x0000000748200000, 0x0000000748400000|  0%| F|  |TAMS 0x0000000748200000, 0x0000000748200000| Untracked 
| 537|0x0000000748400000, 0x0000000748400000, 0x0000000748600000|  0%| F|  |TAMS 0x0000000748400000, 0x0000000748400000| Untracked 
| 538|0x0000000748600000, 0x0000000748600000, 0x0000000748800000|  0%| F|  |TAMS 0x0000000748600000, 0x0000000748600000| Untracked 
| 539|0x0000000748800000, 0x0000000748800000, 0x0000000748a00000|  0%| F|  |TAMS 0x0000000748800000, 0x0000000748800000| Untracked 
| 540|0x0000000748a00000, 0x0000000748a00000, 0x0000000748c00000|  0%| F|  |TAMS 0x0000000748a00000, 0x0000000748a00000| Untracked 
| 541|0x0000000748c00000, 0x0000000748c00000, 0x0000000748e00000|  0%| F|  |TAMS 0x0000000748c00000, 0x0000000748c00000| Untracked 
| 542|0x0000000748e00000, 0x0000000748e00000, 0x0000000749000000|  0%| F|  |TAMS 0x0000000748e00000, 0x0000000748e00000| Untracked 
| 543|0x0000000749000000, 0x0000000749000000, 0x0000000749200000|  0%| F|  |TAMS 0x0000000749000000, 0x0000000749000000| Untracked 
| 544|0x0000000749200000, 0x0000000749200000, 0x0000000749400000|  0%| F|  |TAMS 0x0000000749200000, 0x0000000749200000| Untracked 
| 545|0x0000000749400000, 0x0000000749400000, 0x0000000749600000|  0%| F|  |TAMS 0x0000000749400000, 0x0000000749400000| Untracked 
| 546|0x0000000749600000, 0x0000000749600000, 0x0000000749800000|  0%| F|  |TAMS 0x0000000749600000, 0x0000000749600000| Untracked 
| 547|0x0000000749800000, 0x0000000749800000, 0x0000000749a00000|  0%| F|  |TAMS 0x0000000749800000, 0x0000000749800000| Untracked 
| 548|0x0000000749a00000, 0x0000000749a00000, 0x0000000749c00000|  0%| F|  |TAMS 0x0000000749a00000, 0x0000000749a00000| Untracked 
| 549|0x0000000749c00000, 0x0000000749c00000, 0x0000000749e00000|  0%| F|  |TAMS 0x0000000749c00000, 0x0000000749c00000| Untracked 
| 550|0x0000000749e00000, 0x0000000749e00000, 0x000000074a000000|  0%| F|  |TAMS 0x0000000749e00000, 0x0000000749e00000| Untracked 
| 551|0x000000074a000000, 0x000000074a000000, 0x000000074a200000|  0%| F|  |TAMS 0x000000074a000000, 0x000000074a000000| Untracked 
| 552|0x000000074a200000, 0x000000074a200000, 0x000000074a400000|  0%| F|  |TAMS 0x000000074a200000, 0x000000074a200000| Untracked 
| 553|0x000000074a400000, 0x000000074a400000, 0x000000074a600000|  0%| F|  |TAMS 0x000000074a400000, 0x000000074a400000| Untracked 
| 554|0x000000074a600000, 0x000000074a600000, 0x000000074a800000|  0%| F|  |TAMS 0x000000074a600000, 0x000000074a600000| Untracked 
| 555|0x000000074a800000, 0x000000074a800000, 0x000000074aa00000|  0%| F|  |TAMS 0x000000074a800000, 0x000000074a800000| Untracked 
| 556|0x000000074aa00000, 0x000000074aa00000, 0x000000074ac00000|  0%| F|  |TAMS 0x000000074aa00000, 0x000000074aa00000| Untracked 
| 557|0x000000074ac00000, 0x000000074ac00000, 0x000000074ae00000|  0%| F|  |TAMS 0x000000074ac00000, 0x000000074ac00000| Untracked 
| 558|0x000000074ae00000, 0x000000074ae00000, 0x000000074b000000|  0%| F|  |TAMS 0x000000074ae00000, 0x000000074ae00000| Untracked 
| 559|0x000000074b000000, 0x000000074b000000, 0x000000074b200000|  0%| F|  |TAMS 0x000000074b000000, 0x000000074b000000| Untracked 
| 560|0x000000074b200000, 0x000000074b200000, 0x000000074b400000|  0%| F|  |TAMS 0x000000074b200000, 0x000000074b200000| Untracked 
| 561|0x000000074b400000, 0x000000074b400000, 0x000000074b600000|  0%| F|  |TAMS 0x000000074b400000, 0x000000074b400000| Untracked 
| 562|0x000000074b600000, 0x000000074b600000, 0x000000074b800000|  0%| F|  |TAMS 0x000000074b600000, 0x000000074b600000| Untracked 
| 563|0x000000074b800000, 0x000000074b800000, 0x000000074ba00000|  0%| F|  |TAMS 0x000000074b800000, 0x000000074b800000| Untracked 
| 564|0x000000074ba00000, 0x000000074ba00000, 0x000000074bc00000|  0%| F|  |TAMS 0x000000074ba00000, 0x000000074ba00000| Untracked 
| 565|0x000000074bc00000, 0x000000074bc00000, 0x000000074be00000|  0%| F|  |TAMS 0x000000074bc00000, 0x000000074bc00000| Untracked 
| 566|0x000000074be00000, 0x000000074be00000, 0x000000074c000000|  0%| F|  |TAMS 0x000000074be00000, 0x000000074be00000| Untracked 
| 567|0x000000074c000000, 0x000000074c000000, 0x000000074c200000|  0%| F|  |TAMS 0x000000074c000000, 0x000000074c000000| Untracked 
| 568|0x000000074c200000, 0x000000074c200000, 0x000000074c400000|  0%| F|  |TAMS 0x000000074c200000, 0x000000074c200000| Untracked 
| 569|0x000000074c400000, 0x000000074c400000, 0x000000074c600000|  0%| F|  |TAMS 0x000000074c400000, 0x000000074c400000| Untracked 
| 570|0x000000074c600000, 0x000000074c600000, 0x000000074c800000|  0%| F|  |TAMS 0x000000074c600000, 0x000000074c600000| Untracked 
| 571|0x000000074c800000, 0x000000074c800000, 0x000000074ca00000|  0%| F|  |TAMS 0x000000074c800000, 0x000000074c800000| Untracked 
| 572|0x000000074ca00000, 0x000000074ca00000, 0x000000074cc00000|  0%| F|  |TAMS 0x000000074ca00000, 0x000000074ca00000| Untracked 
| 573|0x000000074cc00000, 0x000000074cc00000, 0x000000074ce00000|  0%| F|  |TAMS 0x000000074cc00000, 0x000000074cc00000| Untracked 
| 574|0x000000074ce00000, 0x000000074ce00000, 0x000000074d000000|  0%| F|  |TAMS 0x000000074ce00000, 0x000000074ce00000| Untracked 
| 575|0x000000074d000000, 0x000000074d000000, 0x000000074d200000|  0%| F|  |TAMS 0x000000074d000000, 0x000000074d000000| Untracked 
| 576|0x000000074d200000, 0x000000074d200000, 0x000000074d400000|  0%| F|  |TAMS 0x000000074d200000, 0x000000074d200000| Untracked 
| 577|0x000000074d400000, 0x000000074d400000, 0x000000074d600000|  0%| F|  |TAMS 0x000000074d400000, 0x000000074d400000| Untracked 
| 578|0x000000074d600000, 0x000000074d600000, 0x000000074d800000|  0%| F|  |TAMS 0x000000074d600000, 0x000000074d600000| Untracked 
| 579|0x000000074d800000, 0x000000074d800000, 0x000000074da00000|  0%| F|  |TAMS 0x000000074d800000, 0x000000074d800000| Untracked 
| 580|0x000000074da00000, 0x000000074da00000, 0x000000074dc00000|  0%| F|  |TAMS 0x000000074da00000, 0x000000074da00000| Untracked 
| 581|0x000000074dc00000, 0x000000074dc00000, 0x000000074de00000|  0%| F|  |TAMS 0x000000074dc00000, 0x000000074dc00000| Untracked 
| 582|0x000000074de00000, 0x000000074de00000, 0x000000074e000000|  0%| F|  |TAMS 0x000000074de00000, 0x000000074de00000| Untracked 
| 583|0x000000074e000000, 0x000000074e000000, 0x000000074e200000|  0%| F|  |TAMS 0x000000074e000000, 0x000000074e000000| Untracked 
| 584|0x000000074e200000, 0x000000074e200000, 0x000000074e400000|  0%| F|  |TAMS 0x000000074e200000, 0x000000074e200000| Untracked 
| 585|0x000000074e400000, 0x000000074e400000, 0x000000074e600000|  0%| F|  |TAMS 0x000000074e400000, 0x000000074e400000| Untracked 
| 586|0x000000074e600000, 0x000000074e600000, 0x000000074e800000|  0%| F|  |TAMS 0x000000074e600000, 0x000000074e600000| Untracked 
| 587|0x000000074e800000, 0x000000074e800000, 0x000000074ea00000|  0%| F|  |TAMS 0x000000074e800000, 0x000000074e800000| Untracked 
| 588|0x000000074ea00000, 0x000000074ea00000, 0x000000074ec00000|  0%| F|  |TAMS 0x000000074ea00000, 0x000000074ea00000| Untracked 
| 589|0x000000074ec00000, 0x000000074ec00000, 0x000000074ee00000|  0%| F|  |TAMS 0x000000074ec00000, 0x000000074ec00000| Untracked 
| 590|0x000000074ee00000, 0x000000074ee00000, 0x000000074f000000|  0%| F|  |TAMS 0x000000074ee00000, 0x000000074ee00000| Untracked 
| 591|0x000000074f000000, 0x000000074f000000, 0x000000074f200000|  0%| F|  |TAMS 0x000000074f000000, 0x000000074f000000| Untracked 
| 592|0x000000074f200000, 0x000000074f200000, 0x000000074f400000|  0%| F|  |TAMS 0x000000074f200000, 0x000000074f200000| Untracked 
| 593|0x000000074f400000, 0x000000074f400000, 0x000000074f600000|  0%| F|  |TAMS 0x000000074f400000, 0x000000074f400000| Untracked 
| 594|0x000000074f600000, 0x000000074f600000, 0x000000074f800000|  0%| F|  |TAMS 0x000000074f600000, 0x000000074f600000| Untracked 
| 595|0x000000074f800000, 0x000000074f800000, 0x000000074fa00000|  0%| F|  |TAMS 0x000000074f800000, 0x000000074f800000| Untracked 
| 596|0x000000074fa00000, 0x000000074fa00000, 0x000000074fc00000|  0%| F|  |TAMS 0x000000074fa00000, 0x000000074fa00000| Untracked 
| 597|0x000000074fc00000, 0x000000074fc00000, 0x000000074fe00000|  0%| F|  |TAMS 0x000000074fc00000, 0x000000074fc00000| Untracked 
| 598|0x000000074fe00000, 0x000000074fe00000, 0x0000000750000000|  0%| F|  |TAMS 0x000000074fe00000, 0x000000074fe00000| Untracked 
| 599|0x0000000750000000, 0x0000000750000000, 0x0000000750200000|  0%| F|  |TAMS 0x0000000750000000, 0x0000000750000000| Untracked 
| 600|0x0000000750200000, 0x0000000750200000, 0x0000000750400000|  0%| F|  |TAMS 0x0000000750200000, 0x0000000750200000| Untracked 
| 601|0x0000000750400000, 0x0000000750400000, 0x0000000750600000|  0%| F|  |TAMS 0x0000000750400000, 0x0000000750400000| Untracked 
| 602|0x0000000750600000, 0x0000000750600000, 0x0000000750800000|  0%| F|  |TAMS 0x0000000750600000, 0x0000000750600000| Untracked 
| 603|0x0000000750800000, 0x0000000750800000, 0x0000000750a00000|  0%| F|  |TAMS 0x0000000750800000, 0x0000000750800000| Untracked 
| 604|0x0000000750a00000, 0x0000000750a00000, 0x0000000750c00000|  0%| F|  |TAMS 0x0000000750a00000, 0x0000000750a00000| Untracked 
| 605|0x0000000750c00000, 0x0000000750c00000, 0x0000000750e00000|  0%| F|  |TAMS 0x0000000750c00000, 0x0000000750c00000| Untracked 
| 606|0x0000000750e00000, 0x0000000750e00000, 0x0000000751000000|  0%| F|  |TAMS 0x0000000750e00000, 0x0000000750e00000| Untracked 
| 607|0x0000000751000000, 0x0000000751000000, 0x0000000751200000|  0%| F|  |TAMS 0x0000000751000000, 0x0000000751000000| Untracked 
| 608|0x0000000751200000, 0x0000000751200000, 0x0000000751400000|  0%| F|  |TAMS 0x0000000751200000, 0x0000000751200000| Untracked 
| 609|0x0000000751400000, 0x0000000751400000, 0x0000000751600000|  0%| F|  |TAMS 0x0000000751400000, 0x0000000751400000| Untracked 
| 610|0x0000000751600000, 0x0000000751600000, 0x0000000751800000|  0%| F|  |TAMS 0x0000000751600000, 0x0000000751600000| Untracked 
| 611|0x0000000751800000, 0x0000000751800000, 0x0000000751a00000|  0%| F|  |TAMS 0x0000000751800000, 0x0000000751800000| Untracked 
| 612|0x0000000751a00000, 0x0000000751a00000, 0x0000000751c00000|  0%| F|  |TAMS 0x0000000751a00000, 0x0000000751a00000| Untracked 
| 613|0x0000000751c00000, 0x0000000751c00000, 0x0000000751e00000|  0%| F|  |TAMS 0x0000000751c00000, 0x0000000751c00000| Untracked 
| 614|0x0000000751e00000, 0x0000000751e00000, 0x0000000752000000|  0%| F|  |TAMS 0x0000000751e00000, 0x0000000751e00000| Untracked 
| 615|0x0000000752000000, 0x0000000752000000, 0x0000000752200000|  0%| F|  |TAMS 0x0000000752000000, 0x0000000752000000| Untracked 
| 616|0x0000000752200000, 0x0000000752200000, 0x0000000752400000|  0%| F|  |TAMS 0x0000000752200000, 0x0000000752200000| Untracked 
| 617|0x0000000752400000, 0x0000000752400000, 0x0000000752600000|  0%| F|  |TAMS 0x0000000752400000, 0x0000000752400000| Untracked 
| 618|0x0000000752600000, 0x0000000752600000, 0x0000000752800000|  0%| F|  |TAMS 0x0000000752600000, 0x0000000752600000| Untracked 
| 619|0x0000000752800000, 0x0000000752800000, 0x0000000752a00000|  0%| F|  |TAMS 0x0000000752800000, 0x0000000752800000| Untracked 
| 620|0x0000000752a00000, 0x0000000752a00000, 0x0000000752c00000|  0%| F|  |TAMS 0x0000000752a00000, 0x0000000752a00000| Untracked 
| 621|0x0000000752c00000, 0x0000000752c00000, 0x0000000752e00000|  0%| F|  |TAMS 0x0000000752c00000, 0x0000000752c00000| Untracked 
| 622|0x0000000752e00000, 0x0000000752e00000, 0x0000000753000000|  0%| F|  |TAMS 0x0000000752e00000, 0x0000000752e00000| Untracked 
| 623|0x0000000753000000, 0x0000000753000000, 0x0000000753200000|  0%| F|  |TAMS 0x0000000753000000, 0x0000000753000000| Untracked 
| 624|0x0000000753200000, 0x0000000753200000, 0x0000000753400000|  0%| F|  |TAMS 0x0000000753200000, 0x0000000753200000| Untracked 
| 625|0x0000000753400000, 0x0000000753400000, 0x0000000753600000|  0%| F|  |TAMS 0x0000000753400000, 0x0000000753400000| Untracked 
| 626|0x0000000753600000, 0x0000000753600000, 0x0000000753800000|  0%| F|  |TAMS 0x0000000753600000, 0x0000000753600000| Untracked 
| 627|0x0000000753800000, 0x0000000753800000, 0x0000000753a00000|  0%| F|  |TAMS 0x0000000753800000, 0x0000000753800000| Untracked 
| 628|0x0000000753a00000, 0x0000000753a00000, 0x0000000753c00000|  0%| F|  |TAMS 0x0000000753a00000, 0x0000000753a00000| Untracked 
| 629|0x0000000753c00000, 0x0000000753c00000, 0x0000000753e00000|  0%| F|  |TAMS 0x0000000753c00000, 0x0000000753c00000| Untracked 
| 630|0x0000000753e00000, 0x0000000753e00000, 0x0000000754000000|  0%| F|  |TAMS 0x0000000753e00000, 0x0000000753e00000| Untracked 
| 631|0x0000000754000000, 0x0000000754000000, 0x0000000754200000|  0%| F|  |TAMS 0x0000000754000000, 0x0000000754000000| Untracked 
| 632|0x0000000754200000, 0x0000000754200000, 0x0000000754400000|  0%| F|  |TAMS 0x0000000754200000, 0x0000000754200000| Untracked 
| 633|0x0000000754400000, 0x0000000754400000, 0x0000000754600000|  0%| F|  |TAMS 0x0000000754400000, 0x0000000754400000| Untracked 
| 634|0x0000000754600000, 0x0000000754600000, 0x0000000754800000|  0%| F|  |TAMS 0x0000000754600000, 0x0000000754600000| Untracked 
| 635|0x0000000754800000, 0x0000000754800000, 0x0000000754a00000|  0%| F|  |TAMS 0x0000000754800000, 0x0000000754800000| Untracked 
| 636|0x0000000754a00000, 0x0000000754a00000, 0x0000000754c00000|  0%| F|  |TAMS 0x0000000754a00000, 0x0000000754a00000| Untracked 
| 637|0x0000000754c00000, 0x0000000754c00000, 0x0000000754e00000|  0%| F|  |TAMS 0x0000000754c00000, 0x0000000754c00000| Untracked 
| 638|0x0000000754e00000, 0x0000000754e00000, 0x0000000755000000|  0%| F|  |TAMS 0x0000000754e00000, 0x0000000754e00000| Untracked 
| 639|0x0000000755000000, 0x0000000755000000, 0x0000000755200000|  0%| F|  |TAMS 0x0000000755000000, 0x0000000755000000| Untracked 
| 640|0x0000000755200000, 0x0000000755200000, 0x0000000755400000|  0%| F|  |TAMS 0x0000000755200000, 0x0000000755200000| Untracked 
| 641|0x0000000755400000, 0x0000000755400000, 0x0000000755600000|  0%| F|  |TAMS 0x0000000755400000, 0x0000000755400000| Untracked 
| 642|0x0000000755600000, 0x0000000755600000, 0x0000000755800000|  0%| F|  |TAMS 0x0000000755600000, 0x0000000755600000| Untracked 
| 643|0x0000000755800000, 0x0000000755800000, 0x0000000755a00000|  0%| F|  |TAMS 0x0000000755800000, 0x0000000755800000| Untracked 
| 644|0x0000000755a00000, 0x0000000755a00000, 0x0000000755c00000|  0%| F|  |TAMS 0x0000000755a00000, 0x0000000755a00000| Untracked 
| 645|0x0000000755c00000, 0x0000000755c00000, 0x0000000755e00000|  0%| F|  |TAMS 0x0000000755c00000, 0x0000000755c00000| Untracked 
| 646|0x0000000755e00000, 0x0000000755e00000, 0x0000000756000000|  0%| F|  |TAMS 0x0000000755e00000, 0x0000000755e00000| Untracked 
| 647|0x0000000756000000, 0x0000000756000000, 0x0000000756200000|  0%| F|  |TAMS 0x0000000756000000, 0x0000000756000000| Untracked 
| 648|0x0000000756200000, 0x0000000756200000, 0x0000000756400000|  0%| F|  |TAMS 0x0000000756200000, 0x0000000756200000| Untracked 
| 649|0x0000000756400000, 0x0000000756400000, 0x0000000756600000|  0%| F|  |TAMS 0x0000000756400000, 0x0000000756400000| Untracked 
| 650|0x0000000756600000, 0x0000000756600000, 0x0000000756800000|  0%| F|  |TAMS 0x0000000756600000, 0x0000000756600000| Untracked 
| 651|0x0000000756800000, 0x0000000756800000, 0x0000000756a00000|  0%| F|  |TAMS 0x0000000756800000, 0x0000000756800000| Untracked 
| 652|0x0000000756a00000, 0x0000000756a00000, 0x0000000756c00000|  0%| F|  |TAMS 0x0000000756a00000, 0x0000000756a00000| Untracked 
| 653|0x0000000756c00000, 0x0000000756c00000, 0x0000000756e00000|  0%| F|  |TAMS 0x0000000756c00000, 0x0000000756c00000| Untracked 
| 654|0x0000000756e00000, 0x0000000756e00000, 0x0000000757000000|  0%| F|  |TAMS 0x0000000756e00000, 0x0000000756e00000| Untracked 
| 655|0x0000000757000000, 0x0000000757000000, 0x0000000757200000|  0%| F|  |TAMS 0x0000000757000000, 0x0000000757000000| Untracked 
| 656|0x0000000757200000, 0x0000000757200000, 0x0000000757400000|  0%| F|  |TAMS 0x0000000757200000, 0x0000000757200000| Untracked 
| 657|0x0000000757400000, 0x0000000757400000, 0x0000000757600000|  0%| F|  |TAMS 0x0000000757400000, 0x0000000757400000| Untracked 
| 658|0x0000000757600000, 0x0000000757600000, 0x0000000757800000|  0%| F|  |TAMS 0x0000000757600000, 0x0000000757600000| Untracked 
| 659|0x0000000757800000, 0x0000000757800000, 0x0000000757a00000|  0%| F|  |TAMS 0x0000000757800000, 0x0000000757800000| Untracked 
| 660|0x0000000757a00000, 0x0000000757a00000, 0x0000000757c00000|  0%| F|  |TAMS 0x0000000757a00000, 0x0000000757a00000| Untracked 
| 661|0x0000000757c00000, 0x0000000757c00000, 0x0000000757e00000|  0%| F|  |TAMS 0x0000000757c00000, 0x0000000757c00000| Untracked 
| 662|0x0000000757e00000, 0x0000000757e00000, 0x0000000758000000|  0%| F|  |TAMS 0x0000000757e00000, 0x0000000757e00000| Untracked 
| 663|0x0000000758000000, 0x0000000758000000, 0x0000000758200000|  0%| F|  |TAMS 0x0000000758000000, 0x0000000758000000| Untracked 
| 664|0x0000000758200000, 0x0000000758200000, 0x0000000758400000|  0%| F|  |TAMS 0x0000000758200000, 0x0000000758200000| Untracked 
| 665|0x0000000758400000, 0x0000000758400000, 0x0000000758600000|  0%| F|  |TAMS 0x0000000758400000, 0x0000000758400000| Untracked 
| 666|0x0000000758600000, 0x0000000758600000, 0x0000000758800000|  0%| F|  |TAMS 0x0000000758600000, 0x0000000758600000| Untracked 
| 667|0x0000000758800000, 0x0000000758800000, 0x0000000758a00000|  0%| F|  |TAMS 0x0000000758800000, 0x0000000758800000| Untracked 
| 668|0x0000000758a00000, 0x0000000758a00000, 0x0000000758c00000|  0%| F|  |TAMS 0x0000000758a00000, 0x0000000758a00000| Untracked 
| 669|0x0000000758c00000, 0x0000000758d00800, 0x0000000758e00000| 50%| E|  |TAMS 0x0000000758c00000, 0x0000000758c00000| Complete 
| 670|0x0000000758e00000, 0x0000000759000000, 0x0000000759000000|100%| E|CS|TAMS 0x0000000758e00000, 0x0000000758e00000| Complete 
| 671|0x0000000759000000, 0x0000000759200000, 0x0000000759200000|100%| E|CS|TAMS 0x0000000759000000, 0x0000000759000000| Complete 
| 672|0x0000000759200000, 0x0000000759400000, 0x0000000759400000|100%| E|CS|TAMS 0x0000000759200000, 0x0000000759200000| Complete 
| 673|0x0000000759400000, 0x0000000759600000, 0x0000000759600000|100%| E|CS|TAMS 0x0000000759400000, 0x0000000759400000| Complete 
| 674|0x0000000759600000, 0x0000000759800000, 0x0000000759800000|100%| E|CS|TAMS 0x0000000759600000, 0x0000000759600000| Complete 
| 675|0x0000000759800000, 0x0000000759a00000, 0x0000000759a00000|100%| E|CS|TAMS 0x0000000759800000, 0x0000000759800000| Complete 
| 676|0x0000000759a00000, 0x0000000759c00000, 0x0000000759c00000|100%| E|CS|TAMS 0x0000000759a00000, 0x0000000759a00000| Complete 
| 677|0x0000000759c00000, 0x0000000759e00000, 0x0000000759e00000|100%| E|CS|TAMS 0x0000000759c00000, 0x0000000759c00000| Complete 
| 678|0x0000000759e00000, 0x000000075a000000, 0x000000075a000000|100%| E|CS|TAMS 0x0000000759e00000, 0x0000000759e00000| Complete 
| 679|0x000000075a000000, 0x000000075a200000, 0x000000075a200000|100%| E|CS|TAMS 0x000000075a000000, 0x000000075a000000| Complete 
| 680|0x000000075a200000, 0x000000075a400000, 0x000000075a400000|100%| E|CS|TAMS 0x000000075a200000, 0x000000075a200000| Complete 
| 681|0x000000075a400000, 0x000000075a600000, 0x000000075a600000|100%| E|CS|TAMS 0x000000075a400000, 0x000000075a400000| Complete 
| 682|0x000000075a600000, 0x000000075a800000, 0x000000075a800000|100%| E|CS|TAMS 0x000000075a600000, 0x000000075a600000| Complete 
| 683|0x000000075a800000, 0x000000075aa00000, 0x000000075aa00000|100%| E|CS|TAMS 0x000000075a800000, 0x000000075a800000| Complete 
| 684|0x000000075aa00000, 0x000000075ac00000, 0x000000075ac00000|100%| E|CS|TAMS 0x000000075aa00000, 0x000000075aa00000| Complete 
| 685|0x000000075ac00000, 0x000000075ae00000, 0x000000075ae00000|100%| E|CS|TAMS 0x000000075ac00000, 0x000000075ac00000| Complete 
| 686|0x000000075ae00000, 0x000000075b000000, 0x000000075b000000|100%| E|CS|TAMS 0x000000075ae00000, 0x000000075ae00000| Complete 
| 687|0x000000075b000000, 0x000000075b200000, 0x000000075b200000|100%| E|CS|TAMS 0x000000075b000000, 0x000000075b000000| Complete 
| 688|0x000000075b200000, 0x000000075b400000, 0x000000075b400000|100%| E|CS|TAMS 0x000000075b200000, 0x000000075b200000| Complete 
| 689|0x000000075b400000, 0x000000075b600000, 0x000000075b600000|100%| E|CS|TAMS 0x000000075b400000, 0x000000075b400000| Complete 
| 690|0x000000075b600000, 0x000000075b800000, 0x000000075b800000|100%| E|CS|TAMS 0x000000075b600000, 0x000000075b600000| Complete 
| 691|0x000000075b800000, 0x000000075ba00000, 0x000000075ba00000|100%| E|CS|TAMS 0x000000075b800000, 0x000000075b800000| Complete 
| 692|0x000000075ba00000, 0x000000075bc00000, 0x000000075bc00000|100%| E|CS|TAMS 0x000000075ba00000, 0x000000075ba00000| Complete 
| 693|0x000000075bc00000, 0x000000075be00000, 0x000000075be00000|100%| E|CS|TAMS 0x000000075bc00000, 0x000000075bc00000| Complete 
| 694|0x000000075be00000, 0x000000075c000000, 0x000000075c000000|100%| E|CS|TAMS 0x000000075be00000, 0x000000075be00000| Complete 
| 695|0x000000075c000000, 0x000000075c200000, 0x000000075c200000|100%| E|CS|TAMS 0x000000075c000000, 0x000000075c000000| Complete 
| 696|0x000000075c200000, 0x000000075c400000, 0x000000075c400000|100%| E|CS|TAMS 0x000000075c200000, 0x000000075c200000| Complete 
| 697|0x000000075c400000, 0x000000075c600000, 0x000000075c600000|100%| E|CS|TAMS 0x000000075c400000, 0x000000075c400000| Complete 
| 698|0x000000075c600000, 0x000000075c800000, 0x000000075c800000|100%| E|CS|TAMS 0x000000075c600000, 0x000000075c600000| Complete 
| 699|0x000000075c800000, 0x000000075ca00000, 0x000000075ca00000|100%| E|CS|TAMS 0x000000075c800000, 0x000000075c800000| Complete 
| 700|0x000000075ca00000, 0x000000075cc00000, 0x000000075cc00000|100%| E|CS|TAMS 0x000000075ca00000, 0x000000075ca00000| Complete 
| 701|0x000000075cc00000, 0x000000075ce00000, 0x000000075ce00000|100%| E|CS|TAMS 0x000000075cc00000, 0x000000075cc00000| Complete 
| 702|0x000000075ce00000, 0x000000075d000000, 0x000000075d000000|100%| E|CS|TAMS 0x000000075ce00000, 0x000000075ce00000| Complete 
| 703|0x000000075d000000, 0x000000075d200000, 0x000000075d200000|100%| E|CS|TAMS 0x000000075d000000, 0x000000075d000000| Complete 
| 704|0x000000075d200000, 0x000000075d400000, 0x000000075d400000|100%| E|CS|TAMS 0x000000075d200000, 0x000000075d200000| Complete 
| 705|0x000000075d400000, 0x000000075d600000, 0x000000075d600000|100%| E|CS|TAMS 0x000000075d400000, 0x000000075d400000| Complete 
| 706|0x000000075d600000, 0x000000075d800000, 0x000000075d800000|100%| E|CS|TAMS 0x000000075d600000, 0x000000075d600000| Complete 
| 707|0x000000075d800000, 0x000000075da00000, 0x000000075da00000|100%| E|CS|TAMS 0x000000075d800000, 0x000000075d800000| Complete 
| 708|0x000000075da00000, 0x000000075dc00000, 0x000000075dc00000|100%| E|CS|TAMS 0x000000075da00000, 0x000000075da00000| Complete 
| 709|0x000000075dc00000, 0x000000075de00000, 0x000000075de00000|100%| E|CS|TAMS 0x000000075dc00000, 0x000000075dc00000| Complete 
| 710|0x000000075de00000, 0x000000075e000000, 0x000000075e000000|100%| E|CS|TAMS 0x000000075de00000, 0x000000075de00000| Complete 
| 711|0x000000075e000000, 0x000000075e200000, 0x000000075e200000|100%| E|CS|TAMS 0x000000075e000000, 0x000000075e000000| Complete 
| 712|0x000000075e200000, 0x000000075e400000, 0x000000075e400000|100%| E|CS|TAMS 0x000000075e200000, 0x000000075e200000| Complete 
| 713|0x000000075e400000, 0x000000075e600000, 0x000000075e600000|100%| E|CS|TAMS 0x000000075e400000, 0x000000075e400000| Complete 
| 714|0x000000075e600000, 0x000000075e800000, 0x000000075e800000|100%| E|CS|TAMS 0x000000075e600000, 0x000000075e600000| Complete 
| 715|0x000000075e800000, 0x000000075ea00000, 0x000000075ea00000|100%| E|CS|TAMS 0x000000075e800000, 0x000000075e800000| Complete 
| 716|0x000000075ea00000, 0x000000075ec00000, 0x000000075ec00000|100%| E|CS|TAMS 0x000000075ea00000, 0x000000075ea00000| Complete 
| 717|0x000000075ec00000, 0x000000075ee00000, 0x000000075ee00000|100%| E|CS|TAMS 0x000000075ec00000, 0x000000075ec00000| Complete 
| 718|0x000000075ee00000, 0x000000075f000000, 0x000000075f000000|100%| E|CS|TAMS 0x000000075ee00000, 0x000000075ee00000| Complete 
| 719|0x000000075f000000, 0x000000075f200000, 0x000000075f200000|100%| E|CS|TAMS 0x000000075f000000, 0x000000075f000000| Complete 
| 720|0x000000075f200000, 0x000000075f400000, 0x000000075f400000|100%| E|CS|TAMS 0x000000075f200000, 0x000000075f200000| Complete 
| 721|0x000000075f400000, 0x000000075f600000, 0x000000075f600000|100%| E|CS|TAMS 0x000000075f400000, 0x000000075f400000| Complete 
| 722|0x000000075f600000, 0x000000075f800000, 0x000000075f800000|100%| E|CS|TAMS 0x000000075f600000, 0x000000075f600000| Complete 
| 723|0x000000075f800000, 0x000000075fa00000, 0x000000075fa00000|100%| E|CS|TAMS 0x000000075f800000, 0x000000075f800000| Complete 
| 724|0x000000075fa00000, 0x000000075fc00000, 0x000000075fc00000|100%| E|CS|TAMS 0x000000075fa00000, 0x000000075fa00000| Complete 
| 725|0x000000075fc00000, 0x000000075fe00000, 0x000000075fe00000|100%| E|CS|TAMS 0x000000075fc00000, 0x000000075fc00000| Complete 
| 726|0x000000075fe00000, 0x0000000760000000, 0x0000000760000000|100%| E|CS|TAMS 0x000000075fe00000, 0x000000075fe00000| Complete 
| 727|0x0000000760000000, 0x0000000760200000, 0x0000000760200000|100%| E|CS|TAMS 0x0000000760000000, 0x0000000760000000| Complete 
| 728|0x0000000760200000, 0x0000000760400000, 0x0000000760400000|100%| E|CS|TAMS 0x0000000760200000, 0x0000000760200000| Complete 
| 729|0x0000000760400000, 0x0000000760600000, 0x0000000760600000|100%| E|CS|TAMS 0x0000000760400000, 0x0000000760400000| Complete 
| 730|0x0000000760600000, 0x0000000760800000, 0x0000000760800000|100%| E|CS|TAMS 0x0000000760600000, 0x0000000760600000| Complete 
| 731|0x0000000760800000, 0x0000000760a00000, 0x0000000760a00000|100%| E|CS|TAMS 0x0000000760800000, 0x0000000760800000| Complete 
| 732|0x0000000760a00000, 0x0000000760c00000, 0x0000000760c00000|100%| E|CS|TAMS 0x0000000760a00000, 0x0000000760a00000| Complete 
| 733|0x0000000760c00000, 0x0000000760e00000, 0x0000000760e00000|100%| E|CS|TAMS 0x0000000760c00000, 0x0000000760c00000| Complete 
| 734|0x0000000760e00000, 0x0000000761000000, 0x0000000761000000|100%| E|CS|TAMS 0x0000000760e00000, 0x0000000760e00000| Complete 
| 735|0x0000000761000000, 0x0000000761200000, 0x0000000761200000|100%| E|CS|TAMS 0x0000000761000000, 0x0000000761000000| Complete 
| 736|0x0000000761200000, 0x0000000761400000, 0x0000000761400000|100%| E|CS|TAMS 0x0000000761200000, 0x0000000761200000| Complete 
| 737|0x0000000761400000, 0x0000000761600000, 0x0000000761600000|100%| E|CS|TAMS 0x0000000761400000, 0x0000000761400000| Complete 
| 738|0x0000000761600000, 0x0000000761800000, 0x0000000761800000|100%| E|CS|TAMS 0x0000000761600000, 0x0000000761600000| Complete 
| 739|0x0000000761800000, 0x0000000761a00000, 0x0000000761a00000|100%| E|CS|TAMS 0x0000000761800000, 0x0000000761800000| Complete 
| 740|0x0000000761a00000, 0x0000000761c00000, 0x0000000761c00000|100%| E|CS|TAMS 0x0000000761a00000, 0x0000000761a00000| Complete 
| 741|0x0000000761c00000, 0x0000000761e00000, 0x0000000761e00000|100%| E|CS|TAMS 0x0000000761c00000, 0x0000000761c00000| Complete 
| 742|0x0000000761e00000, 0x0000000762000000, 0x0000000762000000|100%| E|CS|TAMS 0x0000000761e00000, 0x0000000761e00000| Complete 
| 743|0x0000000762000000, 0x0000000762200000, 0x0000000762200000|100%| E|CS|TAMS 0x0000000762000000, 0x0000000762000000| Complete 
| 744|0x0000000762200000, 0x0000000762400000, 0x0000000762400000|100%| E|CS|TAMS 0x0000000762200000, 0x0000000762200000| Complete 
| 745|0x0000000762400000, 0x0000000762600000, 0x0000000762600000|100%| E|CS|TAMS 0x0000000762400000, 0x0000000762400000| Complete 
| 746|0x0000000762600000, 0x0000000762800000, 0x0000000762800000|100%| E|CS|TAMS 0x0000000762600000, 0x0000000762600000| Complete 
| 747|0x0000000762800000, 0x0000000762a00000, 0x0000000762a00000|100%| E|CS|TAMS 0x0000000762800000, 0x0000000762800000| Complete 
| 748|0x0000000762a00000, 0x0000000762c00000, 0x0000000762c00000|100%| E|CS|TAMS 0x0000000762a00000, 0x0000000762a00000| Complete 
| 749|0x0000000762c00000, 0x0000000762e00000, 0x0000000762e00000|100%| E|CS|TAMS 0x0000000762c00000, 0x0000000762c00000| Complete 
| 750|0x0000000762e00000, 0x0000000763000000, 0x0000000763000000|100%| E|CS|TAMS 0x0000000762e00000, 0x0000000762e00000| Complete 
| 751|0x0000000763000000, 0x0000000763200000, 0x0000000763200000|100%| E|CS|TAMS 0x0000000763000000, 0x0000000763000000| Complete 
| 752|0x0000000763200000, 0x0000000763400000, 0x0000000763400000|100%| E|CS|TAMS 0x0000000763200000, 0x0000000763200000| Complete 
| 753|0x0000000763400000, 0x0000000763600000, 0x0000000763600000|100%| E|CS|TAMS 0x0000000763400000, 0x0000000763400000| Complete 
| 754|0x0000000763600000, 0x0000000763800000, 0x0000000763800000|100%| E|CS|TAMS 0x0000000763600000, 0x0000000763600000| Complete 
| 755|0x0000000763800000, 0x0000000763a00000, 0x0000000763a00000|100%| E|CS|TAMS 0x0000000763800000, 0x0000000763800000| Complete 
| 756|0x0000000763a00000, 0x0000000763c00000, 0x0000000763c00000|100%| E|CS|TAMS 0x0000000763a00000, 0x0000000763a00000| Complete 
| 757|0x0000000763c00000, 0x0000000763e00000, 0x0000000763e00000|100%| E|CS|TAMS 0x0000000763c00000, 0x0000000763c00000| Complete 
| 758|0x0000000763e00000, 0x0000000764000000, 0x0000000764000000|100%| E|CS|TAMS 0x0000000763e00000, 0x0000000763e00000| Complete 
| 759|0x0000000764000000, 0x0000000764200000, 0x0000000764200000|100%| E|CS|TAMS 0x0000000764000000, 0x0000000764000000| Complete 
| 760|0x0000000764200000, 0x0000000764400000, 0x0000000764400000|100%| E|CS|TAMS 0x0000000764200000, 0x0000000764200000| Complete 
| 761|0x0000000764400000, 0x0000000764600000, 0x0000000764600000|100%| E|CS|TAMS 0x0000000764400000, 0x0000000764400000| Complete 
| 762|0x0000000764600000, 0x0000000764800000, 0x0000000764800000|100%| E|CS|TAMS 0x0000000764600000, 0x0000000764600000| Complete 
| 763|0x0000000764800000, 0x0000000764a00000, 0x0000000764a00000|100%| E|CS|TAMS 0x0000000764800000, 0x0000000764800000| Complete 
| 764|0x0000000764a00000, 0x0000000764c00000, 0x0000000764c00000|100%| E|CS|TAMS 0x0000000764a00000, 0x0000000764a00000| Complete 
| 765|0x0000000764c00000, 0x0000000764e00000, 0x0000000764e00000|100%| E|CS|TAMS 0x0000000764c00000, 0x0000000764c00000| Complete 
| 766|0x0000000764e00000, 0x0000000765000000, 0x0000000765000000|100%| E|CS|TAMS 0x0000000764e00000, 0x0000000764e00000| Complete 
| 767|0x0000000765000000, 0x0000000765200000, 0x0000000765200000|100%| E|CS|TAMS 0x0000000765000000, 0x0000000765000000| Complete 
| 768|0x0000000765200000, 0x0000000765400000, 0x0000000765400000|100%| E|CS|TAMS 0x0000000765200000, 0x0000000765200000| Complete 
| 769|0x0000000765400000, 0x0000000765600000, 0x0000000765600000|100%| E|CS|TAMS 0x0000000765400000, 0x0000000765400000| Complete 
| 770|0x0000000765600000, 0x0000000765800000, 0x0000000765800000|100%| E|CS|TAMS 0x0000000765600000, 0x0000000765600000| Complete 
| 771|0x0000000765800000, 0x0000000765a00000, 0x0000000765a00000|100%| E|CS|TAMS 0x0000000765800000, 0x0000000765800000| Complete 
| 772|0x0000000765a00000, 0x0000000765c00000, 0x0000000765c00000|100%| E|CS|TAMS 0x0000000765a00000, 0x0000000765a00000| Complete 
| 773|0x0000000765c00000, 0x0000000765e00000, 0x0000000765e00000|100%| E|CS|TAMS 0x0000000765c00000, 0x0000000765c00000| Complete 
| 774|0x0000000765e00000, 0x0000000766000000, 0x0000000766000000|100%| E|CS|TAMS 0x0000000765e00000, 0x0000000765e00000| Complete 
| 775|0x0000000766000000, 0x0000000766200000, 0x0000000766200000|100%| E|CS|TAMS 0x0000000766000000, 0x0000000766000000| Complete 
| 776|0x0000000766200000, 0x0000000766400000, 0x0000000766400000|100%| E|CS|TAMS 0x0000000766200000, 0x0000000766200000| Complete 
| 777|0x0000000766400000, 0x0000000766600000, 0x0000000766600000|100%| E|CS|TAMS 0x0000000766400000, 0x0000000766400000| Complete 
| 778|0x0000000766600000, 0x0000000766800000, 0x0000000766800000|100%| E|CS|TAMS 0x0000000766600000, 0x0000000766600000| Complete 
| 779|0x0000000766800000, 0x0000000766a00000, 0x0000000766a00000|100%| E|CS|TAMS 0x0000000766800000, 0x0000000766800000| Complete 
| 780|0x0000000766a00000, 0x0000000766c00000, 0x0000000766c00000|100%| E|CS|TAMS 0x0000000766a00000, 0x0000000766a00000| Complete 
| 781|0x0000000766c00000, 0x0000000766e00000, 0x0000000766e00000|100%| E|CS|TAMS 0x0000000766c00000, 0x0000000766c00000| Complete 
| 782|0x0000000766e00000, 0x0000000767000000, 0x0000000767000000|100%| E|CS|TAMS 0x0000000766e00000, 0x0000000766e00000| Complete 
| 783|0x0000000767000000, 0x0000000767200000, 0x0000000767200000|100%| E|CS|TAMS 0x0000000767000000, 0x0000000767000000| Complete 
| 784|0x0000000767200000, 0x0000000767400000, 0x0000000767400000|100%| E|CS|TAMS 0x0000000767200000, 0x0000000767200000| Complete 
| 785|0x0000000767400000, 0x0000000767600000, 0x0000000767600000|100%| E|CS|TAMS 0x0000000767400000, 0x0000000767400000| Complete 
| 786|0x0000000767600000, 0x0000000767800000, 0x0000000767800000|100%| E|CS|TAMS 0x0000000767600000, 0x0000000767600000| Complete 
| 787|0x0000000767800000, 0x0000000767a00000, 0x0000000767a00000|100%| E|CS|TAMS 0x0000000767800000, 0x0000000767800000| Complete 
| 788|0x0000000767a00000, 0x0000000767c00000, 0x0000000767c00000|100%| E|CS|TAMS 0x0000000767a00000, 0x0000000767a00000| Complete 
| 789|0x0000000767c00000, 0x0000000767e00000, 0x0000000767e00000|100%| E|CS|TAMS 0x0000000767c00000, 0x0000000767c00000| Complete 
| 790|0x0000000767e00000, 0x0000000768000000, 0x0000000768000000|100%| E|CS|TAMS 0x0000000767e00000, 0x0000000767e00000| Complete 
| 791|0x0000000768000000, 0x0000000768200000, 0x0000000768200000|100%| E|CS|TAMS 0x0000000768000000, 0x0000000768000000| Complete 
| 792|0x0000000768200000, 0x0000000768400000, 0x0000000768400000|100%| E|CS|TAMS 0x0000000768200000, 0x0000000768200000| Complete 
| 793|0x0000000768400000, 0x0000000768600000, 0x0000000768600000|100%| E|CS|TAMS 0x0000000768400000, 0x0000000768400000| Complete 
| 794|0x0000000768600000, 0x0000000768800000, 0x0000000768800000|100%| E|CS|TAMS 0x0000000768600000, 0x0000000768600000| Complete 
| 795|0x0000000768800000, 0x0000000768a00000, 0x0000000768a00000|100%| E|CS|TAMS 0x0000000768800000, 0x0000000768800000| Complete 
| 796|0x0000000768a00000, 0x0000000768c00000, 0x0000000768c00000|100%| E|CS|TAMS 0x0000000768a00000, 0x0000000768a00000| Complete 
| 797|0x0000000768c00000, 0x0000000768e00000, 0x0000000768e00000|100%| E|CS|TAMS 0x0000000768c00000, 0x0000000768c00000| Complete 
| 798|0x0000000768e00000, 0x0000000769000000, 0x0000000769000000|100%| E|CS|TAMS 0x0000000768e00000, 0x0000000768e00000| Complete 
| 799|0x0000000769000000, 0x0000000769200000, 0x0000000769200000|100%| E|CS|TAMS 0x0000000769000000, 0x0000000769000000| Complete 
| 800|0x0000000769200000, 0x0000000769400000, 0x0000000769400000|100%| E|CS|TAMS 0x0000000769200000, 0x0000000769200000| Complete 
| 801|0x0000000769400000, 0x0000000769600000, 0x0000000769600000|100%| E|CS|TAMS 0x0000000769400000, 0x0000000769400000| Complete 
| 802|0x0000000769600000, 0x0000000769800000, 0x0000000769800000|100%| E|CS|TAMS 0x0000000769600000, 0x0000000769600000| Complete 
| 803|0x0000000769800000, 0x0000000769a00000, 0x0000000769a00000|100%| E|CS|TAMS 0x0000000769800000, 0x0000000769800000| Complete 
| 804|0x0000000769a00000, 0x0000000769c00000, 0x0000000769c00000|100%| E|CS|TAMS 0x0000000769a00000, 0x0000000769a00000| Complete 
| 805|0x0000000769c00000, 0x0000000769e00000, 0x0000000769e00000|100%| E|CS|TAMS 0x0000000769c00000, 0x0000000769c00000| Complete 
| 806|0x0000000769e00000, 0x000000076a000000, 0x000000076a000000|100%| E|CS|TAMS 0x0000000769e00000, 0x0000000769e00000| Complete 
| 807|0x000000076a000000, 0x000000076a200000, 0x000000076a200000|100%| E|CS|TAMS 0x000000076a000000, 0x000000076a000000| Complete 
| 808|0x000000076a200000, 0x000000076a400000, 0x000000076a400000|100%| E|CS|TAMS 0x000000076a200000, 0x000000076a200000| Complete 
| 809|0x000000076a400000, 0x000000076a600000, 0x000000076a600000|100%| E|CS|TAMS 0x000000076a400000, 0x000000076a400000| Complete 
| 810|0x000000076a600000, 0x000000076a800000, 0x000000076a800000|100%| E|CS|TAMS 0x000000076a600000, 0x000000076a600000| Complete 
| 811|0x000000076a800000, 0x000000076aa00000, 0x000000076aa00000|100%| E|CS|TAMS 0x000000076a800000, 0x000000076a800000| Complete 
| 812|0x000000076aa00000, 0x000000076ac00000, 0x000000076ac00000|100%| E|CS|TAMS 0x000000076aa00000, 0x000000076aa00000| Complete 
| 813|0x000000076ac00000, 0x000000076ae00000, 0x000000076ae00000|100%| E|CS|TAMS 0x000000076ac00000, 0x000000076ac00000| Complete 
| 814|0x000000076ae00000, 0x000000076b000000, 0x000000076b000000|100%| E|CS|TAMS 0x000000076ae00000, 0x000000076ae00000| Complete 
| 815|0x000000076b000000, 0x000000076b200000, 0x000000076b200000|100%| E|CS|TAMS 0x000000076b000000, 0x000000076b000000| Complete 
| 816|0x000000076b200000, 0x000000076b400000, 0x000000076b400000|100%| E|CS|TAMS 0x000000076b200000, 0x000000076b200000| Complete 
| 817|0x000000076b400000, 0x000000076b600000, 0x000000076b600000|100%| E|CS|TAMS 0x000000076b400000, 0x000000076b400000| Complete 
| 818|0x000000076b600000, 0x000000076b800000, 0x000000076b800000|100%| E|CS|TAMS 0x000000076b600000, 0x000000076b600000| Complete 
| 819|0x000000076b800000, 0x000000076ba00000, 0x000000076ba00000|100%| E|CS|TAMS 0x000000076b800000, 0x000000076b800000| Complete 
| 820|0x000000076ba00000, 0x000000076bc00000, 0x000000076bc00000|100%| E|CS|TAMS 0x000000076ba00000, 0x000000076ba00000| Complete 
| 821|0x000000076bc00000, 0x000000076be00000, 0x000000076be00000|100%| E|CS|TAMS 0x000000076bc00000, 0x000000076bc00000| Complete 
| 822|0x000000076be00000, 0x000000076c000000, 0x000000076c000000|100%| E|CS|TAMS 0x000000076be00000, 0x000000076be00000| Complete 
| 823|0x000000076c000000, 0x000000076c200000, 0x000000076c200000|100%| E|CS|TAMS 0x000000076c000000, 0x000000076c000000| Complete 
| 824|0x000000076c200000, 0x000000076c400000, 0x000000076c400000|100%| E|CS|TAMS 0x000000076c200000, 0x000000076c200000| Complete 
| 825|0x000000076c400000, 0x000000076c600000, 0x000000076c600000|100%| E|CS|TAMS 0x000000076c400000, 0x000000076c400000| Complete 
| 826|0x000000076c600000, 0x000000076c800000, 0x000000076c800000|100%| E|CS|TAMS 0x000000076c600000, 0x000000076c600000| Complete 
| 827|0x000000076c800000, 0x000000076ca00000, 0x000000076ca00000|100%| E|CS|TAMS 0x000000076c800000, 0x000000076c800000| Complete 
| 828|0x000000076ca00000, 0x000000076cc00000, 0x000000076cc00000|100%| E|CS|TAMS 0x000000076ca00000, 0x000000076ca00000| Complete 
| 829|0x000000076cc00000, 0x000000076ce00000, 0x000000076ce00000|100%| E|CS|TAMS 0x000000076cc00000, 0x000000076cc00000| Complete 
| 830|0x000000076ce00000, 0x000000076d000000, 0x000000076d000000|100%| E|CS|TAMS 0x000000076ce00000, 0x000000076ce00000| Complete 
| 831|0x000000076d000000, 0x000000076d200000, 0x000000076d200000|100%| E|CS|TAMS 0x000000076d000000, 0x000000076d000000| Complete 
| 832|0x000000076d200000, 0x000000076d400000, 0x000000076d400000|100%| E|CS|TAMS 0x000000076d200000, 0x000000076d200000| Complete 
| 833|0x000000076d400000, 0x000000076d600000, 0x000000076d600000|100%| E|CS|TAMS 0x000000076d400000, 0x000000076d400000| Complete 
| 834|0x000000076d600000, 0x000000076d800000, 0x000000076d800000|100%| E|CS|TAMS 0x000000076d600000, 0x000000076d600000| Complete 
| 835|0x000000076d800000, 0x000000076da00000, 0x000000076da00000|100%| E|CS|TAMS 0x000000076d800000, 0x000000076d800000| Complete 
| 836|0x000000076da00000, 0x000000076dc00000, 0x000000076dc00000|100%| E|CS|TAMS 0x000000076da00000, 0x000000076da00000| Complete 
| 837|0x000000076dc00000, 0x000000076de00000, 0x000000076de00000|100%| E|CS|TAMS 0x000000076dc00000, 0x000000076dc00000| Complete 
| 838|0x000000076de00000, 0x000000076e000000, 0x000000076e000000|100%| E|CS|TAMS 0x000000076de00000, 0x000000076de00000| Complete 
| 839|0x000000076e000000, 0x000000076e200000, 0x000000076e200000|100%| E|CS|TAMS 0x000000076e000000, 0x000000076e000000| Complete 
| 840|0x000000076e200000, 0x000000076e400000, 0x000000076e400000|100%| E|CS|TAMS 0x000000076e200000, 0x000000076e200000| Complete 
| 841|0x000000076e400000, 0x000000076e600000, 0x000000076e600000|100%| E|CS|TAMS 0x000000076e400000, 0x000000076e400000| Complete 
| 842|0x000000076e600000, 0x000000076e800000, 0x000000076e800000|100%| E|CS|TAMS 0x000000076e600000, 0x000000076e600000| Complete 
| 843|0x000000076e800000, 0x000000076ea00000, 0x000000076ea00000|100%| E|CS|TAMS 0x000000076e800000, 0x000000076e800000| Complete 
| 844|0x000000076ea00000, 0x000000076ec00000, 0x000000076ec00000|100%| E|CS|TAMS 0x000000076ea00000, 0x000000076ea00000| Complete 
| 845|0x000000076ec00000, 0x000000076ee00000, 0x000000076ee00000|100%| E|CS|TAMS 0x000000076ec00000, 0x000000076ec00000| Complete 
| 846|0x000000076ee00000, 0x000000076f000000, 0x000000076f000000|100%| E|CS|TAMS 0x000000076ee00000, 0x000000076ee00000| Complete 
| 847|0x000000076f000000, 0x000000076f200000, 0x000000076f200000|100%| E|CS|TAMS 0x000000076f000000, 0x000000076f000000| Complete 
| 848|0x000000076f200000, 0x000000076f400000, 0x000000076f400000|100%| E|CS|TAMS 0x000000076f200000, 0x000000076f200000| Complete 
| 849|0x000000076f400000, 0x000000076f600000, 0x000000076f600000|100%| E|CS|TAMS 0x000000076f400000, 0x000000076f400000| Complete 
| 850|0x000000076f600000, 0x000000076f800000, 0x000000076f800000|100%| E|CS|TAMS 0x000000076f600000, 0x000000076f600000| Complete 
| 851|0x000000076f800000, 0x000000076fa00000, 0x000000076fa00000|100%| E|CS|TAMS 0x000000076f800000, 0x000000076f800000| Complete 
| 852|0x000000076fa00000, 0x000000076fc00000, 0x000000076fc00000|100%| E|CS|TAMS 0x000000076fa00000, 0x000000076fa00000| Complete 
| 853|0x000000076fc00000, 0x000000076fe00000, 0x000000076fe00000|100%| E|CS|TAMS 0x000000076fc00000, 0x000000076fc00000| Complete 
| 854|0x000000076fe00000, 0x0000000770000000, 0x0000000770000000|100%| E|CS|TAMS 0x000000076fe00000, 0x000000076fe00000| Complete 
| 855|0x0000000770000000, 0x0000000770200000, 0x0000000770200000|100%| E|CS|TAMS 0x0000000770000000, 0x0000000770000000| Complete 
| 856|0x0000000770200000, 0x0000000770400000, 0x0000000770400000|100%| E|CS|TAMS 0x0000000770200000, 0x0000000770200000| Complete 
| 857|0x0000000770400000, 0x0000000770600000, 0x0000000770600000|100%| E|CS|TAMS 0x0000000770400000, 0x0000000770400000| Complete 
| 858|0x0000000770600000, 0x0000000770800000, 0x0000000770800000|100%| E|CS|TAMS 0x0000000770600000, 0x0000000770600000| Complete 
| 859|0x0000000770800000, 0x0000000770a00000, 0x0000000770a00000|100%| E|CS|TAMS 0x0000000770800000, 0x0000000770800000| Complete 
| 860|0x0000000770a00000, 0x0000000770c00000, 0x0000000770c00000|100%| E|CS|TAMS 0x0000000770a00000, 0x0000000770a00000| Complete 
| 861|0x0000000770c00000, 0x0000000770e00000, 0x0000000770e00000|100%| E|CS|TAMS 0x0000000770c00000, 0x0000000770c00000| Complete 
| 862|0x0000000770e00000, 0x0000000771000000, 0x0000000771000000|100%| E|CS|TAMS 0x0000000770e00000, 0x0000000770e00000| Complete 
| 863|0x0000000771000000, 0x0000000771200000, 0x0000000771200000|100%| E|CS|TAMS 0x0000000771000000, 0x0000000771000000| Complete 
| 864|0x0000000771200000, 0x0000000771400000, 0x0000000771400000|100%| E|CS|TAMS 0x0000000771200000, 0x0000000771200000| Complete 
| 865|0x0000000771400000, 0x0000000771600000, 0x0000000771600000|100%| E|CS|TAMS 0x0000000771400000, 0x0000000771400000| Complete 
| 866|0x0000000771600000, 0x0000000771800000, 0x0000000771800000|100%| E|CS|TAMS 0x0000000771600000, 0x0000000771600000| Complete 
| 867|0x0000000771800000, 0x0000000771a00000, 0x0000000771a00000|100%| E|CS|TAMS 0x0000000771800000, 0x0000000771800000| Complete 
| 868|0x0000000771a00000, 0x0000000771c00000, 0x0000000771c00000|100%| E|CS|TAMS 0x0000000771a00000, 0x0000000771a00000| Complete 
| 869|0x0000000771c00000, 0x0000000771e00000, 0x0000000771e00000|100%| E|CS|TAMS 0x0000000771c00000, 0x0000000771c00000| Complete 
| 870|0x0000000771e00000, 0x0000000772000000, 0x0000000772000000|100%| E|CS|TAMS 0x0000000771e00000, 0x0000000771e00000| Complete 
| 871|0x0000000772000000, 0x0000000772200000, 0x0000000772200000|100%| E|CS|TAMS 0x0000000772000000, 0x0000000772000000| Complete 
| 872|0x0000000772200000, 0x0000000772400000, 0x0000000772400000|100%| E|CS|TAMS 0x0000000772200000, 0x0000000772200000| Complete 
| 873|0x0000000772400000, 0x0000000772600000, 0x0000000772600000|100%| E|CS|TAMS 0x0000000772400000, 0x0000000772400000| Complete 
| 874|0x0000000772600000, 0x0000000772800000, 0x0000000772800000|100%| E|CS|TAMS 0x0000000772600000, 0x0000000772600000| Complete 
| 875|0x0000000772800000, 0x0000000772a00000, 0x0000000772a00000|100%| E|CS|TAMS 0x0000000772800000, 0x0000000772800000| Complete 
| 876|0x0000000772a00000, 0x0000000772c00000, 0x0000000772c00000|100%| E|CS|TAMS 0x0000000772a00000, 0x0000000772a00000| Complete 
| 877|0x0000000772c00000, 0x0000000772e00000, 0x0000000772e00000|100%| E|CS|TAMS 0x0000000772c00000, 0x0000000772c00000| Complete 
| 878|0x0000000772e00000, 0x0000000773000000, 0x0000000773000000|100%| E|CS|TAMS 0x0000000772e00000, 0x0000000772e00000| Complete 
| 879|0x0000000773000000, 0x0000000773200000, 0x0000000773200000|100%| E|CS|TAMS 0x0000000773000000, 0x0000000773000000| Complete 
| 880|0x0000000773200000, 0x0000000773400000, 0x0000000773400000|100%| E|CS|TAMS 0x0000000773200000, 0x0000000773200000| Complete 
|1996|0x00000007fea00000, 0x00000007fec00000, 0x00000007fec00000|100%| O|  |TAMS 0x00000007fec00000, 0x00000007fea00000| Updating 
|1997|0x00000007fec00000, 0x00000007fee00000, 0x00000007fee00000|100%| E|CS|TAMS 0x00000007fec00000, 0x00000007fec00000| Complete 
|1998|0x00000007fee00000, 0x00000007ff000000, 0x00000007ff000000|100%| E|CS|TAMS 0x00000007fee00000, 0x00000007fee00000| Complete 
|1999|0x00000007ff000000, 0x00000007ff200000, 0x00000007ff200000|100%| E|CS|TAMS 0x00000007ff000000, 0x00000007ff000000| Complete 
|2000|0x00000007ff200000, 0x00000007ff400000, 0x00000007ff400000|100%| E|CS|TAMS 0x00000007ff200000, 0x00000007ff200000| Complete 
|2001|0x00000007ff400000, 0x00000007ff600000, 0x00000007ff600000|100%| E|CS|TAMS 0x00000007ff400000, 0x00000007ff400000| Complete 
|2002|0x00000007ff600000, 0x00000007ff800000, 0x00000007ff800000|100%| E|CS|TAMS 0x00000007ff600000, 0x00000007ff600000| Complete 
|2003|0x00000007ff800000, 0x00000007ffa00000, 0x00000007ffa00000|100%| E|CS|TAMS 0x00000007ff800000, 0x00000007ff800000| Complete 
|2004|0x00000007ffa00000, 0x00000007ffc00000, 0x00000007ffc00000|100%| E|CS|TAMS 0x00000007ffa00000, 0x00000007ffa00000| Complete 
|2005|0x00000007ffc00000, 0x00000007ffe00000, 0x00000007ffe00000|100%| E|CS|TAMS 0x00000007ffc00000, 0x00000007ffc00000| Complete 
|2006|0x00000007ffe00000, 0x0000000800000000, 0x0000000800000000|100%| E|CS|TAMS 0x00000007ffe00000, 0x00000007ffe00000| Complete 

Card table byte_map: [0x000001da7e1b0000,0x000001da7e990000] _byte_map_base: 0x000001da7a987000

Marking Bits (Prev, Next): (CMBitMap*) 0x000001da73cd0550, (CMBitMap*) 0x000001da73cd0510
 Prev Bits: [0x000001da12ec0000, 0x000001da16d78000)
 Next Bits: [0x000001da0f000000, 0x000001da12eb8000)

Polling page: 0x000001da73d00000

Metaspace:

Usage:
  Non-class:    107.19 MB used.
      Class:     18.08 MB used.
       Both:    125.27 MB used.

Virtual space:
  Non-class space:      128.00 MB reserved,     108.19 MB ( 85%) committed,  2 nodes.
      Class space:        1.00 GB reserved,      18.94 MB (  2%) committed,  1 nodes.
             Both:        1.12 GB reserved,     127.12 MB ( 11%) committed. 

Chunk freelists:
   Non-Class:  2.91 MB
       Class:  12.96 MB
        Both:  15.86 MB

MaxMetaspaceSize: unlimited
CompressedClassSpaceSize: 1.00 GB
Initial GC threshold: 21.00 MB
Current GC threshold: 211.69 MB
CDS: on
MetaspaceReclaimPolicy: balanced
 - commit_granule_bytes: 65536.
 - commit_granule_words: 8192.
 - virtual_space_node_default_size: 8388608.
 - enlarge_chunks_in_place: 1.
 - new_chunks_are_fully_committed: 0.
 - uncommit_free_chunks: 1.
 - use_allocation_guard: 0.
 - handle_deallocations: 1.


Internal statistics:

num_allocs_failed_limit: 6.
num_arena_births: 3070.
num_arena_deaths: 20.
num_vsnodes_births: 3.
num_vsnodes_deaths: 0.
num_space_committed: 2029.
num_space_uncommitted: 0.
num_chunks_returned_to_freelist: 36.
num_chunks_taken_from_freelist: 8753.
num_chunk_merges: 17.
num_chunk_splits: 5474.
num_chunks_enlarged: 3386.
num_inconsistent_stats: 0.

CodeHeap 'non-profiled nmethods': size=120000Kb used=28055Kb max_used=28055Kb free=91944Kb
 bounds [0x000001da07ad0000, 0x000001da09640000, 0x000001da0f000000]
CodeHeap 'profiled nmethods': size=120000Kb used=37651Kb max_used=37651Kb free=82348Kb
 bounds [0x000001da00000000, 0x000001da02590000, 0x000001da07530000]
CodeHeap 'non-nmethods': size=5760Kb used=2505Kb max_used=2597Kb free=3254Kb
 bounds [0x000001da07530000, 0x000001da077d0000, 0x000001da07ad0000]
 total_blobs=25333 nmethods=23177 adapters=2065
 compilation: enabled
              stopped_count=0, restarted_count=0
 full_count=0

Compilation events (20 events):
Event: 90.328 Thread 0x000001da7fa51e40 nmethod 35181 0x000001da09631390 code [0x000001da09631580, 0x000001da09631cd8]
Event: 90.329 Thread 0x000001da7fa51e40 35182       4       net.minecraft.client.renderer.chunk.ChunkRenderDispatcher$$Lambda$9706/0x000001da1b2575c8::run (16 bytes)
Event: 90.341 Thread 0x000001da7fa51e40 nmethod 35182 0x000001da09632310 code [0x000001da09632500, 0x000001da09632cb8]
Event: 90.341 Thread 0x000001da7fa51e40 35185       4       net.minecraft.client.renderer.chunk.ChunkRenderDispatcher$$Lambda$9675/0x000001da1b250000::apply (8 bytes)
Event: 90.342 Thread 0x000001da7fa51e40 nmethod 35185 0x000001da09633390 code [0x000001da09633500, 0x000001da09633598]
Event: 90.344 Thread 0x000001da7fa51e40 35186       4       net.minecraft.client.particle.ParticleEngine::tickParticleList (70 bytes)
Event: 90.358 Thread 0x000001da7fa51e40 nmethod 35186 0x000001da09633690 code [0x000001da096338a0, 0x000001da09634428]
Event: 90.477 Thread 0x000001da7fa52750 35187       3       net.minecraft.world.level.block.Block::popResource (108 bytes)
Event: 90.477 Thread 0x000001da7fa52750 nmethod 35187 0x000001da02002e10 code [0x000001da020030e0, 0x000001da02003b68]
Event: 90.491 Thread 0x000001da7fa51e40 35188       4       net.minecraft.world.entity.item.ItemEntity::getName (24 bytes)
Event: 90.499 Thread 0x000001da7fa51e40 nmethod 35188 0x000001da09634d90 code [0x000001da09634f80, 0x000001da09635698]
Event: 90.546 Thread 0x000001da7fa52750 35189       3       net.mcreator.simplemissiles.client.renderer.Locat3Renderer::scale (11 bytes)
Event: 90.546 Thread 0x000001da7fa52750 nmethod 35189 0x000001da01ac0790 code [0x000001da01ac0980, 0x000001da01ac0c48]
Event: 90.546 Thread 0x000001da7fa52750 35190       3       net.mcreator.simplemissiles.client.renderer.Locat3Renderer::scale (8 bytes)
Event: 90.546 Thread 0x000001da7fa52750 nmethod 35190 0x000001da01cf7990 code [0x000001da01cf7b60, 0x000001da01cf7cc8]
Event: 90.546 Thread 0x000001da7fa52750 35191       3       net.mcreator.simplemissiles.client.model.ModelLocator_entity::setupAnim (13 bytes)
Event: 90.546 Thread 0x000001da7fa52750 nmethod 35191 0x000001da01aef090 code [0x000001da01aef240, 0x000001da01aef358]
Event: 90.557 Thread 0x000001da7fa51e40 35192       4       net.minecraft.world.level.levelgen.ThreadSafeLegacyRandomSource::next (45 bytes)
Event: 90.558 Thread 0x000001da7fa51e40 nmethod 35192 0x000001da09635b90 code [0x000001da09635d00, 0x000001da09635e18]
Event: 90.558 Thread 0x000001da7fa51e40 35193       4       net.minecraft.world.level.levelgen.MarsagliaPolarGaussian::nextGaussian (109 bytes)

GC Heap History (20 events):
Event: 82.676 GC heap before
{Heap before GC invocations=82 (full 0):
 garbage-first heap   total 1826816K, used 1570696K [0x0000000705200000, 0x0000000800000000)
  region size 2048K, 413 young (845824K), 18 survivors (36864K)
 Metaspace       used 128100K, committed 129984K, reserved 1179648K
  class space    used 18516K, committed 19392K, reserved 1048576K
}
Event: 82.694 GC heap after
{Heap after GC invocations=83 (full 0):
 garbage-first heap   total 1826816K, used 774024K [0x0000000705200000, 0x0000000800000000)
  region size 2048K, 23 young (47104K), 23 survivors (47104K)
 Metaspace       used 128100K, committed 129984K, reserved 1179648K
  class space    used 18516K, committed 19392K, reserved 1048576K
}
Event: 83.589 GC heap before
{Heap before GC invocations=83 (full 0):
 garbage-first heap   total 1826816K, used 1564552K [0x0000000705200000, 0x0000000800000000)
  region size 2048K, 410 young (839680K), 23 survivors (47104K)
 Metaspace       used 128112K, committed 130048K, reserved 1179648K
  class space    used 18516K, committed 19392K, reserved 1048576K
}
Event: 83.599 GC heap after
{Heap after GC invocations=84 (full 0):
 garbage-first heap   total 1826816K, used 774024K [0x0000000705200000, 0x0000000800000000)
  region size 2048K, 23 young (47104K), 23 survivors (47104K)
 Metaspace       used 128112K, committed 130048K, reserved 1179648K
  class space    used 18516K, committed 19392K, reserved 1048576K
}
Event: 84.312 GC heap before
{Heap before GC invocations=84 (full 0):
 garbage-first heap   total 1826816K, used 1568648K [0x0000000705200000, 0x0000000800000000)
  region size 2048K, 411 young (841728K), 23 survivors (47104K)
 Metaspace       used 128125K, committed 130048K, reserved 1179648K
  class space    used 18517K, committed 19392K, reserved 1048576K
}
Event: 84.323 GC heap after
{Heap after GC invocations=85 (full 0):
 garbage-first heap   total 1826816K, used 767880K [0x0000000705200000, 0x0000000800000000)
  region size 2048K, 20 young (40960K), 20 survivors (40960K)
 Metaspace       used 128125K, committed 130048K, reserved 1179648K
  class space    used 18517K, committed 19392K, reserved 1048576K
}
Event: 85.237 GC heap before
{Heap before GC invocations=85 (full 0):
 garbage-first heap   total 1826816K, used 1574792K [0x0000000705200000, 0x0000000800000000)
  region size 2048K, 415 young (849920K), 20 survivors (40960K)
 Metaspace       used 128148K, committed 130048K, reserved 1179648K
  class space    used 18517K, committed 19392K, reserved 1048576K
}
Event: 85.247 GC heap after
{Heap after GC invocations=86 (full 0):
 garbage-first heap   total 1826816K, used 763784K [0x0000000705200000, 0x0000000800000000)
  region size 2048K, 18 young (36864K), 18 survivors (36864K)
 Metaspace       used 128148K, committed 130048K, reserved 1179648K
  class space    used 18517K, committed 19392K, reserved 1048576K
}
Event: 86.268 GC heap before
{Heap before GC invocations=86 (full 0):
 garbage-first heap   total 1826816K, used 1585032K [0x0000000705200000, 0x0000000800000000)
  region size 2048K, 420 young (860160K), 18 survivors (36864K)
 Metaspace       used 128173K, committed 130048K, reserved 1179648K
  class space    used 18517K, committed 19392K, reserved 1048576K
}
Event: 86.283 GC heap after
{Heap after GC invocations=87 (full 0):
 garbage-first heap   total 1826816K, used 766688K [0x0000000705200000, 0x0000000800000000)
  region size 2048K, 20 young (40960K), 20 survivors (40960K)
 Metaspace       used 128173K, committed 130048K, reserved 1179648K
  class space    used 18517K, committed 19392K, reserved 1048576K
}
Event: 87.334 GC heap before
{Heap before GC invocations=88 (full 0):
 garbage-first heap   total 1826816K, used 1581792K [0x0000000705200000, 0x0000000800000000)
  region size 2048K, 423 young (866304K), 20 survivors (40960K)
 Metaspace       used 128199K, committed 130112K, reserved 1179648K
  class space    used 18516K, committed 19392K, reserved 1048576K
}
Event: 87.344 GC heap after
{Heap after GC invocations=89 (full 0):
 garbage-first heap   total 1826816K, used 757640K [0x0000000705200000, 0x0000000800000000)
  region size 2048K, 19 young (38912K), 19 survivors (38912K)
 Metaspace       used 128199K, committed 130112K, reserved 1179648K
  class space    used 18516K, committed 19392K, reserved 1048576K
}
Event: 87.389 GC heap before
{Heap before GC invocations=89 (full 0):
 garbage-first heap   total 1826816K, used 808840K [0x0000000705200000, 0x0000000800000000)
  region size 2048K, 44 young (90112K), 19 survivors (38912K)
 Metaspace       used 128202K, committed 130112K, reserved 1179648K
  class space    used 18516K, committed 19392K, reserved 1048576K
}
Event: 87.542 GC heap after
{Heap after GC invocations=90 (full 0):
 garbage-first heap   total 1826816K, used 716327K [0x0000000705200000, 0x0000000800000000)
  region size 2048K, 5 young (10240K), 5 survivors (10240K)
 Metaspace       used 128202K, committed 130112K, reserved 1179648K
  class space    used 18516K, committed 19392K, reserved 1048576K
}
Event: 88.315 GC heap before
{Heap before GC invocations=90 (full 0):
 garbage-first heap   total 1826816K, used 1594919K [0x0000000705200000, 0x0000000800000000)
  region size 2048K, 434 young (888832K), 5 survivors (10240K)
 Metaspace       used 128255K, committed 130112K, reserved 1179648K
  class space    used 18517K, committed 19392K, reserved 1048576K
}
Event: 88.320 GC heap after
{Heap after GC invocations=91 (full 0):
 garbage-first heap   total 1826816K, used 714449K [0x0000000705200000, 0x0000000800000000)
  region size 2048K, 4 young (8192K), 4 survivors (8192K)
 Metaspace       used 128255K, committed 130112K, reserved 1179648K
  class space    used 18517K, committed 19392K, reserved 1048576K
}
Event: 89.260 GC heap before
{Heap before GC invocations=91 (full 0):
 garbage-first heap   total 1826816K, used 1605329K [0x0000000705200000, 0x0000000800000000)
  region size 2048K, 439 young (899072K), 4 survivors (8192K)
 Metaspace       used 128267K, committed 130176K, reserved 1179648K
  class space    used 18517K, committed 19392K, reserved 1048576K
}
Event: 89.264 GC heap after
{Heap after GC invocations=92 (full 0):
 garbage-first heap   total 1826816K, used 718884K [0x0000000705200000, 0x0000000800000000)
  region size 2048K, 7 young (14336K), 7 survivors (14336K)
 Metaspace       used 128267K, committed 130176K, reserved 1179648K
  class space    used 18517K, committed 19392K, reserved 1048576K
}
Event: 90.030 GC heap before
{Heap before GC invocations=92 (full 0):
 garbage-first heap   total 1826816K, used 1605668K [0x0000000705200000, 0x0000000800000000)
  region size 2048K, 440 young (901120K), 7 survivors (14336K)
 Metaspace       used 128275K, committed 130176K, reserved 1179648K
  class space    used 18517K, committed 19392K, reserved 1048576K
}
Event: 90.042 GC heap after
{Heap after GC invocations=93 (full 0):
 garbage-first heap   total 1826816K, used 722750K [0x0000000705200000, 0x0000000800000000)
  region size 2048K, 8 young (16384K), 8 survivors (16384K)
 Metaspace       used 128275K, committed 130176K, reserved 1179648K
  class space    used 18517K, committed 19392K, reserved 1048576K
}

Dll operation events (16 events):
Event: 0.009 Loaded shared library C:\Program Files\Pylo\MCreator\jdk\bin\java.dll
Event: 0.029 Loaded shared library C:\Program Files\Pylo\MCreator\jdk\bin\jsvml.dll
Event: 0.155 Loaded shared library C:\Program Files\Pylo\MCreator\jdk\bin\net.dll
Event: 0.157 Loaded shared library C:\Program Files\Pylo\MCreator\jdk\bin\nio.dll
Event: 0.159 Loaded shared library C:\Program Files\Pylo\MCreator\jdk\bin\zip.dll
Event: 0.220 Loaded shared library C:\Program Files\Pylo\MCreator\jdk\bin\jimage.dll
Event: 0.572 Loaded shared library C:\Program Files\Pylo\MCreator\jdk\bin\verify.dll
Event: 3.215 Loaded shared library C:\Program Files\Pylo\MCreator\jdk\bin\management.dll
Event: 3.218 Loaded shared library C:\Program Files\Pylo\MCreator\jdk\bin\management_ext.dll
Event: 3.998 Loaded shared library C:\Users\anime\AppData\Local\Temp\lwjglanime\3.3.1-build-7\lwjgl.dll
Event: 4.482 Loaded shared library C:\Users\anime\AppData\Local\Temp\lwjglanime\3.3.1-build-7\lwjgl_stb.dll
Event: 4.573 Loaded shared library C:\Users\anime\AppData\Local\Temp\lwjglanime\3.3.1-build-7\lwjgl_opengl.dll
Event: 8.885 Loaded shared library C:\Users\anime\AppData\Local\Temp\jna-92962932\jna550128430654895610.dll
Event: 17.983 Loaded shared library C:\Program Files\Pylo\MCreator\jdk\bin\sunmscapi.dll
Event: 18.070 Loaded shared library C:\Program Files\Pylo\MCreator\jdk\bin\extnet.dll
Event: 37.757 Loaded shared library C:\Program Files\Pylo\MCreator\jdk\bin\awt.dll

Deoptimization events (20 events):
Event: 89.814 Thread 0x000001da73c657a0 Uncommon trap: trap_request=0xffffffc6 fr.pc=0x000001da090c8464 relative=0x0000000000001464
Event: 89.814 Thread 0x000001da73c657a0 Uncommon trap: reason=bimorphic_or_optimized_type_check action=maybe_recompile pc=0x000001da090c8464 method=net.minecraft.world.item.ItemStack.getDescriptionId()Ljava/lang/String; @ 5 c2
Event: 89.814 Thread 0x000001da73c657a0 DEOPT PACKING pc=0x000001da090c8464 sp=0x00000012ad1fd950
Event: 89.814 Thread 0x000001da73c657a0 DEOPT UNPACKING pc=0x000001da0758a1a3 sp=0x00000012ad1fd8e8 mode 2
Event: 89.814 Thread 0x000001da73c657a0 Uncommon trap: trap_request=0xffffffc6 fr.pc=0x000001da090c8464 relative=0x0000000000001464
Event: 89.814 Thread 0x000001da73c657a0 Uncommon trap: reason=bimorphic_or_optimized_type_check action=maybe_recompile pc=0x000001da090c8464 method=net.minecraft.world.item.ItemStack.getDescriptionId()Ljava/lang/String; @ 5 c2
Event: 89.814 Thread 0x000001da73c657a0 DEOPT PACKING pc=0x000001da090c8464 sp=0x00000012ad1fd950
Event: 89.814 Thread 0x000001da73c657a0 DEOPT UNPACKING pc=0x000001da0758a1a3 sp=0x00000012ad1fd8e8 mode 2
Event: 89.836 Thread 0x000001da73c657a0 DEOPT PACKING pc=0x000001da02360e4f sp=0x00000012ad1fdde0
Event: 89.836 Thread 0x000001da73c657a0 DEOPT UNPACKING pc=0x000001da0758ace3 sp=0x00000012ad1fd2d8 mode 0
Event: 89.837 Thread 0x000001da73c657a0 Uncommon trap: trap_request=0xffffff45 fr.pc=0x000001da0936b648 relative=0x00000000000005c8
Event: 89.838 Thread 0x000001da73c657a0 Uncommon trap: reason=unstable_if action=reinterpret pc=0x000001da0936b648 method=java.util.ArrayDeque.delete(I)Z @ 48 c2
Event: 89.838 Thread 0x000001da73c657a0 DEOPT PACKING pc=0x000001da0936b648 sp=0x00000012ad1fde10
Event: 89.838 Thread 0x000001da73c657a0 DEOPT UNPACKING pc=0x000001da0758a1a3 sp=0x00000012ad1fdcd8 mode 2
Event: 90.113 Thread 0x000001da6b6e2ac0 Uncommon trap: trap_request=0xffffff45 fr.pc=0x000001da09295d9c relative=0x0000000000000f7c
Event: 90.113 Thread 0x000001da6b6e2ac0 Uncommon trap: reason=unstable_if action=reinterpret pc=0x000001da09295d9c method=java.util.concurrent.CompletableFuture$UniCompose.tryFire(I)Ljava/util/concurrent/CompletableFuture; @ 6 c2
Event: 90.113 Thread 0x000001da6b6e2ac0 DEOPT PACKING pc=0x000001da09295d9c sp=0x00000012b0dff120
Event: 90.113 Thread 0x000001da6b6e2ac0 DEOPT UNPACKING pc=0x000001da0758a1a3 sp=0x00000012b0dff0e8 mode 2
Event: 90.344 Thread 0x000001da73c657a0 DEOPT PACKING pc=0x000001da02360e4f sp=0x00000012ad1fdde0
Event: 90.344 Thread 0x000001da73c657a0 DEOPT UNPACKING pc=0x000001da0758ace3 sp=0x00000012ad1fd2d8 mode 0

Classes unloaded (10 events):
Event: 21.473 Thread 0x000001da7fa25170 Unloading class 0x000001da1ae14000 'java/lang/invoke/LambdaForm$DMH+0x000001da1ae14000'
Event: 34.035 Thread 0x000001da7fa25170 Unloading class 0x000001da1af05800 'java/lang/invoke/LambdaForm$DMH+0x000001da1af05800'
Event: 34.035 Thread 0x000001da7fa25170 Unloading class 0x000001da1af05400 'java/lang/invoke/LambdaForm$DMH+0x000001da1af05400'
Event: 34.035 Thread 0x000001da7fa25170 Unloading class 0x000001da1af04c00 'java/lang/invoke/LambdaForm$DMH+0x000001da1af04c00'
Event: 34.035 Thread 0x000001da7fa25170 Unloading class 0x000001da1af04800 'java/lang/invoke/LambdaForm$DMH+0x000001da1af04800'
Event: 34.035 Thread 0x000001da7fa25170 Unloading class 0x000001da1af05000 'java/lang/invoke/LambdaForm$DMH+0x000001da1af05000'
Event: 34.035 Thread 0x000001da7fa25170 Unloading class 0x000001da1af04400 'java/lang/invoke/LambdaForm$DMH+0x000001da1af04400'
Event: 86.329 Thread 0x000001da7fa25170 Unloading class 0x000001da1b2c1800 'java/lang/invoke/LambdaForm$DMH+0x000001da1b2c1800'
Event: 86.329 Thread 0x000001da7fa25170 Unloading class 0x000001da1b2c1400 'java/lang/invoke/LambdaForm$DMH+0x000001da1b2c1400'
Event: 86.329 Thread 0x000001da7fa25170 Unloading class 0x000001da1b2c1c00 'java/lang/invoke/LambdaForm$DMH+0x000001da1b2c1c00'

Classes redefined (0 events):
No events

Internal exceptions (20 events):
Event: 83.443 Thread 0x000001da607c7a50 Exception <a 'sun/nio/fs/WindowsException'{0x0000000754507f98}> (0x0000000754507f98) 
thrown [s\src\hotspot\share\prims\jni.cpp, line 516]
Event: 83.469 Thread 0x000001da607c7030 Exception <a 'sun/nio/fs/WindowsException'{0x000000074e902cf8}> (0x000000074e902cf8) 
thrown [s\src\hotspot\share\prims\jni.cpp, line 516]
Event: 83.486 Thread 0x000001da607c7a50 Exception <a 'sun/nio/fs/WindowsException'{0x000000074c5054c0}> (0x000000074c5054c0) 
thrown [s\src\hotspot\share\prims\jni.cpp, line 516]
Event: 83.524 Thread 0x000001da607c7030 Exception <a 'sun/nio/fs/WindowsException'{0x000000074e905b78}> (0x000000074e905b78) 
thrown [s\src\hotspot\share\prims\jni.cpp, line 516]
Event: 83.530 Thread 0x000001da607c7a50 Exception <a 'sun/nio/fs/WindowsException'{0x000000074c506390}> (0x000000074c506390) 
thrown [s\src\hotspot\share\prims\jni.cpp, line 516]
Event: 83.541 Thread 0x000001da607c7030 Exception <a 'sun/nio/fs/WindowsException'{0x0000000747e04d98}> (0x0000000747e04d98) 
thrown [s\src\hotspot\share\prims\jni.cpp, line 516]
Event: 83.547 Thread 0x000001da607c7a50 Exception <a 'sun/nio/fs/WindowsException'{0x00000007475035c0}> (0x00000007475035c0) 
thrown [s\src\hotspot\share\prims\jni.cpp, line 516]
Event: 83.599 Thread 0x000001da607c7030 Exception <a 'sun/nio/fs/WindowsException'{0x00000007fff00b70}> (0x00000007fff00b70) 
thrown [s\src\hotspot\share\prims\jni.cpp, line 516]
Event: 83.633 Thread 0x000001da607c7a50 Exception <a 'sun/nio/fs/WindowsException'{0x00000007ffb05818}> (0x00000007ffb05818) 
thrown [s\src\hotspot\share\prims\jni.cpp, line 516]
Event: 83.633 Thread 0x000001da607c7030 Exception <a 'sun/nio/fs/WindowsException'{0x0000000771d02de8}> (0x0000000771d02de8) 
thrown [s\src\hotspot\share\prims\jni.cpp, line 516]
Event: 83.637 Thread 0x000001da607c7a50 Exception <a 'sun/nio/fs/WindowsException'{0x0000000771a02748}> (0x0000000771a02748) 
thrown [s\src\hotspot\share\prims\jni.cpp, line 516]
Event: 83.638 Thread 0x000001da607c7030 Exception <a 'sun/nio/fs/WindowsException'{0x0000000771802868}> (0x0000000771802868) 
thrown [s\src\hotspot\share\prims\jni.cpp, line 516]
Event: 83.639 Thread 0x000001da607c7a50 Exception <a 'sun/nio/fs/WindowsException'{0x0000000771907488}> (0x0000000771907488) 
thrown [s\src\hotspot\share\prims\jni.cpp, line 516]
Event: 83.647 Thread 0x000001da607c7030 Exception <a 'sun/nio/fs/WindowsException'{0x000000077190d118}> (0x000000077190d118) 
thrown [s\src\hotspot\share\prims\jni.cpp, line 516]
Event: 83.667 Thread 0x000001da607c7a50 Exception <a 'sun/nio/fs/WindowsException'{0x000000076fa001e0}> (0x000000076fa001e0) 
thrown [s\src\hotspot\share\prims\jni.cpp, line 516]
Event: 83.682 Thread 0x000001da607c7030 Exception <a 'sun/nio/fs/WindowsException'{0x000000077190dfe8}> (0x000000077190dfe8) 
thrown [s\src\hotspot\share\prims\jni.cpp, line 516]
Event: 83.693 Thread 0x000001da607c7a50 Exception <a 'sun/nio/fs/WindowsException'{0x000000076e905f90}> (0x000000076e905f90) 
thrown [s\src\hotspot\share\prims\jni.cpp, line 516]
Event: 83.716 Thread 0x000001da607c7030 Exception <a 'sun/nio/fs/WindowsException'{0x000000076e104818}> (0x000000076e104818) 
thrown [s\src\hotspot\share\prims\jni.cpp, line 516]
Event: 84.571 Thread 0x000001da6b6dfd30 Implicit null exception at 0x000001da08b6b59b to 0x000001da08b6bb49
Event: 90.113 Thread 0x000001da6b6e2ac0 Implicit null exception at 0x000001da09294e5e to 0x000001da09295d78

VM Operations (20 events):
Event: 85.247 Executing VM operation: G1CollectForAllocation done
Event: 85.812 Executing VM operation: HandshakeAllThreads
Event: 85.812 Executing VM operation: HandshakeAllThreads done
Event: 86.203 Executing VM operation: G1CollectForAllocation
Event: 86.283 Executing VM operation: G1CollectForAllocation done
Event: 86.319 Executing VM operation: G1PauseRemark
Event: 86.379 Executing VM operation: G1PauseRemark done
Event: 87.054 Executing VM operation: G1PauseCleanup
Event: 87.055 Executing VM operation: G1PauseCleanup done
Event: 87.334 Executing VM operation: G1CollectForAllocation
Event: 87.344 Executing VM operation: G1CollectForAllocation done
Event: 87.389 Executing VM operation: G1CollectForAllocation
Event: 87.542 Executing VM operation: G1CollectForAllocation done
Event: 88.315 Executing VM operation: G1CollectForAllocation
Event: 88.320 Executing VM operation: G1CollectForAllocation done
Event: 89.255 Executing VM operation: G1CollectForAllocation
Event: 89.265 Executing VM operation: G1CollectForAllocation done
Event: 90.030 Executing VM operation: G1CollectForAllocation
Event: 90.042 Executing VM operation: G1CollectForAllocation done
Event: 90.558 Executing VM operation: G1PauseRemark

Events (20 events):
Event: 85.845 Thread 0x000001da7fa53060 flushing nmethod 0x000001da021e9910
Event: 85.845 Thread 0x000001da7fa53060 flushing nmethod 0x000001da02254010
Event: 85.846 Thread 0x000001da7fa53060 flushing nmethod 0x000001da022c9a90
Event: 85.846 Thread 0x000001da7fa53060 flushing nmethod 0x000001da022d9f90
Event: 85.846 Thread 0x000001da7fa53060 flushing nmethod 0x000001da02311390
Event: 85.846 Thread 0x000001da7fa53060 flushing nmethod 0x000001da02326a90
Event: 85.846 Thread 0x000001da7fa53060 flushing nmethod 0x000001da02356d10
Event: 85.846 Thread 0x000001da7fa53060 flushing nmethod 0x000001da0235fd10
Event: 85.846 Thread 0x000001da7fa53060 flushing nmethod 0x000001da02362b90
Event: 85.846 Thread 0x000001da7fa53060 flushing nmethod 0x000001da02366c90
Event: 85.846 Thread 0x000001da7fa53060 flushing nmethod 0x000001da02369e90
Event: 85.846 Thread 0x000001da7fa53060 flushing nmethod 0x000001da02386b10
Event: 85.846 Thread 0x000001da7fa53060 flushing nmethod 0x000001da02395410
Event: 85.846 Thread 0x000001da7fa53060 flushing nmethod 0x000001da023a0790
Event: 85.846 Thread 0x000001da7fa53060 flushing nmethod 0x000001da023a1510
Event: 85.846 Thread 0x000001da7fa53060 flushing nmethod 0x000001da02413c10
Event: 85.847 Thread 0x000001da7fa53060 flushing nmethod 0x000001da0244a610
Event: 85.847 Thread 0x000001da7fa53060 flushing nmethod 0x000001da0249ae10
Event: 85.847 Thread 0x000001da7fa53060 flushing nmethod 0x000001da0251f310
Event: 88.556 Thread 0x000001da7f9888e0 Thread exited: 0x000001da7f9888e0


Dynamic libraries:
0x00007ff693fd0000 - 0x00007ff693fde000 	C:\Program Files\Pylo\MCreator\jdk\bin\java.exe
0x00007ffb7b7d0000 - 0x00007ffb7b9c8000 	C:\windows\SYSTEM32\ntdll.dll
0x00007ffb79a60000 - 0x00007ffb79b22000 	C:\windows\System32\KERNEL32.DLL
0x00007ffb78f10000 - 0x00007ffb7920f000 	C:\windows\System32\KERNELBASE.dll
0x00007ffb79330000 - 0x00007ffb79430000 	C:\windows\System32\ucrtbase.dll
0x00007ffb6d5f0000 - 0x00007ffb6d60b000 	C:\Program Files\Pylo\MCreator\jdk\bin\VCRUNTIME140.dll
0x00007ffb687f0000 - 0x00007ffb68807000 	C:\Program Files\Pylo\MCreator\jdk\bin\jli.dll
0x00007ffb798a0000 - 0x00007ffb79a3d000 	C:\windows\System32\USER32.dll
0x00007ffb6a440000 - 0x00007ffb6a6da000 	C:\windows\WinSxS\amd64_microsoft.windows.common-controls_6595b64144ccf1df_6.0.19041.4355_none_60b8b9eb71f62e16\COMCTL32.dll
0x00007ffb78e70000 - 0x00007ffb78e92000 	C:\windows\System32\win32u.dll
0x00007ffb7b140000 - 0x00007ffb7b1de000 	C:\windows\System32\msvcrt.dll
0x00007ffb7b700000 - 0x00007ffb7b72b000 	C:\windows\System32\GDI32.dll
0x00007ffb79210000 - 0x00007ffb7932a000 	C:\windows\System32\gdi32full.dll
0x00007ffb794b0000 - 0x00007ffb7954d000 	C:\windows\System32\msvcp_win.dll
0x00007ffb7a200000 - 0x00007ffb7a22f000 	C:\windows\System32\IMM32.DLL
0x00007ffb6d5e0000 - 0x00007ffb6d5ec000 	C:\Program Files\Pylo\MCreator\jdk\bin\vcruntime140_1.dll
0x00007ffb4ede0000 - 0x00007ffb4ee6d000 	C:\Program Files\Pylo\MCreator\jdk\bin\msvcp140.dll
0x00007ffab4ff0000 - 0x00007ffab5c52000 	C:\Program Files\Pylo\MCreator\jdk\bin\server\jvm.dll
0x00007ffb79c60000 - 0x00007ffb79d0f000 	C:\windows\System32\ADVAPI32.dll
0x00007ffb7b660000 - 0x00007ffb7b6ff000 	C:\windows\System32\sechost.dll
0x00007ffb79d70000 - 0x00007ffb79e93000 	C:\windows\System32\RPCRT4.dll
0x00007ffb79430000 - 0x00007ffb79457000 	C:\windows\System32\bcrypt.dll
0x00007ffb69090000 - 0x00007ffb69099000 	C:\windows\SYSTEM32\WSOCK32.dll
0x00007ffb78400000 - 0x00007ffb7844b000 	C:\windows\SYSTEM32\POWRPROF.dll
0x00007ffb6a390000 - 0x00007ffb6a3b7000 	C:\windows\SYSTEM32\WINMM.dll
0x00007ffb706c0000 - 0x00007ffb706ca000 	C:\windows\SYSTEM32\VERSION.dll
0x00007ffb7aeb0000 - 0x00007ffb7af1b000 	C:\windows\System32\WS2_32.dll
0x00007ffb78270000 - 0x00007ffb78282000 	C:\windows\SYSTEM32\UMPDC.dll
0x00007ffb77690000 - 0x00007ffb776a2000 	C:\windows\SYSTEM32\kernel.appcore.dll
0x00007ffb68770000 - 0x00007ffb6877a000 	C:\Program Files\Pylo\MCreator\jdk\bin\jimage.dll
0x00007ffb76a30000 - 0x00007ffb76c14000 	C:\windows\SYSTEM32\DBGHELP.DLL
0x00007ffb69040000 - 0x00007ffb69074000 	C:\windows\SYSTEM32\dbgcore.DLL
0x00007ffb79600000 - 0x00007ffb79682000 	C:\windows\System32\bcryptPrimitives.dll
0x00007ffb68740000 - 0x00007ffb68765000 	C:\Program Files\Pylo\MCreator\jdk\bin\java.dll
0x00007ffb4e780000 - 0x00007ffb4e857000 	C:\Program Files\Pylo\MCreator\jdk\bin\jsvml.dll
0x00007ffb7a520000 - 0x00007ffb7ac8d000 	C:\windows\System32\SHELL32.dll
0x00007ffb76e40000 - 0x00007ffb775e4000 	C:\windows\SYSTEM32\windows.storage.dll
0x00007ffb79ea0000 - 0x00007ffb7a1f5000 	C:\windows\System32\combase.dll
0x00007ffb788a0000 - 0x00007ffb788cf000 	C:\windows\SYSTEM32\Wldp.dll
0x00007ffb79b30000 - 0x00007ffb79bfd000 	C:\windows\System32\OLEAUT32.dll
0x00007ffb797f0000 - 0x00007ffb7989d000 	C:\windows\System32\SHCORE.dll
0x00007ffb7b0e0000 - 0x00007ffb7b135000 	C:\windows\System32\shlwapi.dll
0x00007ffb78da0000 - 0x00007ffb78dc4000 	C:\windows\SYSTEM32\profapi.dll
0x00007ffb68720000 - 0x00007ffb68739000 	C:\Program Files\Pylo\MCreator\jdk\bin\net.dll
0x00007ffb716a0000 - 0x00007ffb717aa000 	C:\windows\SYSTEM32\WINHTTP.dll
0x00007ffb78600000 - 0x00007ffb7866c000 	C:\windows\system32\mswsock.dll
0x00007ffb68700000 - 0x00007ffb68716000 	C:\Program Files\Pylo\MCreator\jdk\bin\nio.dll
0x00007ffb67950000 - 0x00007ffb67968000 	C:\Program Files\Pylo\MCreator\jdk\bin\zip.dll
0x00007ffb51870000 - 0x00007ffb51880000 	C:\Program Files\Pylo\MCreator\jdk\bin\verify.dll
0x00007ffb67940000 - 0x00007ffb67949000 	C:\Program Files\Pylo\MCreator\jdk\bin\management.dll
0x00007ffb67920000 - 0x00007ffb6792b000 	C:\Program Files\Pylo\MCreator\jdk\bin\management_ext.dll
0x00007ffb79a40000 - 0x00007ffb79a48000 	C:\windows\System32\PSAPI.DLL
0x00007ffb02630000 - 0x00007ffb02647000 	C:\windows\system32\napinsp.dll
0x00007ffb02610000 - 0x00007ffb0262b000 	C:\windows\system32\pnrpnsp.dll
0x00007ffb718b0000 - 0x00007ffb718c5000 	C:\windows\system32\wshbth.dll
0x00007ffb71670000 - 0x00007ffb7168d000 	C:\windows\system32\NLAapi.dll
0x00007ffb78290000 - 0x00007ffb782cb000 	C:\windows\SYSTEM32\IPHLPAPI.DLL
0x00007ffb782e0000 - 0x00007ffb783aa000 	C:\windows\SYSTEM32\DNSAPI.dll
0x00007ffb79a50000 - 0x00007ffb79a58000 	C:\windows\System32\NSI.dll
0x00007ffb025f0000 - 0x00007ffb02602000 	C:\windows\System32\winrnr.dll
0x00007ffb70440000 - 0x00007ffb7044a000 	C:\Windows\System32\rasadhlp.dll
0x00007ffb6e770000 - 0x00007ffb6e7f0000 	C:\windows\System32\fwpuclnt.dll
0x00007ffafb4a0000 - 0x00007ffafb515000 	C:\Users\anime\AppData\Local\Temp\lwjglanime\3.3.1-build-7\lwjgl.dll
0x00007ffafb430000 - 0x00007ffafb491000 	C:\Users\anime\AppData\Local\Temp\lwjglanime\3.3.1-build-7\glfw.dll
0x00007ffb0acd0000 - 0x00007ffb0ad15000 	C:\windows\SYSTEM32\dinput8.dll
0x00007ffb711a0000 - 0x00007ffb711b1000 	C:\windows\SYSTEM32\xinput1_4.dll
0x00007ffb79460000 - 0x00007ffb794ae000 	C:\windows\System32\cfgmgr32.dll
0x00007ffb78c00000 - 0x00007ffb78c33000 	C:\windows\SYSTEM32\DEVOBJ.dll
0x00007ffb762b0000 - 0x00007ffb762df000 	C:\windows\SYSTEM32\dwmapi.dll
0x00007ffb56a50000 - 0x00007ffb56ba2000 	C:\windows\SYSTEM32\inputhost.dll
0x00007ffb70180000 - 0x00007ffb70272000 	C:\windows\SYSTEM32\CoreMessaging.dll
0x00007ffb6faa0000 - 0x00007ffb6fdfb000 	C:\windows\SYSTEM32\CoreUIComponents.dll
0x00007ffb71dd0000 - 0x00007ffb71ec6000 	C:\windows\SYSTEM32\PROPSYS.dll
0x00007ffb718d0000 - 0x00007ffb71a27000 	C:\windows\SYSTEM32\wintypes.dll
0x00007ffb78100000 - 0x00007ffb78133000 	C:\windows\SYSTEM32\ntmarta.dll
0x00007ffb728b0000 - 0x00007ffb7294e000 	C:\windows\system32\uxtheme.dll
0x00007ffb7ac90000 - 0x00007ffb7ada5000 	C:\windows\System32\MSCTF.dll
0x00007ffb525c0000 - 0x00007ffb526e8000 	C:\windows\SYSTEM32\opengl32.dll
0x00007ffb52590000 - 0x00007ffb525bc000 	C:\windows\SYSTEM32\GLU32.dll
0x00007ffb7a230000 - 0x00007ffb7a2d9000 	C:\windows\System32\clbcatq.dll
0x00007ffadeb20000 - 0x00007ffae17b7000 	C:\windows\System32\DriverStore\FileRepository\nvinig.inf_amd64_d1b1c3390c3c0e52\nvoglv64.dll
0x00007ffb7b1e0000 - 0x00007ffb7b651000 	C:\windows\System32\SETUPAPI.dll
0x00007ffb7afb0000 - 0x00007ffb7b0db000 	C:\windows\System32\ole32.dll
0x00007ffb706a0000 - 0x00007ffb706b4000 	C:\windows\SYSTEM32\WTSAPI32.dll
0x00007ffb78a30000 - 0x00007ffb78a42000 	C:\windows\SYSTEM32\msasn1.dll
0x00007ffb6c1c0000 - 0x00007ffb6c1f1000 	C:\windows\SYSTEM32\cryptnet.dll
0x00007ffb79690000 - 0x00007ffb797ec000 	C:\windows\System32\CRYPT32.dll
0x00007ffb6bd20000 - 0x00007ffb6be67000 	C:\windows\SYSTEM32\drvstore.dll
0x00007ffb787f0000 - 0x00007ffb787fc000 	C:\windows\SYSTEM32\cryptbase.dll
0x00007ffb78ea0000 - 0x00007ffb78f09000 	C:\windows\System32\WINTRUST.dll
0x00007ffb7adb0000 - 0x00007ffb7adcd000 	C:\windows\System32\imagehlp.dll
0x00007ffb78800000 - 0x00007ffb78818000 	C:\windows\SYSTEM32\CRYPTSP.dll
0x00007ffb77eb0000 - 0x00007ffb77ee4000 	C:\windows\system32\rsaenh.dll
0x00007ffb776b0000 - 0x00007ffb776d3000 	C:\windows\SYSTEM32\gpapi.dll
0x00007ffb633b0000 - 0x00007ffb655cd000 	C:\windows\System32\DriverStore\FileRepository\nvinig.inf_amd64_d1b1c3390c3c0e52\nvgpucomp64.dll
0x00007ffb697e0000 - 0x00007ffb6981b000 	C:\windows\SYSTEM32\dxcore.dll
0x00007ffaf8d90000 - 0x00007ffaf9060000 	C:\windows\system32\nvspcap64.dll
0x00007ffb77b30000 - 0x00007ffb77b8b000 	C:\windows\SYSTEM32\WINSTA.dll
0x00007ffa87a70000 - 0x00007ffa87cc9000 	C:\Users\anime\AppData\Local\Temp\lwjglanime\3.3.1-build-7\jemalloc.dll
0x00007ffaf6a60000 - 0x00007ffaf6ae1000 	C:\Users\anime\AppData\Local\Temp\lwjglanime\3.3.1-build-7\lwjgl_stb.dll
0x00007ffb57330000 - 0x00007ffb57429000 	C:\windows\SYSTEM32\textinputframework.dll
0x00007ffb67e20000 - 0x00007ffb67e86000 	C:\windows\system32\Oleacc.dll
0x00007ffafb3d0000 - 0x00007ffafb42d000 	C:\Users\anime\AppData\Local\Temp\lwjglanime\3.3.1-build-7\lwjgl_opengl.dll
0x00007ffb51e50000 - 0x00007ffb51ea1000 	C:\windows\SYSTEM32\pdh.dll
0x00007ffb681a0000 - 0x00007ffb681af000 	C:\windows\System32\perfproc.dll
0x00007ffb54060000 - 0x00007ffb5406f000 	C:\windows\System32\perfos.dll
0x00007ffb78d60000 - 0x00007ffb78d8e000 	C:\windows\SYSTEM32\USERENV.dll
0x00007ffb70680000 - 0x00007ffb70697000 	C:\windows\SYSTEM32\dhcpcsvc6.DLL
0x00007ffb70800000 - 0x00007ffb7081d000 	C:\windows\SYSTEM32\dhcpcsvc.DLL
0x00007ffafb1e0000 - 0x00007ffafb220000 	C:\Users\anime\AppData\Local\Temp\jna-92962932\jna550128430654895610.dll
0x00007ffb67240000 - 0x00007ffb6725f000 	C:\windows\SYSTEM32\amsi.dll
0x00007ffb671b0000 - 0x00007ffb67233000 	C:\ProgramData\Microsoft\Windows Defender\Platform\4.18.24090.11-0\MpOav.dll
0x00007ffb6cee0000 - 0x00007ffb6cf8e000 	C:\windows\SYSTEM32\mscms.dll
0x00007ffb6cec0000 - 0x00007ffb6ced1000 	C:\windows\SYSTEM32\ColorAdapterClient.dll
0x00007ffb02f70000 - 0x00007ffb02fb5000 	C:\windows\SYSTEM32\icm32.dll
0x00007ffb4ed10000 - 0x00007ffb4ed1e000 	C:\Program Files\Pylo\MCreator\jdk\bin\sunmscapi.dll
0x00007ffb78910000 - 0x00007ffb78937000 	C:\windows\SYSTEM32\ncrypt.dll
0x00007ffb788d0000 - 0x00007ffb7890b000 	C:\windows\SYSTEM32\NTASN1.dll
0x00007ffb4ed00000 - 0x00007ffb4ed09000 	C:\Program Files\Pylo\MCreator\jdk\bin\extnet.dll
0x00007ffaf4a70000 - 0x00007ffaf4c07000 	C:\Users\anime\AppData\Local\Temp\lwjglanime\3.3.1-build-7\OpenAL.dll
0x00007ffb6b010000 - 0x00007ffb6b099000 	C:\windows\System32\MMDevApi.dll
0x00007ffac7d90000 - 0x00007ffac7f1e000 	C:\windows\System32\Speech\Common\sapi.dll
0x00007ffafaf20000 - 0x00007ffafaf2b000 	C:\windows\SYSTEM32\msdmo.dll
0x00007ffaf86b0000 - 0x00007ffaf86ce000 	C:\windows\SYSTEM32\MSACM32.dll
0x00007ffb4d0e0000 - 0x00007ffb4d106000 	C:\windows\SYSTEM32\winmmbase.dll
0x00007ffb71010000 - 0x00007ffb71017000 	C:\windows\system32\wshunix.dll
0x00007ffb6ac80000 - 0x00007ffb6ae01000 	C:\windows\SYSTEM32\AUDIOSES.DLL
0x00007ffb76290000 - 0x00007ffb762a4000 	C:\windows\SYSTEM32\resourcepolicyclient.dll

dbghelp: loaded successfully - version: 4.0.5 - missing functions: none
symbol engine: initialized successfully - sym options: 0x614 - pdb path: .;C:\Program Files\Pylo\MCreator\jdk\bin;C:\windows\SYSTEM32;C:\windows\WinSxS\amd64_microsoft.windows.common-controls_6595b64144ccf1df_6.0.19041.4355_none_60b8b9eb71f62e16;C:\Program Files\Pylo\MCreator\jdk\bin\server;C:\Users\anime\AppData\Local\Temp\lwjglanime\3.3.1-build-7;C:\windows\System32\DriverStore\FileRepository\nvinig.inf_amd64_d1b1c3390c3c0e52;C:\Users\anime\AppData\Local\Temp\jna-92962932;C:\ProgramData\Microsoft\Windows Defender\Platform\4.18.24090.11-0;C:\windows\System32\Speech\Common

VM Arguments:
jvm_args: -Dforge.enableGameTest=true -Dforge.logging.console.level=debug -Dforge.logging.markers=REGISTRIES -DignoreList=bootstraplauncher,securejarhandler,asm-commons,asm-util,asm-analysis,asm-tree,asm,JarJarFileSystems,client-extra,fmlcore,javafmllanguage,lowcodelanguage,mclanguage,forge- -Djava.net.preferIPv6Addresses=system -DlegacyClassPath.file=C:\Users\anime\MCreatorWorkspaces\simplenukes\build\classpath\runClient_minecraftClasspath.txt -DmergeModules=jna-5.10.0.jar,jna-platform-5.10.0.jar --module-path=C:\Users\anime\.mcreator\gradle\caches\modules-2\files-2.1\cpw.mods\bootstraplauncher\1.1.2\c546e00443d8432cda6baa1c860346980742628\bootstraplauncher-1.1.2.jar;C:\Users\anime\.mcreator\gradle\caches\modules-2\files-2.1\cpw.mods\securejarhandler\2.1.10\51e6a22c6c716beb11e244bf5b8be480f51dd6b5\securejarhandler-2.1.10.jar;C:\Users\anime\.mcreator\gradle\caches\modules-2\files-2.1\org.ow2.asm\asm-commons\9.5\19ab5b5800a3910d30d3a3e64fdb00fd0cb42de0\asm-commons-9.5.jar;C:\Users\anime\.mcreator\gradle\caches\modules-2\files-2.1\org.ow2.asm\asm-util\9.5\64b5a1fc8c1b15ed2efd6a063e976bc8d3dc5ffe\asm-util-9.5.jar;C:\Users\anime\.mcreator\gradle\caches\modules-2\files-2.1\org.ow2.asm\asm-analysis\9.5\490bacc77de7cbc0be1a30bb3471072d705be4a4\asm-analysis-9.5.jar;C:\Users\anime\.mcreator\gradle\caches\modules-2\files-2.1\org.ow2.asm\asm-tree\9.5\fd33c8b6373abaa675be407082fdfda35021254a\asm-tree-9.5.jar;C:\Users\anime\.mcreator\gradle\caches\modules-2\files-2.1\org.ow2.asm\asm\9.5\dc6ea1875f4d64fbc85e1691c95b96a3d8569c90\asm-9.5.jar;C:\Users\anime\.mcreator\gradle\caches\modules-2\files-2.1\net.minecraftforge\JarJarFileSystems\0.3.19\2464eb7d6b9ddb9db36a82cf8a95193e5c6fe020\JarJarFileSystems-0.3.19.jar --add-modules=ALL-MODULE-PATH --add-opens=java.base/java.util.jar=cpw.mods.securejarhandler --add-opens=java.base/java.lang.invoke=cpw.mods.securejarhandler --add-exports=java.base/sun.security.util=cpw.mods.securejarhandler --add-exports=jdk.naming.dns/com.sun.jndi.dns=java.naming -XX:HeapDumpPath=MojangTricksIntelDriversForPerformance_javaw.exe_minecraft.exe.heapdump -Dfile.encoding=UTF-8 -Duser.country=US -Duser.language=en -Duser.variant 
java_command: cpw.mods.bootstraplauncher.BootstrapLauncher --launchTarget forgeclientuserdev --version MOD_DEV --assetIndex 5 --assetsDir C:\Users\anime\.mcreator\gradle\caches\forge_gradle\assets --gameDir . --fml.forgeVersion 47.2.0 --fml.mcVersion 1.20.1 --fml.forgeGroup net.minecraftforge --fml.mcpVersion 20230612.114412
java_class_path (initial): C:\Users\anime\MCreatorWorkspaces\simplenukes\build\classes\java\main;C:\Users\anime\MCreatorWorkspaces\simplenukes\build\resources\main;C:\Users\anime\.mcreator\gradle\caches\forge_gradle\minecraft_user_repo\net\minecraftforge\forge\1.20.1-47.2.0_mapped_official_1.20.1\forge-1.20.1-47.2.0_mapped_official_1.20.1-recomp.jar;C:\Users\anime\.mcreator\gradle\caches\forge_gradle\minecraft_repo\versions\1.20.1\client-extra.jar;C:\Users\anime\.mcreator\gradle\caches\modules-2\files-2.1\net.minecraftforge\fmlearlydisplay\1.20.1-47.2.0\4c56a03dcedcb909c7eaa8469dd5a36c493a0008\fmlearlydisplay-1.20.1-47.2.0.jar;C:\Users\anime\.mcreator\gradle\caches\modules-2\files-2.1\net.minecraftforge\javafmllanguage\1.20.1-47.2.0\7f9181f85acc66547685a72020713fc8cbde98\javafmllanguage-1.20.1-47.2.0.jar;C:\Users\anime\.mcreator\gradle\caches\modules-2\files-2.1\net.minecraftforge\lowcodelanguage\1.20.1-47.2.0\7872f5205685fdd26fae39b1be79b0e60ca5b7bd\lowcodelanguage-1.20.1-47.2.0.jar;C:\Users\anime\.mcreator\gradle\caches\modules-2\files-2.1\net.minecraftforge\mclanguage\1.20.1-47.2.0\d501d161cabed08b3c139a2c6217b02a39f3c3e9\mclanguage-1.20.1-47.2.0.jar;C:\Users\anime\.mcreator\gradle\caches\modules-2\files-2.1\net.minecraftforge\fmlcore\1.20.1-47.2.0\ffd3c6debac0a388c9e33ac43c9f5eafb91cb466\fmlcore-1.20.1-47.2.0.jar;C:\Users\anime\.mcreator\gradle\caches\modules-2\files-2.1\net.minecraftforge\fmlloader\1.20.1-47.2.0\7811231940c0a8b6008453bbc64fdf7fa1280fe9\fmlloader-1.20.1-47.2.0.jar;C:\Users\anime\.mcreator\gradle\caches\modules-2\files-2.1\net.minecraftforge\JarJarSelector\0.3.19\376cc9c8ea60720cf027c01fc033de915699801c\JarJarSelector-0.3.19.jar;C:\Users\anime\.mcreator\gradle\caches\modules-2\files-2.1\net.minecraftforge\JarJarMetadata\0.3.19\83feaa9b770e6ac0e96ee4fc23fa89325c5fe2\JarJarMetadata-0.3.19.jar;C:\Users\anime\.mcreator\gradle\caches\modules-2\files-2.1\com.google.guava\guava\31.1-jre\60458f877d055d0c9114d9e1a2efb737b4bc282c\guava-31.1-jre.jar;C:\Us
Launcher Type: SUN_STANDARD

[Global flags]
     intx CICompilerCount                          = 4                                         {product} {ergonomic}
     uint ConcGCThreads                            = 2                                         {product} {ergonomic}
     uint G1ConcRefinementThreads                  = 8                                         {product} {ergonomic}
   size_t G1HeapRegionSize                         = 2097152                                   {product} {ergonomic}
    uintx GCDrainStackTargetSize                   = 64                                        {product} {ergonomic}
    ccstr HeapDumpPath                             = MojangTricksIntelDriversForPerformance_javaw.exe_minecraft.exe.heapdump         {manageable} {command line}
   size_t InitialHeapSize                          = 264241152                                 {product} {ergonomic}
   size_t MarkStackSize                            = 4194304                                   {product} {ergonomic}
   size_t MaxHeapSize                              = 4208984064                                {product} {ergonomic}
   size_t MaxNewSize                               = 2524971008                                {product} {ergonomic}
   size_t MinHeapDeltaBytes                        = 2097152                                   {product} {ergonomic}
   size_t MinHeapSize                              = 8388608                                   {product} {ergonomic}
    uintx NonNMethodCodeHeapSize                   = 5839372                                {pd product} {ergonomic}
    uintx NonProfiledCodeHeapSize                  = 122909434                              {pd product} {ergonomic}
    uintx ProfiledCodeHeapSize                     = 122909434                              {pd product} {ergonomic}
    uintx ReservedCodeCacheSize                    = 251658240                              {pd product} {ergonomic}
     bool SegmentedCodeCache                       = true                                      {product} {ergonomic}
   size_t SoftMaxHeapSize                          = 4208984064                             {manageable} {ergonomic}
     bool UseCompressedClassPointers               = true                           {product lp64_product} {ergonomic}
     bool UseCompressedOops                        = true                           {product lp64_product} {ergonomic}
     bool UseG1GC                                  = true                                      {product} {ergonomic}
     bool UseLargePagesIndividualAllocation        = false                                  {pd product} {ergonomic}

Logging:
Log output configuration:
 #0: stdout all=warning uptime,level,tags
 #1: stderr all=off uptime,level,tags

Environment Variables:
JAVA_HOME=C:\Program Files\Pylo\MCreator\jdk
PATH=C:\Program Files (x86)\Razer Chroma SDK\bin;C:\Program Files\Razer Chroma SDK\bin;C:\Program Files (x86)\Razer\ChromaBroadcast\bin;C:\Program Files\Razer\ChromaBroadcast\bin;C:\Program Files\Common Files\Oracle\Java\javapath;C:\Windows\system32;C:\Windows;C:\Windows\System32\Wbem;C:\Windows\System32\WindowsPowerShell\v1.0\;C:\Windows\System32\OpenSSH\;C:\Program Files (x86)\NVIDIA Corporation\PhysX\Common;C:\Program Files\NVIDIA Corporation\NVIDIA NvDLISR;C:\windows\system32\config\systemprofile\AppData\Local\Microsoft\WindowsApps;C:\Program Files\dotnet\;C:\Users\anime\AppData\Local\Programs\Python\Python311\Scripts\;C:\Users\anime\AppData\Local\Programs\Python\Python311\;C:\Users\anime\AppData\Local\Microsoft\WindowsApps;C:\Users\anime\AppData\Local\Programs\Microsoft VS Code\bin;C:\Users\anime\AppData\Local\Programs\Python\Python311\Scripts\;C:\Users\anime\AppData\Local\Programs\Python\Python311\;C:\Users\anime\AppData\Local\Microsoft\WindowsApps;;C:\Users\anime\AppData\Local\Programs\Microsoft VS Code\bin;C:\Program Files\Pylo\MCreator\jdk\bin
USERNAME=anime
OS=Windows_NT
PROCESSOR_IDENTIFIER=Intel64 Family 6 Model 140 Stepping 1, GenuineIntel
TMP=C:\Users\anime\AppData\Local\Temp
TEMP=C:\Users\anime\AppData\Local\Temp



Periodic native trim disabled


---------------  S Y S T E M  ---------------

OS:
 Windows 10 , 64 bit Build 19041 (10.0.19041.5438)
OS uptime: 0 days 6:21 hours
Hyper-V role detected

CPU: total 8 (initial active 8) (4 cores per cpu, 2 threads per core) family 6 model 140 stepping 1 microcode 0x78, cx8, cmov, fxsr, ht, mmx, 3dnowpref, sse, sse2, sse3, ssse3, sse4.1, sse4.2, popcnt, lzcnt, tsc, tscinvbit, avx, avx2, aes, erms, clmul, bmi1, bmi2, adx, avx512f, avx512dq, avx512cd, avx512bw, avx512vl, sha, fma, vzeroupper, avx512_vpopcntdq, avx512_vpclmulqdq, avx512_vaes, avx512_vnni, clflush, clflushopt, clwb, avx512_vbmi2, avx512_vbmi, hv
Processor Information for all 8 processors :
  Max Mhz: 2803, Current Mhz: 2803, Mhz Limit: 2803

Memory: 4k page, system-wide physical 16050M (323M free)
TotalPageFile size 34319M (AvailPageFile size 52M)
current process WorkingSet (physical memory assigned to process): 2504M, peak: 2504M
current process commit charge ("private bytes"): 3814M, peak: 3948M

vm_info: OpenJDK 64-Bit Server VM (17.0.10+7) for windows-amd64 JRE (17.0.10+7), built on Jan 16 2024 23:25:11 by "admin" with MS VC++ 16.10 / 16.11 (VS2019)

END.
